,12.5fmol_C1,12.5fmol_C10,12.5fmol_C2,12.5fmol_C4,12.5fmol_C5,12.5fmol_C8,12.5fmol_Ro,25fmol_semtumor_S09,25fmol_semtumor_S36,25fmol_semtumor_S49,25fmol_semtumor_S57,25fmol_semtumor_S61,25fmol_semtumor_S64,25fmol_semtumor_S68,25fmol_semtumor_T16,50fmol_T1T2_S17,50fmol_T1T2_S57,50fmol_T1T2_S77,50fmol_T1T2_T12,50fmol_T1T2_T20,50fmol_T1T2_T22,50fmol_T1T2_T23
genes,12.5fmol,12.5fmol,12.5fmol,12.5fmol,12.5fmol,12.5fmol,12.5fmol,25fmol,25fmol,25fmol,25fmol,25fmol,25fmol,25fmol,25fmol,50fmol,50fmol,50fmol,50fmol,50fmol,50fmol,50fmol
A0A024R6X1_CES2,22.49417,23.05786,21.99359,23.39074,22.77583,22.99435,21.84575,22.78686,22.90042,22.1739,0,22.37528,21.78947,24.26234,21.79674,0,22.69447,0,22.14513,22.64287,21.99931,23.48038
A0A075B6L0_IGLC3,29.75856,29.05564,29.39358,29.25451,29.72441,30.26819,30.07763,29.94,30.22871,29.49846,30.3954,31.51484,30.16878,28.82256,30.18966,28.92357,29.62836,30.55773,30.09371,28.54326,29.00525,29.28335
A0A087WVW2_IGHG3,24.88832,26.17986,25.51208,26.24291,25.59118,26283,26.36281,26.85614,30.05038,26.23429,28.13448,28.47896,26.13338,27.35976,27.17016,27.05703,28.48443,27.77147,26.54572,26.00928,26.60272,27.3554
P06331,22.04584,21.56444,21.47041,21.81886,22.6548,22.12906,22.40413,0,21.41013,21.59687,22.14774,20.88859,22.28534,21.41777,22.21324,21.68974,21.29306,22.8742,22.40424,0,22.17594,21.49833
A0A075B6R9,20.58077,21.35159,0,21.15307,22.13856,21.35628,22.27975,21.70969,24.27973,20.98871,21.36506,25.20851,20.98329,21.72363,20.58123,20.18894,21.28675,21.48841,21.16515,0,21.63432,20.54557
A0A087WSX4,21.49395,20.85863,0,20.91627,21.49722,22.24467,22.31979,20.13971,22.69916,21.26934,0,23.91095,21.65905,21159,21.28563,21.22788,22.07002,24.03187,22.0806,0,21.61185,0
A0A087WT59_TTR,21.59523,20.46364,0,21.90958,0,23.50094,22.37724,22.56023,22.22317,23.05543,23.08623,22.2845,21.49277,20.35703,23.89587,0,23.4742,23.77585,22.38058,0,21.94249,23.46426
P19823_ITIH2,22.55192,0,22.07878,0,0,20.56104,22.18026,21.22359,23.79709,21.55936,0,0,0,20.90051,23.11094,21.66423,23.63412,22.20305,22.20174,0,22.36383,0
A0A087WX49_IGLL5,22.22173,23.27824,23.72338,23.99524,24.33047,24.41015,24.03297,24.14305,24.85928,22.35824,24.40152,26.00385,24.05796,23.98146,22.84282,23.59742,23.77966,24.50815,24.27782,21.07568,25.82384,23.32347
A0A0A0MS15,22.41031,21.69884,22.45483,22.26731,22.58841,21.43878,22.52337,21.65609,20.98364,21.9259,22.09841,25.76299,22.38329,21.58197,22.19289,21.6847,21.60625,21.36634,21.7157,22.62618,22.62861,21.4709
A0A087WV47_IGHG1,28.12445,28.69086,26.96994,28.28925,27.79965,29.49821,28.14662,31.31019,31.54416,28.54156,29.73025,30.24751,27.73931,29.73236,29.27985,29.30459,30.08068,30.87701,29.09172,27.35943,29.25208,29.81871
A0A087WW89,28.0774,27.15991,27.30408,26.60371,28.62951,27467,27.73937,27.42109,27.98625,26.93213,27.63222,28.92516,27.8259,27.21531,27.30835,26.79017,26.62282,27.48631,27.90098,27.99118,27.99615,26.55289
P06753_2_TPM3,24.91379,27.17731,24.9308,25.70319,24.79015,25.51767,25.87807,23.35984,24.45839,25.74168,24.56413,23.55462,25.58678,24.19543,25.74242,27.06599,25.51941,25.56651,25.43644,27.56275,25.42864,23.75929
Q9Y6R7_FCGBP,0,23.28263,23.48013,0,25.35225,23.38166,21.94149,0,0,22.12146,25.18507,22.73084,22.54399,22.64055,23.96992,21.66049,22.42916,22.49365,23.4424,22.70641,0,24.0974
A0A087WZH9,22.44912,21.1994,21.6054,21.90021,21.95049,22.70181,22.68684,22.67554,22.84007,21.97872,23.15405,22.70284,22.8068,23.16134,22.22853,22.89903,23.23681,23.6971,22.01114,21.58806,23.55344,22.5656
A0A087WZM2_RNASET2,22.3538,22.16463,22.34232,22.02052,22.63655,21.02803,22.70126,0,19.83453,23.65731,22.46064,22.42378,22.54465,22.9196,22.09787,21.88985,21.98565,21.94181,21.92419,0,20.85118,21.03805
A0A087WZW8,31.09936,30.49762,30.29439,30.37472,31.58217,31.00223,30.91848,31.63815,31.68683,30.51766,31.10631,32.00935,31.18453,30.73425,30.69528,30.34657,30.62636,31.44786,31.24864,30.5819,31.72688,30.26293
A0A087X130,26.02735,25.40152,25.00513,24.98594,26.41918,25.83896,24.77535,23.97727,26.77115,24.83716,25.23714,21.42327,26.09559,25.26399,25.89899,0,25.14872,26.51438,26.04049,0,26.19143,25.32855
A0A075B6P5,27.30965,26.40834,26.97651,26.40111,27.62916,27.68899,27.29448,25.31776,26.93134,24.88651,25.67058,26.73982,24.75547,27.29386,25.95956,26.32279,26.09366,27.44695,26.60031,27.31277,26.80919,26.20885
A0A087X2C0,25.65927,28.66587,25.98642,26.11973,28.51281,26.92649,28.75656,27.69272,28.93284,25.32968,27.29342,27.73447,26.8925,32.12417,27.17883,26.26143,26.83485,27.82402,27.18764,27.38542,26.34623,26.02249
Q06830_PRDX1,26.27611,26.35948,25.64878,26.63048,24.09039,24.4197,25.30462,23.3317,24.79203,25.02433,23.09083,23.59012,24.1453,26.43598,23.85329,23.84623,26.12035,24.23805,24.19806,24.3575,24.83007,26.23129
P13797_PLS3,20.0462,21.71142,0,20.56987,0,19.97225,20.58068,0,23.14619,21.46139,0,20.54274,20.72201,20.46563,20.86136,20.53488,22.91964,0,0,20.98343,21.32647,20.40925
A8K2U0_A2ML1,24.82765,27.11991,26.7543,26.61063,24.30939,25.97596,26.77354,26.53045,25.84108,25.54233,25.72231,25.56119,26.51847,28.2332,25.03103,0,26.82177,24.5313,25.99593,26.94971,25.06217,27.52328
P08670_VIM,24.61611,28.20116,25.31347,27.74926,23.41145,26.95094,25.10749,23.59389,22.55171,24.4861,24.34908,23.62266,26.81323,23.91944,27.78444,27.68291,24.82411,25.21601,24.72234,27.16048,26.8447,22.46712
P15153_RAC2,0,21.39441,23.13715,22.41323,0,21.48522,24.41506,21.14102,22.99376,24.15205,22.62745,21.26894,23.41584,21821,22.72151,22.43497,22.60264,22.81878,22.82501,22.27313,23.27355,21.83588
P09429_HMGB1,22.94138,23.95296,23.65392,22.83353,0,23.25681,23.19691,0,22.39257,23.87352,0,0,0,22.69872,22.68344,23.10641,23.0756,22.86096,22.85835,23.92406,23.23643,22.87701
P62258_YWHAE,23.93256,23.27711,23.49704,24.25803,0,23.25839,24.84489,23.05595,22.95093,23.31921,22.27398,21.90536,22.4551,22.30034,22.2944,22.70079,22.82118,22.74207,22.62326,24.8699,23.59423,0
B4E1Z4_CFB,0,21.97442,0,22.01137,0,22.63318,23.41313,23.32773,25.69328,23.16028,23.66687,23.77062,0,23.46476,24.04068,23.8956,24.3908,23.99826,22.3942,22.9823,23.03184,0
B5MDF5_RAN,0,22.64922,21.52593,22.84891,0,21.5346,22.02965,0,21.35547,22.38659,0,0,21.67878,22.11937,21.67521,22.03268,21.94774,20.79329,21.53193,22.09799,20.34765,0
B7Z6Z4_MYL6,23.7686,24.39637,23.94905,24.40626,22.02979,24.15846,25.93885,21.90349,22.07803,23.13377,21.31562,20.30285,23.28673,22.90261,22.70271,23.7168,24.64334,22.46576,0,21.70151,23.47655,0
P06454_PTMA,0,21.98169,0,20.59368,0,22.26181,0,0,0,21.4978,0,0,21.87354,21.44253,0,0,0,0,21.59122,23.85243,21.18071,22.91024
P40925_3_MDH1,21.58504,21.35461,21.73781,22.99843,22.00611,21.35256,22.38303,22.2105,23.15108,21.90364,21.79836,22.34725,22.23269,24.55356,0,21.83915,22.87373,21.53203,22.03892,22065,21.10181,22.43794
P51149_RAB7A,0,22.3765,0,22.0466,0,22.88972,21.44319,23.43606,21.85582,24.53356,23.78835,23.4545,21.59282,21.22576,22.25096,22.27858,22.21724,0,23.3254,22.38845,22.32336,22.57798
C9JC84_FGG,21.39142,24.66823,23.4462,22.44149,22.34232,25.26646,24.16323,21.91954,27.19357,24.35219,24.07227,26.07849,23.9898,24.74212,24.9646,27.7335,25.06431,27.1205,26.17501,23.91834,24.5128,23.04562
P19971_2_TYMP,21.46797,21.8027,0,22.37194,0,0,22.35208,0,20.99631,22.87789,0,0,21.45628,25.14071,0,21.5326,22.39244,19.85583,0,22.32028,21.39608,0
Q9UG63_2_ABCF2,23.08971,21.96997,0,0,23.40808,0,18.41625,23.99749,0,0,0,23.28433,0,22.36983,0,0,22.55429,0,24.44493,0,23.87923,23.27099
P30838_ALDH3A1,25.09804,21.93991,22.54291,24.66682,23.36373,23.3948,22.76632,22.15484,22.54898,23.05373,21.8247,21.71875,0,22.4937,20.71674,0,22.84309,22.50891,0,23.39898,21.69541,25.68568
C9JV77_AHSG,0,23.02061,24.46108,24.05796,23.26342,23.61032,25.41361,24.44063,26.10121,22.95434,26.06244,22.84785,21.57006,22.90591,25.52391,24.51244,25.18967,25.73846,24.75333,25.92379,24.43358,27.26105
O15145_ARPC3,0,21.80526,20.6696,21.49512,0,20.52076,22.65467,0,20.84995,23.05733,0,20.44738,20.92789,20.6838,19.61268,21.2304,20.45543,20.8495,21.07725,0,20.36549,0
CON__P00761,32.29195,30.59174,31.28135,30.70849,32.30452,31.39596,31.14407,31.90013,30.18021,30.80101,30.08917,31.22389,30.73513,29.61205,30.53631,31.92153,30.21732,31.55728,32.7031,32.0842,31.50043,31.55723
CON__P01966,24.68966,31.40472,23.11149,27.21614,24.09893,27.92846,22.30062,28.62153,27.99016,26.77329,24.39441,0,24.52079,26.90976,27.33398,27.6618,26.2714,27.63734,29.18168,28.42001,25.78938,26.75047
CON__P02538_KRT6A,31.08689,24.80632,31.00001,25.51373,25.91691,25.66544,28.79829,25.36242,25.44376,24.08602,23.0492,27.37285,25.38663,26.87666,24.02471,26.22577,32.37231,23.95225,25.32906,25.96768,26.24151,25.18794
CON__P02768_1_ALB,32.52678,33.1657,32.00092,33.4746,32.61173,33.93025,33.20353,35.51864,35.75809,34.05342,34.94751,33.46794,32.79761,33.88731,34.92003,34.17333,34.22051,34.08012,34.5491,33.55202,34.16564,35.97918
P02769_BSA,28.57409,26.90896,27.83792,26.90793,28.07755,27.44095,26.49899,29.32907,28.73538,27.50347,29.03005,28.11912,28.50294,27.26329,28.06825,29.33426,28.54399,29.19667,30.74383,30.22688,29.81546,29.58604
CON__P08779_KRT16,28.60827,26.37043,28.30099,25.12175,23.16157,25.88148,25.09442,0,26.67667,23.47209,23.19331,24.53937,25.16246,26.98566,24.65938,26.49496,29.92309,26.10464,26.28244,24.91488,27.52425,0
CON__P13645_KRT10,25.31202,25.4651,26.47209,22.57082,24.59548,24.85946,22.3965,24.49473,23.94842,24.08958,23.90178,25.35485,23.38916,22.83246,23.89587,24.47141,27.54274,24.61167,26.24367,24.41132,23.87361,24.29929
CON__P13646_1,30.9926,26.5528,31.44608,24.29936,24.29551,22.41294,28.83026,26.97836,24.92588,25.14429,25.98527,27.15605,22.65163,26.65417,26.22122,26.49215,32.5466,23.63854,23.68699,26.94201,25.75292,0
CON__P35527_KRT9,21.6344,19.74361,18.41382,0,0,23.58245,21.59537,0,21.87995,23.55882,23.30633,23.76385,22.44005,22.45485,21.28788,20.95419,21.49507,24.10093,21.81073,0,0,23.40276
CON__P60712_ACTB,26.91274,27.44348,26.26607,26.78631,25.54884,26.64664,25.43832,24.7753,23.76446,26.45359,25.02111,23.87145,26.85745,25.38321,26.07267,26.53554,25.42682,25.37746,25.44919,27.10129,25.58454,24.00256
CON__Q3MHH8,22.4072,25.77128,25.92105,23.97044,26.5188,20.43787,30.04505,26.75697,21.97463,21.51567,26.32672,25.83372,29.57452,16.97017,27.70477,24.64977,23.56744,23.39598,20.11057,23.91889,19.4171,24.03498
O75083_WDR1,0,0,20.85064,0,0,21.59446,22.08229,0,21.18265,20.83707,21.07581,20.86612,20.79122,20.91123,20.75132,21.21531,21.67595,21.16208,0,0,21.25234,0
D6RF35_GC,24.1027,24.75797,22.79148,24.7454,24.7686,25.10605,25.22751,27.0258,28.25939,24.19558,26.82505,25.12786,25.48056,26.52246,26.8629,26.84182,26.71175,26.02011,26.00569,25.96495,25.46058,26.18128
E5RHG6_TBCA,21.11959,21.54472,21.04627,21.9577,0,22.15814,21.17871,21.09681,22.55574,23.06017,20.77555,20.98238,21.41864,22.54005,21.63507,21.99783,21.10546,20.30263,21.60418,22.97392,21.62983,22.99821
E7EQR4_EZR,21.40515,21.14351,0,21.55169,21.73285,21.20628,21.40447,21.48729,21.42941,21.73603,0,21.96038,21.37613,22.51094,21.1175,0,21.90036,21.28314,0,0,21.59031,20.89386
P02788_LTF,29.92266,30.52906,30.81917,31.04218,29.95199,31.5027,31.47213,27.69372,28.22394,30.47092,29.98346,30.77722,29.77645,31.69582,30.56638,31.11067,30.19284,31.56806,28.37119,29.65062,30.47547,28.83337
E7EX29_YWHAZ,26.12082,25.62984,26.29969,27.40462,24.4188,26.1745,25.43962,25.53112,26.28611,26.73324,24.46563,24.87755,25.90573,24.90853,25.70535,26.74484,26.34562,24.73542,25.50127,24.69859,26.1837,0
P04406_GAPDH,25.33902,27.07184,26.6277,28.30539,26.25753,27.40981,27.74413,24.99438,26.4148,25.15352,25.17722,25.35703,26.89931,27.04187,26.74201,25.57626,26.63755,25.86335,26.14104,27.31527,25.86103,26.81531
P11413_2_G6PD,21.00216,22.95184,22.01655,23.04198,0,22.47541,23.13745,0,21.96846,23.68891,0,20.50601,22.94011,21.65718,22.47959,23.37053,22.31282,21.52936,23.51797,22.34248,22.27991,0
P55786_NPEPPS,19.72674,20.92665,19.85266,22.35464,19.39981,20.17365,0,0,21225,21.67116,0,19.78584,20.47308,21.68556,20.2287,19.3675,21.95063,19.22442,0,20.50659,20.11413,0
O00764_PDXK,19.05497,21.26436,0,19.74827,19.25834,19.90048,19.59036,18.4716,17.3611,0,0,0,20.30563,19.11281,19.99397,19.87685,19.33628,18.4739,0,19.51688,18.74701,0
P0C0L5_C4B,22.70626,22.72284,21.71222,22.73944,21.27498,22.09281,23.51953,22.51181,25.74463,23.60399,24.47834,23768,21.15171,25.66368,23.5708,23.45538,25.59412,23.05106,23.33115,22.20419,23.11701,22.15814
P22079_LPO,27.45998,26.43908,28.1736,27.9701,28.53542,26.86561,28.61362,25.85069,24.77746,27.69896,27.88023,27.92592,27.91946,28.50688,26.92377,27.39452,25.98244,26.40074,25.92384,26.35111,25.71599,25.48145
P61160_2_ACTR2,0,22.36119,0,23.72723,0,21.77941,22.88385,0,21.8987,23.19141,20.94063,0,21.46354,21.58072,21.23602,22.24342,22.19928,21.68581,0,21.97509,0,0
Q14697_2_GANAB,0,21.24191,21.03154,21.45156,21.05019,20.7348,21.35154,0,20.1029,20.73529,20.85217,20.71749,20.6734,20.86831,20.6035,20.90779,20.70007,20.24377,20.4401,0,21.24162,0
P09382_LGALS1,0,20.91284,0,20.00553,0,20.35348,0,0,21.23128,20.08926,0,0,21.35606,21.7704,0,23.11353,20.13583,20.14992,0,22.77925,23.06963,0
P17858_PFKL,0,21.84445,20878,0,0,21.89722,21.38147,20.07117,0,0,0,0,21.43273,19.8715,21.52784,21.43166,21.72351,20.05788,0,23.24185,21.47872,0
P06576_ATP5B,22.07852,21.79511,22.22623,21.21632,0,22.51222,21.04946,0,0,21.95762,23.02586,20.30519,24.68212,23.21969,22.9544,24.51809,22.91661,20.6611,23.94002,0,0,0
Q9NZL9_MAT2B,27.13516,26.62422,27.12228,26.72143,27.21632,26.52782,26.9257,0,26.8962,25.67295,26.19729,25.76797,26.78344,26.43411,26.12159,25.67484,26.24706,25.87514,25.05507,26.1842,25.47602,24.17889
J3KPA1_CRISP3,26.69232,26.24102,27.07051,25.34898,27.15962,26.85424,27.25638,25.03343,24.51989,26.45908,26.83581,28.53423,27.1029,26.53951,26.62631,26.46834,26.52477,26.96455,26.14215,24.55339,26.18533,26.89516
P04075_2_ALDOA,25.93251,28.04515,26.24922,28.0316,26.20652,27.64794,24.48333,26.26107,26.64238,28.13717,25.62106,25368,26.82481,27.73738,26.76319,26.92456,26.07971,25.2163,25.7177,27.48777,26.74996,27.22536
P68431_HIST1H3A,28.18144,27.40414,27.29614,26.36311,25.6682,27.91644,25.25209,24.60235,24.48481,26.34751,25.67804,23.90894,26.54719,27.04177,26.63409,28.25205,25.98891,26.19127,25.28465,27.89902,27.65533,0
O00299_CLIC1,21.50062,23.15201,22.32345,24.17646,20.85217,22.85384,23.09624,0,22.51888,23.25609,21.36832,22.39877,23.22291,22.62328,22.49763,23.01089,24.00992,22.5276,20.95042,22.97232,23.69254,21.59318
O00391_QSOX1,23.1404,20.8016,23.1688,22.06609,22.78221,20.14358,23.16881,0,21.11165,20.3791,0,22.50186,20.4,22.46326,20.01114,20.68868,23.62109,21.27304,0,0,20.5172,0
O15511_2_ARPC5,0,23.59172,0,22.83677,0,22.54404,0,0,22.39713,23.45526,0,0,23.25811,22.3036,0,23.11339,22.78197,0,22.15289,22.67098,22.5377,23.04966
O43707_ACTN4,21.67038,21.90779,20.76377,22.25425,0,21.51027,21.61293,0,21.33085,0,0,20.44385,0,21.34949,21.78037,23.22985,23.28433,22.70891,21.7062,0,20.46294,0
O60888_2_CUTA,20.00113,20.1332,0,20.1835,20.49639,0,21.01073,0,19.06579,20.94306,19.56244,19.82563,20.38184,21.7536,19.8034,20.19893,0,19.79709,0,0,0,20.64342
O75594_PGLYRP1,23.24348,22.92234,23.28263,24.50628,23.02525,24.0231,23.22938,23.29053,23.11127,25.46026,23.25275,0,24.12274,21.74891,23.96146,22.89621,21.90533,22.89914,23.55473,0,23.13532,24.90054
O95274_LYPD3,22.3359,21.32707,21.21336,22.65644,21.4001,21.22882,20.70919,0,21.66245,21.31921,21.13828,23.28814,21.04913,22.79685,20.32817,0,21.79745,21.10002,21.09468,20.91152,0,0
O95336_PGLS,21.05669,20.79598,0,21.67668,20.68688,20.51316,21.20759,0,21.0749,21.59295,0,0,21.53512,21.52373,21.02296,21.20961,20.94814,20.31893,0,21.89571,21.1566,20.58233
P00330_ADH1,27.64286,26.94257,27.21178,26.74214,28.15132,27.16997,25.98553,29.43968,28.93061,28.02226,29.4544,28.77533,28.68706,27.46754,28.54668,29.89729,29.18987,29.61393,30.94077,30.61395,29.87291,29.72109
P00338_3_LDHA,24.34218,26.29978,25.11577,26.50446,25.97402,25.84984,23.86145,24.71633,24.61583,26.26505,24.61997,23.12506,25.78017,26.54579,25.31001,25.16135,24.73149,24.50015,24.52259,25.86649,24.99934,23.53469
P00450_CP,24.08999,22.99755,23.02943,24.42137,20.87837,24.09869,25.57525,26.12914,26.51839,24.22192,25.51123,25.9954,23.70662,26.06604,25.81663,27.53697,25.34624,24.88469,24.77977,23.77374,24.87023,25.88781
P00489_GPB,28.37638,27.25521,27.77643,27.68392,29.11235,27.76958,27.56326,29.70484,28.83503,28.26137,29.81075,29.2541,29.32002,27.90644,28.83732,29.78958,29.19084,29.5549,31.13259,30.75947,29.99645,29.87395
P00491_PNP,0,24.37882,22.07307,23826,22.63418,22.23847,22.83101,0,22.06313,24.16753,21.51836,22.2209,22.89195,22.85844,22.08819,23.18201,22.27827,22.26834,22.54246,23.58829,22.81257,0
P00558_PGK1,24.51081,27.26803,25.0466,27.4698,25.34547,26.68672,27.05776,24.28306,26.91923,28.28767,25.8354,24.70356,27.78675,26.27631,26.37317,26.62729,26.04829,25.35958,24.10374,26.4859,25.82364,26.08288
P00738_HP,28.00977,28.82848,26.36256,27.09476,26.23655,29.26172,27.90024,29.94712,31.32475,29.69126,29.20515,29.38317,28.79185,29.24654,31.31889,31.62888,29.64552,30.53018,30.29154,28.85784,27.7213,29611
P00924_ENO1,28.03391,27.15846,28.03449,27.09628,28.97897,26.86997,27.13497,28.95494,27.91957,27.60215,29.26676,28.24744,28.82077,27.44711,28.55921,28.99518,28.31445,28.38035,30.54858,30.05349,29.01172,29.44902
P01008_SERPINC1,22.49543,21.07894,21.25448,20.99521,0,21.78449,22.5331,22.65594,24.63727,21.67349,22.91105,22.89676,21.92125,22.77117,22.94926,23.6871,23.49753,23.2111,22.63358,23.04848,20.89556,23.53255
P01009_SERPINA1,0,18.76078,20.18277,19.15573,21.12566,20.89223,27.28912,25.65138,30.46684,23.65228,27.11714,28.64303,21.50048,27.26033,23.15883,24.53765,27.92343,27.7564,23.28065,21.17035,23.71366,26.17451
P01023_A2M,26.97727,27.26705,25.55508,26.96091,25.62101,29.06792,26.50503,31.26573,31.43659,29.61126,28.43102,27.95333,27.33211,27.69962,28.91519,30.17474,28.36653,28.78179,28.78672,28.13888,29.63689,29.52971
P01024_C3,25.2753,26.33458,24.91971,25.85538,24.29817,26.19627,26.48904,26.91251,28.17422,26.82177,27.42254,26.84995,25.93222,26.67761,27935,28.7888,27.25377,27.93613,27.22214,26.01555,26.9651,25.51337
P01033_TIMP1,22561,22.18846,24.58084,24.09595,23.48751,22.7939,24.4711,20.88398,21.32361,22.43726,23.12753,25.85381,23.25256,24.06571,21.81773,23.8042,24.20292,23.38824,0,0,22.15112,22.58509
P01034_CST3,26.29167,26.01984,27.33433,27.11575,27.08993,26.92999,25.98724,23635,23.91022,26.35023,27.04354,28.08548,26.93629,27.11188,25.48971,25.10633,26.09384,27.00078,23.71931,25.0632,24.69466,26.96069
P01036_CST4,31.44756,29.17662,32.92541,31.52468,32.08372,31.52122,32.29096,28.15393,0,26.64733,28.47154,31.21558,31.69971,28.50726,28.94266,28.54422,28.69992,32.17706,30.77698,30.93227,30.19108,28.55175
P01037_CST1,29.33211,28.13399,31.67645,30.88351,31.07482,29.5495,29.4862,27.26982,0,25.30973,27.09275,30.2867,30.81772,26.91969,27.66966,27.74291,27.02147,29.99375,28.82793,29.79911,28.40434,27.39877
P01042_2_KNG1,21.20771,21.36634,0,0,0,20.11946,23.42534,24.24561,25.81105,21.85285,23.12493,22.46727,0,22.75448,24.00015,23.97369,24.10462,22.99072,0,21.39833,21.90647,23.51881
P01591_IGJ,30.73287,30.09358,30.3241,29.70652,31.22481,30.52244,30.09081,29.86816,29.3753,29.21304,30.26874,31.05375,31.01498,27839,29.71066,28.46568,28.74175,30.02049,29.82666,30.21338,30.47894,27.90185
P01593,25.94971,24.36686,24.09063,0,24.95921,25.51761,21.88896,24.09861,25.10601,0,22.55763,0,24.01784,23.82677,23.04966,22.82943,21.67999,24.4632,24.27476,24.50118,25.48738,0
P01598,0,20.33134,19.93287,20.25327,19.87589,20.96543,21.8946,0,20.85924,0,0,21.71129,20.83221,20.41905,0,20.77708,21.51682,22.99276,21.20687,0,20.87117,0
P01616,21.33167,20.50911,0,19.76147,22.62266,19.12868,21.79642,20.92136,21.5276,20.82741,0,20.89896,0,20.65009,0,21.18107,20.43766,20.20443,0,21.18235,22.3085,20.17731
P01622,20.77056,0,21.55726,21.25448,22.58385,21.1465,22.00997,0,21.40426,20.64931,21.39393,22.28661,22.11235,21.45051,20.61836,21.0818,22.02069,21.51239,20.80294,0,22.11051,19.84526
P01623,28.81354,28.37414,27.94943,26.19221,28.34189,28.21711,27.94509,29.49183,28.75057,27.14831,27.34486,28.9907,27.90346,27.96999,27.52567,26.69378,27.35296,28.98362,28.17717,28.09089,29.02939,26.90782
P01624,0,18.9907,19.91778,22.83807,0,19.13966,20.0961,19.65632,22.93029,20.10482,21.67051,20.33309,20.94871,19.20436,0,19.64852,20.04953,23.07289,19.69376,0,20.97085,19.79559
P06314_IGKV4_1,24.08999,24.29004,23.13017,23.46936,24.9554,23.96834,25.45748,24.1187,24.96992,23.60885,24.23418,25.76083,24.32834,25.13285,23.76203,23.5285,24.54185,25.00397,24.23111,23.14467,24.8102,24.27533
P01714,23.22005,22.64621,22.36669,21.64496,23.16385,23.19179,23.0922,22.56709,23.55415,22.89719,23.37716,24.16292,23.33811,23.24547,23.61234,23.13535,24.2548,23.4737,21.74267,23.26141,23.08156,22.94721
P01717,24.2548,24.25674,22.85937,24.47957,24.57485,24.65469,23.1701,0,25.49518,24.4821,24.53611,25.55541,24.83113,24.86145,24.4393,23.29474,25.45168,23.66861,24.98464,25.62517,24.2062,23.23656
P01763,22.99034,22.84021,22.01124,22.35165,23.48763,23.20875,22.73378,21.54317,24.04602,21.26625,23.94789,23.33306,22.96483,23.06577,22.78063,22.47182,22.29044,22474,23.67487,23.00542,24.11878,22.99738
P01767,19.76236,20.5244,0,21.74776,22.07323,21.55515,20.75768,0,20.53022,19.29123,0,21.51783,21.88684,22.70322,18.95362,21.29238,19.93171,21.77844,0,20.38827,20.97407,0
P01779,25.80759,26.44826,25.56454,26.06466,27.00764,26.16196,26.65444,25.7237,26.46656,25.44278,26.19567,25.99697,26.40158,27.30713,25.96798,25.19348,25.80882,26.88809,25.53326,26.32841,25.90708,25.41548
P01780,20.8674,20.70151,0,0,0,20.28048,20.06474,20.08109,21.05039,0,21.08868,24.35394,20.73091,19.59956,21.04727,0,19.99383,20.14171,20.56216,0,0,20.79098
P01833_PIGR,30.1546,30.49181,30.40761,29.92507,30.62322,31.03728,31.60704,30.1471,29.67319,29.65671,30.64315,32.66924,31.22705,31.86327,30.06805,28.85073,29.83522,30.96065,30.83281,29.25226,30.39438,29.2194
P01859_IGHG2,25.64749,26.60597,25.97073,27.0403,26.33887,27.04833,26.2851,28.41203,29.06723,27.27044,27376,27.82287,26.4993,27.62352,27.80809,27.27932,28.40629,28.53241,26.99086,25.36383,28.88064,27.6977
P01861_IGHG4,21.15035,23.46688,21.25275,22.56749,21.8756,23.6767,23.39689,23.17684,23.68346,23.49802,24.53112,22.20568,22.94399,23.47321,23.05301,23.35609,25.10617,27834,22.2741,22.68138,25.01321,25.19843
P01876_IGHA1,33.1639,32.79987,32.80027,32.69979,33.8438,33.03106,33.42392,32.5882,32.76768,32.60605,33.49798,34.21103,33.80636,22.32918,32.91947,32.52367,32.37904,33.07011,32.8572,33.46405,33.23221,31.85649
P01877_IGHA2,30.08702,28.64389,29.59587,27.90747,30.13687,30.10425,30.30345,29.27662,28.05025,29.31984,29.89952,31.17451,30.18707,0,29.46429,27.6463,28.23777,29.78745,30.02419,27.67135,29.44678,27.57376
P02647_APOA1,21.94871,25.28771,25.39473,25.52779,25.2696,26.74291,28.58674,30.37213,30.97295,25.80838,28.62289,27.51788,25.84189,27.73473,29.23078,26.20023,28.65561,30.04022,27.09859,26.52465,27.93568,29.73001
P02671_FGA,22.14118,23.88353,23.07501,21.34245,0,24.78352,24.88999,23.15258,27.0626,24.07871,21.95759,25.67648,21.78572,24.26821,25.12321,27.46404,26.21806,26.31025,24.27227,23.44973,25.63423,25.01116
P02675_FGB,24.36666,25.24532,25.42224,25.16657,24.87783,25.85017,25.77183,22.37162,28498,26.36503,25.97406,27.15296,25562,25.61352,27.11357,28.52597,26.46862,27.49876,26.41377,25.0876,26.80723,25.93569
P02750_LRG1,23.4545,21.72376,20.92209,21.23298,23.65971,23.41158,23.24339,24.95331,27.18735,23.21122,23.66969,25.33115,21.50198,26.55998,23.75573,23.73242,23.08476,23.40198,23.62801,23.71858,23.01526,24.46488
P02753_RBP4,0,20.81261,21.6001,21.58706,0,21.28059,20.48099,0,24.6825,21.70527,21.42931,21.0454,0,22.79456,22.56484,23.37053,22.52236,21.82221,21.96088,21.76648,20.20216,23.30187
P02760_AMBP,0,20.75214,0,20.75197,0,22.1835,0,21.87331,23.34286,0,22.53576,21.50698,21.03127,21.55375,22.45571,22.56611,21.66835,22.82984,22.42864,21.70885,22.06171,0
P02763_ORM1,22.0695,25.0831,22.74561,23.82104,21.86098,24.7574,24.53184,23.46426,29.29748,26.14048,25.46871,27.11625,23.59787,23.72234,26.48878,28.46852,26.4168,26.75608,26.38859,21.87613,25.93562,27.53534
P02787_TF,27.94207,27.67633,26.66546,28.36536,27.66851,29.06337,28.96983,31.34197,31.46636,29.12886,30.31019,29.63355,28.19601,29197,30.56347,28.94604,29.84172,29.68291,29.91812,29.31862,29.1938,31.0803
P02790_HPX,23.0202,24.94002,24.03112,25.3049,23.83528,26.86266,25.57193,27.22564,28.68134,26.0303,27.12642,26.77102,24.73071,25.66595,27.44924,27.61006,26.87561,27.56449,26.05227,24.86835,25.67648,27.30173
P02814_SMR3B,0,0,29.59479,28.57199,29.78499,20.60132,31.90182,24.13915,24.87774,27.61034,29.88242,27.46956,30.08068,18.54638,27.75799,30.56247,30.30226,30.31668,28.63079,24.40756,24.2129,30.95213
P03973_SLPI,25.05043,23.81049,27.19554,23.14815,25.33528,25.09889,27.31242,23.18238,22.58925,23.43632,24.26642,27.26374,24.35897,24.70715,22.87776,24.11497,25.93836,25.44815,23.76213,22.3652,25.49528,21.1283
P04004_VTN,22.0808,20.96642,20.75393,21.05258,0,22.15922,22.75395,21.76846,21.78548,19.46465,21.31954,20.40873,20.52487,20.82283,22.81102,23.13569,22.66653,19.98746,0,22.9276,21.04354,0
P04040_CAT,25.78029,27.65144,23.54922,26.16523,24.11235,25.3808,25.01031,24.26392,25.10841,26.69962,24.82187,0,26.87162,23.60184,25.39774,26098,23.14532,23.92877,25.11406,26.3305,24.06751,25.70266
P04080_CSTB,28.60897,28.80827,28.60756,29.69637,27.75532,28.78874,26.66153,28.21452,27.7506,28.35716,27.84236,27.96389,27.79346,28.55486,27.7481,26.30855,28.22963,27.04364,27.30756,28.75002,27.74066,28.98709
P04083_ANXA1,27.95782,25.59149,29.51741,25.88821,23.56883,24.89587,27.45764,24.96023,23.75501,24.23191,25.32485,25.82369,25.44708,25.93603,24.82026,25764,30.57091,24.9581,25.59531,26.87326,25.96963,26.04327
P04196_HRG,0,18.12207,0,0,0,17.82582,19.08745,19.84331,21.07241,0,19.37715,19.08384,18.1567,18.87814,20.57348,20.31052,20.07379,20.59941,0,18.71559,19.82036,0
P04217_A1BG,24.6944,23.8292,23.35272,24.13258,0,24.63467,24.79169,25.97033,27.33253,24.87272,24.63262,24.12353,23.90729,25.39352,25.52214,24.84867,25.01184,25.0178,25.60518,24.47259,23.25911,25.80521
P04264_KRT1,26.03846,24.32292,26.62854,23.53517,23.73293,25.34685,25.23983,22.8369,24.48339,24.24264,24.4627,24.93944,23.66677,24.48468,24.43256,25.14223,28.25115,24.45858,26.12837,23.91843,23.13152,25.28842
P04280_PRB1,0,0,29.97117,27.93067,31.28019,0,23.27838,0,20.91225,27.77172,30.41599,25.54681,31.11017,0,31.89587,28.13907,26.85686,28.8962,32.83185,22.86299,22.4179,30.31495
P04745_AMY1A,35.08801,32.8868,35.14759,34.42104,36.25381,33.99446,35.65344,35.7225,32.42415,34.59641,36.54366,35.72222,36.07094,32.57761,34.9159,32.54573,33.82922,33.85043,34.56189,34.5984,35.31328,34.7753
P04792_HSPB1,26.29044,22.60356,26.6071,22.83863,23.06024,26.05712,26.53257,21.89026,23.44025,22.48908,22.37257,23.63279,22.31163,25.08188,21.90275,21.39263,28.40507,25.2221,23.78297,23.26599,24.8009,22.2364
P04899_4_GNAI2,0,22.19526,21.53588,21.40218,0,21.13101,22.49924,0,0,21.13859,20.92064,20.93308,22.31299,20.91656,0,22.01567,21.69119,21.06559,0,21.79578,21.14196,0
P05109_S100A8,28.88664,32.25839,30.37431,30.68295,27.11068,28.76869,31.0027,27.03055,30.2113,31.43405,29.92281,27.86479,29.60024,28.54745,30.68637,31.48265,30.82964,31.21761,30.76888,27.01776,30.34181,27.72371
P05164_3_MPO,28.24168,29.54237,28.55552,29.14897,27.80107,29.34534,28.83596,25.34739,26.44069,28.28978,27.37318,24.81982,28.17355,28.02728,28.16763,29.74061,26.57204,27.47615,25.81189,28.11714,28.00217,25.46283
P05386_RPLP1,21.92107,21.1561,22.07516,22.0415,19.35595,20.74057,18.88178,0,0,0,0,0,18.25308,20.35434,18.78056,20.81488,22.4881,18.19801,0,20.91678,19.73486,0
P06396_GSN,25.90295,27.20341,25.54457,27.0503,25.2821,26.88402,26.27005,25.6513,25.97515,27.13712,25.94835,25.33994,27.19225,25.82978,26.95149,26.96213,25.57551,25.86877,26.43603,25.89784,26.06864,25.38729
P06702_S100A9,30.20839,32.00655,31.15611,30.6422,29.03978,29.82246,31.57018,28.04443,31.39943,32.30228,31.21495,28.83542,29.71781,29.75661,31.49032,32.48008,31.6915,31.26718,31.5538,28.20396,30.85177,29.29842
P06733_ENO1,27328,28.89024,27.35203,28.9348,27.25142,28.4903,27.67755,27.38755,27.69922,29.36728,26.76446,26.98403,28.16519,29.06283,27.90965,27.19507,27.93966,27.21438,27.19432,27.65956,27.54724,27.67081
A0A0A0MTS2_GPI,26.58405,27.88011,26.36808,28.20439,26.07147,27.74034,26.49599,25.67328,26.91251,27.84631,26.26492,25.4656,27.63312,27.08801,26.60074,27.70892,26.05827,26.11263,25.46295,26.53967,26.37667,22.88254
P06870_KLK1,28.02955,27.39942,27.72767,28.17374,29.34128,27.41555,27.84936,27.06784,24.12116,26.23568,27.91832,27.98251,28.27298,28.64623,25.99038,27.01914,26.18879,28.90813,27.67452,28.02855,28.58158,26.28069
P07108_6_DBI,23.21487,22.39074,22.25399,23.24252,22.41369,24.13821,20.50843,22.76901,22.0417,22.43247,22.12525,0,0,23.31161,21.30095,20.37124,22.74952,21.94306,0,0,23.34191,23.68024
P07237_P4HB,23.97448,23.96552,24.49582,25.05499,23.4139,24.66172,25.11736,22.98153,22.5567,23.68292,24.52019,23.66893,24.52355,24.80346,22.97643,23.36959,24.66422,22656,23.64988,23.89338,23.39388,22.05735
P07339_CTSD,22.84556,23.36078,23.1897,23.63012,22.84946,21.72538,24.04827,19.86558,20.17682,22.68436,22.29089,22.57496,21.4957,24.23951,20.67185,21.77929,22.32254,22.33274,21.74763,21.83507,22.54406,21.02371
P07737_PFN1,24.64878,27.02802,24.92737,27.47313,24.93071,26.54239,26.19622,24.65987,26.24773,28.1625,25.39336,24.52803,27.77593,24.52975,26.44828,27.23187,24.83904,25.71424,25.10073,26.62701,25.72226,25.75062
P07858_CTSB,24.26757,22.95608,24.66823,23.96455,23.87858,22.64946,25.09824,23.25796,22.52394,23.23637,23.60716,23.99774,24.91557,25.74314,23.23672,22.88746,23.25301,22.68551,23.81831,22.98631,22.62509,24.97316
P07900_2_HSP90AA1,21.97726,22.85802,23.4025,22.94025,22.14687,21.19724,23.66014,0,21.20383,22.44975,22.10181,0,22.14768,22.70276,22.33816,22.74277,22.63207,21.41777,22.13129,23.19224,22.5899,0
P07996_THBS1,21.37613,21.81452,22.92685,21.23538,0,22.03171,22.88863,0,0,20.5827,21.66523,20.85582,20.70852,21.50978,21.1706,20.99106,20.60177,21.44329,0,0,22.18365,0
P08107_HSPA1A,26.10665,26.81115,25.6596,26.88646,25.46849,26.20613,25.90882,24.8925,25.77621,27.32303,25.25173,24.79184,26.30379,26.33936,26.37758,26.2348,26.0281,25.2027,25.88257,25.94345,25.34279,26.13954
P08238_HSP90AB1,22.10105,21.57971,22.11896,22.24386,0,20.52382,23.37066,0,20.9903,21.98732,21.13232,0,20.75271,21.5317,21.20592,21.84912,22.8723,21.54557,21.31744,23.40484,22.57219,0
P08246_ELANE,23.73283,26.51459,26.74561,26.78469,0,24.47593,26.0224,24.12912,24.78477,24.92904,23.29053,22.64623,25.64425,23.70388,25.22004,26.41654,24.67109,25.39823,0,26.61203,24.87094,23.31188
P08311_CTSG,23.74561,23.3415,25.78422,24.2514,23.20241,23.89273,25.6916,23.16034,23.60445,22.85289,24.33872,21.19976,23.22326,22.34082,21.38153,24.71958,24.4698,23.34773,22.90531,23.83528,24.95549,22.17579
P08571_CD14,0,0,20.69787,19.4786,20.65316,0,21.26528,0,20.40229,20.26785,0,21.93582,0,23.70883,18.78488,19.44117,21.15765,20.50795,0,0,0,19.3308
P08603_CFH,0,20.63192,21.23029,0,0,21.05152,23061,0,25.87561,21.80951,22.44334,22.38155,0,22.14012,22.41093,24.16139,23.74868,23.36011,0,0,22.37761,20.86688
P09211_GSTP1,27.22692,26.6599,27.03978,28.33726,26.98859,27.11357,27.18641,26.82893,27.03852,27.45732,26.50528,26.22325,27.18177,28.15306,26.93506,26.50844,27.21558,26.37426,26.09043,26.93337,26.76825,28.22674
P09228_CST2,27.12218,28.07352,29.63289,28.97858,27.73344,26.28685,26.58935,25.4567,0,21.67288,25.48379,26.1764,29.16749,23.99731,21.22535,24.47271,25.35548,27.96631,28.0238,25.88339,26.99291,22.73287
P09960_LTA4H,23.30758,25.12041,23.10024,25.34658,0,24.53943,23.46899,22.18462,23.39715,26.07001,22.26135,21.94592,25.37431,23.27056,24.75618,25.10849,22.33049,22.6465,0,24.02369,24.39552,0
P0C0S8_HIST1H2AG,24.93103,25.92567,25.40191,25.76317,25.37696,24.97342,24.38489,23.56512,24.64966,25.21875,25.35394,24.40976,24.76162,26.27154,25.15661,28.24767,25.84582,25.71353,0,24.60337,25.52594,24.0662
P10412_HIST1H1E,22.76773,25.91205,25.47163,25.21616,0,26.19084,21.98971,24.05126,22.5673,25.74978,23.34164,21.68697,26.55859,25.03591,26.15041,27.09688,23.84067,24.48591,26.24728,28.07938,24.80218,25.4665
P10599_TXN,25.3257,24.95828,25.02449,27.07368,23.68346,26.1844,25.35693,24.66833,26.81274,25.74119,25.70036,25.03783,25.00101,27.26338,24.03674,23.89393,26.30544,25.22387,23.59092,23.8866,24.55075,27.74394
P10909_2_CLU,0,21.41967,22.28602,23.26026,22.54882,23.39689,22.78923,22.56279,21.2352,21.9775,24.20172,24.85894,22.74538,23.6381,22.30708,21.99231,24.71345,24.4597,23.26757,22.96335,24.34204,0
P11021_HSPA5,24.74653,25.15116,25.19408,25.6186,23.35891,24.40639,25.33776,22.62718,24.07259,25.28253,23.68987,23.87895,24.54115,25.88108,24.18745,24.39133,24.80976,24.13359,23.28122,25.23037,23.63157,24.78531
P11142_HSPA8,25.05051,25.10306,24.4491,26.09565,23.83345,24.85738,24.29256,24.47859,24.7638,26.21412,25.09583,24.7749,25.54972,26.21306,25.53214,24.74381,25.74697,24.88376,25.11347,23.92714,25.04177,25.49051
P11215_2_ITGAM,20.20371,21.46678,20.71028,20.75874,0,20.3756,24.11044,0,20.0777,21.1561,20.79098,0,21.0988,0,0,0,20.37528,20.47179,20.13646,20.82058,21.16214,21.19256
P12273_PIP,29.20569,27.60024,30.14577,29.28978,30.8162,29.86106,32.02878,27.22986,22.72601,27.65287,30.07584,31.20542,29.2377,28.44995,27.60399,28.66319,29.38585,31.10506,29.05592,27.06723,28.2575,26.96741
P12429_ANXA3,21.71775,21.13884,23.05005,21.57639,22.45159,21.43258,24.68507,0,0,0,21.51735,0,21.55506,19.40329,21.68505,21615,20.49356,20.95362,21.43217,21.21324,20.99376,21.49219
P12814_3_ACTN1,24.90706,25.72588,24.92511,25.57664,24.28362,25.54079,25.26749,23.83836,24.35057,23.94664,24.11402,23.95872,25.47794,24.2844,25.24042,26.93337,24.85224,25.11358,24.69588,24.38621,25.27565,0
P13688_CEACAM1,21.12805,21.80613,21.19922,23.11063,0,21.91929,22.54359,20.51778,19.9046,22.19048,21.12937,21.22923,21.60332,21.59181,20.99542,21.65351,22.0036,21.10655,21.34646,0,0,21.2986
P13796_LCP1,25.24354,27.4505,25.05701,26.44832,24.53368,25.70293,26.10171,24.81719,26.37773,27.56485,25.44272,23.8812,26.80637,24.33634,26.6502,27.28815,24.8825,25.54058,25.56221,26.67169,25.59551,27.47475
P14174_MIF,21.49375,25.73399,23.07151,26.21987,23636,23.93103,23.49838,23.42688,24.74073,26.82917,23.87895,23.74643,25.4593,25.74175,25.59733,23.86514,24.81411,22.43883,22.03154,24.1354,23.97079,22.71022
P14550_AKR1A1,22.27088,21.73876,0,22.17563,0,22.00946,22.23093,0,22.36164,22.59307,0,0,0,21.41967,0,20.63414,21.90455,21.2143,21.72887,21.05006,21.88461,0
P14618_PKM2,25.58023,26.91513,25.91091,27.26776,24.23191,26.28607,26.99291,24.17005,27.05175,28.67482,24.31755,23.78756,25.83079,26.34699,25.24023,26.34924,26.89006,24.62817,23.75562,26.91365,26.16129,25.04072
P14780_MMP9,25.64273,26.8023,25.84122,26.48815,25.48843,26.13964,26.17234,24.91588,25.50382,27.65615,25.72915,23.97369,25.98653,23.80912,26.6584,26.92762,25.21819,24.59844,26.31952,26.28357,25.4986,25.78402
P16401_HIST1H1B,23.6446,26.32565,24.44941,25.75098,23.42124,25.91914,21.23993,24.29334,22.2856,24.95925,24.16906,0,25.69991,24.21756,24.93197,27.11506,23.42483,24.46694,25.93519,27.31967,25.42179,23.02538
P16402_HIST1H1D,20097,21.46608,19.97113,21.78804,0,20.39132,0,0,0,20.15078,0,0,20.97176,20.47714,0,21.79348,18.70002,19.51515,21.38617,20.64271,0,0
P16403_HIST1H1C,0,26.38032,24.30389,23.43415,23.38759,26.03689,0,24.71015,23.35367,0,23.53433,22.99943,24.54197,24.80238,24.50015,25.82539,23.50543,24.72879,25.84864,26.48048,24.90775,0
P17174_GOT1,21.09893,21.05801,20.2894,22.42954,20.88054,22.1272,20.49902,19.00572,20.41007,22.2138,19.48448,19.05343,22.00741,24.0071,19.3363,19.12037,21.86982,0,0,21.02073,20.8606,22.5346
P17931_LGALS3,21.81937,20.45523,22.26253,22.77431,0,22.36068,23.23374,22.61362,22.23491,21.79348,21.15165,22.94131,20.09507,24.3089,20.75923,0,22.79041,22.17197,0,0,22.03537,21.76377
P18510_2_IL1RN,27.69332,24.36031,25.7226,26.82857,26.07167,24.9266,23.8853,24.76916,25.22821,25369,24.47321,25.5343,24.79029,27.08152,23.89264,0,25.89111,23.08071,24.91269,25.42499,25.08574,26.86762
P18669_PGAM1,26.03149,26.67088,25.47914,26.50894,24.93787,26282,25.61296,24.92778,25.7167,27.94804,24.53416,24.72728,26.13917,25.47373,25.97077,23.78157,24.86424,25.36346,25.65859,25.62383,25.6496,23.55555
P19961_AMY2B,29.73736,28.10904,27.50279,30.12829,30.40284,29.48235,29.51258,31.51634,28.00255,30.94803,32.62215,31.33974,32.00554,28.09336,29.3657,26.30014,30.07125,30.17462,27.95959,29.01648,30.58531,30.75533
P20061_TCN1,22.13072,21.53279,21.89045,0,22.90898,21.48984,24.07455,21.56388,21.02161,22.07437,22.67573,24.67589,22.25874,23.76901,21.44405,21.30997,22.93611,21.8146,21.44304,20.72301,21.78524,23.07362
P20160_AZU1,26.29091,25.24811,25.13989,23.63777,25.01223,24.34983,24.84484,0,23.57854,25.35696,23.7959,0,25.28189,24.69238,25.73686,27.52739,24.40892,24.82794,23.11055,24.06382,25.82452,0
P20618_PSMB1,20.78588,21.02317,0,21.50693,0,20.8137,20.91006,0,20.45433,21.18447,0,0,20.8874,21.20872,0,21.28365,0,20.51826,0,20.64192,20.41864,0
P21333_FLNA,21.82672,23.29488,0,23.16323,0,21.96212,21.40888,0,20.89238,22.08076,20.97197,0,21.95915,21.6082,0,23.37079,21.39132,21.99507,0,22.21496,21.55046,0
P22314_UBA1,21.20592,21.39205,20.34776,21.27076,0,20.46364,21.28867,0,20.22317,20.62783,0,0,20.21039,19.56238,19.50442,20.9805,20.34147,19.98968,20.14669,21.36276,19.2097,0
Q32Q12_NME1_NME2,21.45598,21891,0,21.86389,0,21.69715,20.68011,0,0,21.89981,0,0,21.45277,22.16684,21.69914,21.68932,21.78129,20.84199,21.39105,21.79563,21.21898,0
P22532_SPRR2D,26.17792,25.31707,24.18382,0,0,26.80686,0,26.07867,23.09012,22.89724,0,24.01308,0,27.31786,0,22.71965,25.64273,23.61953,0,24.01725,25.12033,25.19607
P22894_MMP8,0,21.78053,0,22.21306,21.05742,21.94135,22.21907,20.42008,21.36874,25.51265,0,0,21.80798,20.60404,21.8331,23.50033,20.30686,20.29109,20.82361,20.9517,21.70062,22.9517
P23280_CA6,28.31012,26.1962,28.32406,28494,28.54145,26.62506,28.4626,26.41427,24.04627,26.92976,28.01457,28.09999,26.57658,25.2242,26.53214,25.67976,27.62854,26.41464,25.23765,26.16146,27.31138,25.15372
P23284_PPIB,23.5538,23.11571,24.75297,25.54504,23.26914,21.18701,26.31424,0,21.26379,24.26942,24.27831,24.05366,23.60332,22.49448,22.80323,22.27512,24.15051,23.59195,22.84282,0,22.47593,23.28221
P23381_WARS,0,22.61023,21.70075,23.13834,0,21.99928,21.6888,0,23.44708,22.72432,23.54946,21.57168,21.56454,21.51663,22.7488,22.2304,22.88465,22.4066,23.61212,22.58788,21.97516,0
E9PK25_CFL1,23.51461,24.28708,24.74627,25.45406,23.21767,24.29018,25.77362,22.98878,24.4256,26.80452,23.99593,23.15633,25.61731,24.42656,24.08002,26.21906,24.91068,24.06168,25.76175,23.82454,24.97215,24.72682
P24158_PRTN3,25.47249,27.8125,26.27209,26.73428,26.12248,25.57851,27.2115,27.14131,28.14458,27.63152,26.77681,25.08391,26.56504,26.31351,28.07322,28.62798,26.44421,26.42288,25.62717,26.33417,27.14433,27.71043
P25311_AZGP1,31.48443,29.58258,31.09754,30.6645,31.81673,30.72874,30.99833,30.7144,28.75983,30.20175,30.99469,32.33055,31.00879,31.9529,30.24932,30.13173,30.54047,30.42952,30.87869,29.99294,30.03983,30.21986
P26038_MSN,23.13573,24.95965,23.9865,23.57877,23.08409,23853,25.82924,22.84558,23.62511,25.60496,23.49765,23.58932,24.61958,23.83904,23.93508,24.54622,24.13195,24.36686,23.78437,23.69221,23.52791,23.05243
P28325_CST5,24.27071,0,24.58909,26.46312,24.7889,24.57888,23.68485,21.70923,0,0,23237,26.26728,21.20723,22.12509,24.53724,24.41345,23.2617,25.64022,23.67584,22.86667,23.07632,24.43752
P29401_2_TKT,26.99172,28.59538,26.34787,28.02818,27.21854,27.20946,27.00485,25.65499,26.56594,28.70002,26.45667,24.93706,27.24608,26.34198,27.2305,27.10869,25.91611,25424,26.51479,27.27915,26.51785,24.42522
P29508_SERPINB3,25.4982,23.19893,25.58907,24.78312,24038,24.94476,24.19625,24.61801,26.05267,24.83759,23.69859,25.86686,24.88665,27.06928,24.38574,0,25.76504,23.57335,24.56813,25.84168,25.4587,26.80366
P30044_PRDX5,0,22.32025,21.97994,21.49052,0,23.17626,21.13865,0,22.44385,23.6006,0,19.61214,22.34142,21.81609,20.98829,21.48738,22.66182,19.78043,0,22.2408,21.25026,22.67064
P30101_PDIA3,22.66943,24.31907,22.8354,23.1979,22.53856,22.87558,22.74109,0,21.99476,23.9461,0,22.26052,22.98414,22.33868,22.64898,23.71009,24.0578,22.34887,22.92071,23.08892,23.27711,0
P30740_SERPINB1,25.71712,25.21716,26.20913,25.32492,26.33788,25.64141,26.11494,25.2722,24.8386,24.53736,25.35646,25.54872,26.28008,27.74561,26.16337,23.15724,26.38929,24.82309,25.31558,25.48542,25.86429,26.70319
P31025_LCN1,28.01457,29.00228,30.39468,27.77662,30.69171,27.10279,29.65627,30.31311,25.68405,27.09053,30.42312,29.47647,29.30513,24.88026,28.60141,25.68533,29.82133,31.34678,26.70543,26.82529,28.9202,29.51258
P31146_CORO1A,27.64815,27.92207,26.35894,24.48191,25.69437,27.28868,24.81787,25.55792,25.87711,26.48107,0,24.17234,25.90196,23.83229,25.78559,26.14258,22.90485,24.67605,26.05205,26.95759,26.16452,0
P31151_S100A7,24.08869,22.28839,21.32784,23.66384,24.23674,26.78157,22.66622,25.02196,22.90139,22.7331,23.84115,24.36973,24.19776,25.24398,22.10901,22.40257,23.89643,21.86827,22.90921,21.9105,24436,23.52181
P31946_2,24.85053,24764,23.7546,25.04222,23.55028,24.81519,24.18473,22.23631,24.21393,24.61476,23.12433,22.44811,24.02259,22.93665,23.59412,25.24325,24.01971,23.40432,24.71209,25.54857,24.66963,21.88342
P31947_SFN,27.83195,27.37691,27.76642,28.70695,26.99669,28.11689,27.35506,26.65116,27.94486,27.62213,26.72495,26.45721,26.27104,27.82311,26.40652,25.31624,28.51021,26.93787,26129,27.88384,27.83623,24.73691
P31949_S100A11,21.23987,22.97736,20.40997,22.67168,0,21.84495,20.74952,20.92969,18.7628,21.48488,19.90146,20.53355,22.16042,22.47189,21.73003,21.81021,21.96656,19.43728,20381,23.16048,20.31606,23.56918
P32926_DSG3,26.04592,25.00402,25.99084,27.50801,25.2488,25.90999,26.55802,25.80506,24.53463,25.17756,25.41822,26.98869,26.19231,27.40227,24.86254,22.78087,25.7717,24.80045,23.26413,26.99927,26.06349,24.69285
P35321_SPRR1A,24.87408,24.20083,22.89907,23.27583,0,25.34354,20.40572,25.31652,0,22.50828,21.76486,25.33912,23.30591,26.81873,0,0,24.89074,23.68143,22.79168,23.57957,24.51111,25.94038
P35579_MYH9,22.64101,23.71586,24.62762,23.43224,21.56416,21.90573,26.25086,0,21.80526,21.40052,21.94349,19.91061,22.86537,21.71431,22.12477,23.38969,24.55912,23.40549,0,21.70902,23.78477,23.27611
P36952_SERPINB5,0,21.82738,22.39383,23.1492,0,21.91951,21.76251,0,22.27216,21.15598,21.78632,22.15613,21.72684,22.85956,21.86299,0,23.15692,21.14215,0,20.93359,21.88136,22.28249
P37802_2_TAGLN2,21.53436,22.19835,21.61392,23.32182,22.87264,23.23376,21.39587,0,20.84567,22.66973,22.81282,23.08231,22.03594,23.10724,22.51331,22.48665,21.5682,21.32745,0,0,21.95918,23.07413
P37837_TALDO1,27.49442,28.41345,26117,28.00662,26.37063,27.49244,26.49322,26.65622,26.35143,27.76623,26.58964,25.7519,27.97826,27.09245,27.10679,27.59278,25.82934,26.10981,27.50983,27.73628,26.2387,28.17935
P40121_CAPG,24.17364,23.28912,23.65316,24.63428,23.5297,22.94458,23.22858,22.19508,22.62415,25.37079,0,21.46009,24.20449,22.81447,23.88948,24.57946,23.29474,22.03946,23.00292,25.42461,22.97818,24.19483
B1AK88_CAPZB,23.08338,24.34062,22.96746,23.23463,0,22.86844,22.58671,0,22.5796,23.98789,0,21.31705,23.71502,22.83196,23.40432,23.81118,23.07974,22.52449,0,24.36773,23.12413,0
P50395_GDI2,23.38561,24.72109,23.27455,25.41238,23.30271,24.66974,23.39074,23.3585,24.04893,25.49326,22.63263,22.59594,24.70182,24.88563,24.0712,24.30264,24.12566,23.30271,22.98786,24.95885,24.1118,23.8798
P52209_PGD,23.29796,25.31174,23.8659,25.45441,24.28093,24.84714,24.97754,21.34354,25.35991,26.1552,24.2103,23.72411,24.8446,25.78883,24.74314,25.13375,24.51171,23.82289,23.67023,23.96296,24.33865,22.48198
P52566_ARHGDIB,24.15012,22.47833,21.78457,22.82555,23.86552,22.88998,24.73154,19.29724,22.87027,26.13108,23.17852,0,26.14028,23.07091,26.21067,26.49039,22.54675,22.75299,21.69447,27.1378,23.51773,25.77603
P52907_CAPZA1,22.57702,23.92814,22.35662,22.75829,22.0474,22.06184,23.16815,0,21.82022,23.11118,21.84824,23.03642,22.69816,21.85901,23.35286,22.60465,22.10514,22.26925,0,23.34881,22.1851,0
P53634_CTSC,0,20.26911,0,20.31606,20.56997,20.36986,21.05331,20.63759,20.24039,20.68003,20.50164,21.64597,20.6264,21.38627,19.96141,20.03362,0,19.71235,0,0,0,20.92991
P55058_PLTP,20.37592,0,0,21.38248,21.53569,21.58003,21.81722,0,20.78205,0,0,24.38574,21.79023,24.35924,21.07307,21.62216,21.2995,22.21928,0,0,21.98881,21.04567
P59665_DEFA1,30.81459,30.42722,30.61851,25.62956,28.17346,30.22631,28.72842,30.22734,28.88341,0,28.6701,28.7841,28.44368,28.14686,28.00897,28.95382,28.42594,29.8592,29.57149,30.83688,31.11527,25.8435
P59998_3_ARPC4,21.41049,24.02673,22.45521,24.57248,22.00525,22.56526,24.32258,21.14569,21.18029,23.60513,21.08712,21.0023,22.94633,21.84713,23.16797,23.38245,22.70322,20.96993,22.20072,24.82663,21.68957,21.45774
P60174_TPI1,26.60045,27.27977,26.15356,27.33253,26.19477,27.2488,25.98163,26.85198,26.82978,27.95177,26.53749,26.41348,26.76395,27.52246,26.47,25.65141,26.54663,25.58385,26.38938,26.55349,26.46,27.85881
P61158_ACTR3,21.17554,24.2169,22.91534,24.96548,20.97659,22.26104,24.00933,0,22.78911,25.32989,20.92586,21.05927,23.00062,21.63967,23.94699,25.30278,22.59131,21.96159,21.19364,23.3806,22.03617,19.99549
P61586_RHOA,0,21.13752,21.01182,21.88822,0,22.12073,21.34402,0,21.29328,23.23116,20.88009,20.73488,21.66358,21.72025,21.19454,0,21.96754,0,0,20.77652,21.10929,20.70986
P61626_LYZ,28.21794,25.81448,27.84086,23.80322,29.80027,26.41737,29.18298,25.0336,26.02227,26.68632,26.53338,28.90973,26.54448,24.44897,24.55016,26.95704,28.65806,26.11154,25.73725,25.62022,26.67506,28.19976
P61769_B2M,25.35844,24.56058,25.13246,22.85827,25.29439,24.80696,24.18707,24.72015,22.98685,23.39257,24.3364,26.89215,24.4168,28.76094,0,0,24.50984,25.78609,23.88772,24.96358,25.14227,21.72825
P62328_TMSB4X,20.75874,27.80937,25.20426,25.49954,24.17859,27.71973,26.31273,23.50543,25.56349,28.11431,26.91843,25.20628,27.90311,24.33518,25.7487,27.78394,24.96129,25.5779,26.9619,24.56168,24.05639,28.33705
P62805_HIST1H4A,27.6133,26.9955,26.22512,28.69631,25.81997,27.56318,25.23133,23.62533,23.84728,25.77364,24.97832,22.91244,26.92909,26.18384,26.03204,28.88844,25.76987,26.59847,23.10372,27.47104,26.83822,0
P62937_PPIA,27.57917,28.11202,27.16787,28.24916,27.73169,28.59761,27.39917,26.86985,27.74336,29.05615,27.33637,26.93944,28.14404,28.10774,27.7291,27.52126,27.84176,26.93337,27.53453,27.12849,27.66716,25.5844
P62942_FKBP1A,23.38271,23.61054,22.66934,22.36078,0,23.71502,22.96902,23.25278,22.85946,24.51081,22.50582,22.82361,22.97912,23.10998,23.19175,22.97493,22.56918,22.40403,22.97776,23.46787,22.94122,22.20051
P63261_ACTG1,30.18719,32.07038,30.56484,31.71682,29.97145,31.32823,31.06529,30.28714,30.32689,31.38195,30.48289,29.6834,31.59188,31.0633,31.11867,31.3391,30.69021,30.34053,30.25732,31866,30.65062,28.60721
P63313_TMSB10,0,21.89678,0,21.43715,0,22.11972,20.64509,0,0,21.92825,0,22.05547,22.23792,22.12263,22.45774,0,22.54128,21.79158,0,22.13129,22.26436,22.24502
P68032_ACTC1,0,23.82687,21.46428,23.83287,21.52234,22.60408,24.77399,21.87448,22.6299,24.76618,24.14523,22.8547,23.18995,22.67185,22.58788,23.22285,23.72161,22.71045,23.3995,22.7233,22.40463,21.64421
P68371_TUBB4B,21.19364,19.7774,23.00189,20.35606,0,20.64165,23.85405,0,22.04417,0,19.60239,19.23016,0,20.96578,0,19.12126,24.12589,19.83159,0,20.41007,20.32564,0
P68871_HBB,25.28616,33.46453,23.83942,28.73069,24.82784,28.67983,25.58176,28.55783,29.69997,28.32191,26.15948,25.49997,25.48996,29.20839,28.49816,29.71429,28.65335,28.9194,29.49167,28.98381,26.56339,28.51882
P69905_HBA1,24.98103,33.14294,23.15423,27.4263,24.09241,27.61386,24.76653,28.4773,29.21861,27.18886,24.50888,25.57404,24.81675,28.23146,27.54701,29.12529,27.13907,28.42758,29.47651,29.28507,26.56706,26.77417
P78417_GSTO1,23.31783,25.2203,22.62422,22.98968,0,22.60377,0,22.47417,0,23.13199,0,0,23.23991,23.02776,22.9237,21.98388,21.53341,0,0,23.58015,22.58481,22.32003
X6R8F3_LCN2,24.93003,26.4061,24.9276,24.80307,23.77254,25.80213,25.5625,23.96305,25.11803,28.29009,24.98915,23.92678,25.05933,24.96102,25.2907,27.29579,24.4587,24.23885,25.2893,25.35558,25.91522,26.11257
P80748,25.00427,23.06579,24.57779,0,23.70398,25.25368,23.09785,25.48127,25.40324,23.11277,24.69296,23.97027,24.25386,23.74468,0,22.6682,24.77625,26.42238,25.84372,25.40999,25.60978,0
Q01469_FABP5,28.51266,26.47647,27.51126,29.94963,27.39705,28.9577,26.05358,26.0617,28.11063,29.17153,27.35917,27.65949,27.62554,28.25935,27.1377,24.94083,27.51051,25843,26.17737,27.78538,27.63291,28.10074
Q01518_CAP1,24.50306,26.58047,24.69811,25.69906,24.03221,24.85548,25.33081,23.93238,24.8511,26.05347,24.36406,23.42892,25.88444,24.79843,25.42634,26.02449,24.70783,24.56842,25.20251,25.17813,24.59554,24.30814
Q02413_DSG1,24.8691,23.44985,24.03892,25.57811,24.1453,24.13977,23.45563,23.50882,21.78947,21.95968,23.46849,25.21719,24.52815,25.26592,22.77762,0,23.78187,23.52659,0,23.92967,22.65844,23.14345
Q02487_DSC2,25.18986,23.4821,24.22465,25.16469,23.27597,24.79749,24.14515,23.91652,23.25225,23.2024,24.35494,24.38929,24.62689,25.42627,23.11261,0,23.51785,23.34422,22.00844,25.07631,23.23874,22.78027
Q07654_TFF3,22.70297,22.77344,23.4353,23.01275,22.58316,22.92964,23.66058,20.52621,0,0,21.32767,25.32677,23.27341,23.48886,21.21152,21.62319,23.76091,23.2617,21.04407,0,21.27321,22.18843
Q08188_TGM3,26.4906,25.13453,26.14789,25.87914,23.55766,25.28203,25.14032,23.34123,24.1744,24.00136,24.42963,22.37928,23.80754,26.08475,24.46133,0,27.04667,23.89393,0,25.82486,24.87713,22.35421
Q08380_LGALS3BP,24.29256,23.54734,24.22516,24.02149,24.25458,24.73712,24.82167,22.50315,20.97379,22.8588,23.78087,25.06821,24.03842,27834,21.94131,21.68097,23.56034,24.76613,21.96021,22.75044,24.21793,21.69761
Q14508_WFDC2,24.88902,24.44689,25.20687,24.2186,25.00543,26.21338,24.01767,24.11012,23.9904,23.48296,23.88521,25.6373,25.18442,26.73905,23.57762,23.23374,24.61538,24.94584,24.31541,24.79803,25.02534,0
Q14847_LASP1,21.58197,23.02408,20.61594,22.69954,20.6977,22.22867,19.71415,20.99134,19.99604,22.59901,20.50028,0,22.95541,20.32323,22.39765,22.09481,20.72717,20.56188,21.79887,22.51639,20.95411,22.7765
Q14974_KPNB1,19.88929,20.78843,20.13871,21.27099,0,20.16042,21.44718,0,19.33582,20.92702,0,20.85529,20.11794,20.00936,19.80206,20.51036,21.35499,19.89107,18.55465,20.91269,20.82392,0
Q14CN2_CLCA4,21.9753,21.29261,22.6042,23.42637,0,21.53217,23.10569,22.83723,0,22.37642,0,22.14024,21.1728,23.38126,0,0,23.48124,0,0,22.47358,0,23.08068
H0YBX6_UBE2V2,0,20.57228,20.57015,20.86937,0,0,20213,0,20.67573,20.61997,0,20.39236,20.46204,22.15326,20.29502,20.72025,20.84207,20.28093,0,0,20.55553,21.39095
A0A087WV23_SH3BGRL3,26.06036,25.49036,24.19993,25.65037,24.97566,25.1102,22.04186,24.69434,23.6212,25.31503,23.57184,20.70717,23.87004,24.89611,24.98181,23.56918,23.33443,21.56955,23.24627,25.64812,24.92488,25.26105
Q68D86_CCDC102B,25.44667,24.62511,26.52262,23.51629,26.97815,24.16638,28.70464,21.62382,24.76956,26.15544,24.23359,28.0644,25.89192,24.14118,23.22367,25.63489,28.07092,25.27938,23.14673,22.08083,24.51899,25.74168
Q6P5S2_C6orf58,26.98272,26.37566,23.10156,25.9602,28.04343,24.83306,25.84242,24.47104,0,22.16987,26.1622,28.11605,26.27876,25.21619,25.70348,23.21162,25.87286,24.52934,24.84757,24.76598,25.68592,25.45673
Q8N4F0_BPIFB2,27.72611,28.20667,29.45607,28.80861,28.01521,28.1417,28.77646,26.50456,22.42386,25.3541,26.68472,30.99024,28.44829,29.94377,26.67828,27.12278,29.8336,29.36244,26.15917,26.51179,27.60045,27.33398
Q8TAX7_MUC7,26.36449,26.15242,24.49893,22.64751,28.75066,23.11243,29.72421,24.09467,21.06085,0,27.47282,27.68826,26.4346,24.37279,25.65297,23.01548,26.16888,23.90242,25.94521,27.13751,26.41167,23.83403
Q8TDL5_BPIFB1,23.06847,25.1812,27.80544,23.58176,22.5185,23.68795,27.05786,24.14499,0,22.20502,24.17058,29.7748,24.38805,25.59923,23.23447,23.88437,27.3652,28.7441,0,21.01298,24.66758,0
Q96DA0_ZG16B,22.20613,21.7177,23.82046,21.38084,23.71942,22.01349,27.2035,0,0,21.45618,22.5039,28.02083,22.06618,22.80219,23.81049,22.36698,24.67858,22.50378,22.65895,0,24.10318,0
Q96DR5_BPIFA2,22.69645,25.46706,26.50996,24.25911,23.37265,24.73887,27.69942,22.66878,20.91013,23.37716,26.39588,27.99965,25.41828,26.29724,24.97351,24.22243,25.14957,25.41351,23.54863,23.74622,24.88325,24.81005
Q99536_VAT1,22.06214,23.27427,22.31235,23.6903,22.05036,22.92713,22.54675,0,23.09144,23.05793,22.74351,21.7782,23.27753,22.61912,22.37475,23.61313,24.10286,22.01842,22.56149,24.08618,22.88577,22.52755
Q99879_HIST1H2BM,25.1882,26.74445,26.40368,27.43889,25.29411,26.29088,26.65349,22.77678,23.01711,24.65414,23.64768,21.52411,25.02433,26.08499,24.50682,25.60346,24.30549,24.09563,20.56486,26.6245,25.60382,0
Q9BQR3_PRSS27,0,0,0,20.18507,0,19.49166,20.37687,19.75856,20.7032,20.14607,0,22.50579,0,23.0432,0,0,22.16843,0,0,0,19.57924,22.36541
Q9BRA2_TXNDC17,21.18441,21.13752,0,22.16282,21.22511,21.04527,19.85758,0,21.88748,23.86202,21.15968,21.33068,20.99845,24.75715,21.08719,0,21.45262,20.88472,0,20.94521,21.22523,21.88256
Q9BRF8_CPPED1,23.39467,0,21.52172,0,21.52229,22.03446,0,21.59309,21.68136,0,0,0,22.16447,22.24086,0,22.04657,21.36688,0,22.43094,23.56883,0,0
Q9HC84_MUC5B,33.16588,31.96206,33.78673,31.8486,31.48999,31.76505,32.51329,30.71178,24.26119,26.3505,30.54416,33.41349,32.22605,33.42929,30.31311,30.11805,32.46906,33.02084,31.01545,28.96639,31.38283,29.68305
Q9HD89_RETN,21.06842,20.62471,19.80133,21.18083,0,20.77217,21.37342,0,21.15937,0,0,0,22.07483,19.02832,20.58719,21.22618,19.3767,19.79473,20.9894,0,19.4153,0
Q9NQ38_3_SPINK5,22821,22.5191,23.77364,23.4339,23.51039,23.6871,22.78205,0,22.16156,22.72109,22.17103,21.82714,22.9954,22.90733,21.97712,0,22.42668,21.56742,0,24.59895,21.10194,23.45626
Q9UBC9_SPRR3,0,21.74049,21.88476,23.31493,0,22.42939,21.73979,25.43333,0,0,23.44922,24.88818,21.48773,24.77972,22.46339,0,24.80519,22.26416,22.08952,0,0,29.75451
Q9UBG3_CRNN,24.67756,23.24217,24.70055,25.16254,0,23.80646,25.84723,22.12237,22.38026,0,24.20992,24.73185,22.43138,24.02107,23.75766,22.67068,26.53677,22.87555,23.45939,24.17995,0,25.03179
Q9UBX7_3_KLK11,22048,20.63812,22.14582,19.91918,20.71699,20.11655,20.72084,19.73074,20.48316,20.72725,20.10776,23.41467,20.35714,21.97369,19.72301,19.34069,21.16269,21.16699,0,0,20.98468,21.41576
Q9UGM3_6_DMBT1,29.76814,26.69246,30.80647,28.06984,31.06278,29.51232,31.64547,28.16868,24.7251,28.77985,29.50038,31.13901,30.21141,29.1321,28.11133,26.60201,29547,29.5945,28.82098,28.50529,29.83218,28.08902
Q9UIV8_SERPINB13,22.70712,20.27458,22.39893,22.55478,0,22.40556,21.78975,0,22.3805,22.26511,0,21.81327,22.27373,24.32738,21.41782,0,23.29936,21.88069,0,22.91727,22.33041,24.26607
Q9UKR3_KLK13,22.28393,21.68885,22.15066,22.18447,22.00796,23.1547,21.41323,21.63236,22.46066,23.44922,22.11226,24.45004,20.85118,23.28602,0,0,22.64218,21.79551,0,22626,22.71825,22.14137
V9HW75_NUCB2,21.49531,21.72966,24.86391,24162,22.8874,23.73034,24.37378,21.78393,0,23.04638,24.03171,25.17333,23.98746,22.34881,22.03969,22.85068,22.87691,25.01376,22.84397,0,0,22.63978
