n, f1, acc, recall, precision, f1_independent, acc_independent, recall_independent, precision_independent, signature
1,0.811906594817,0.728518518519,0.832631578947,0.792188282424,0.863636363636,0.777777777778,1.0,0.76,Pep3
1,0.761782786885,0.655555555556,0.782631578947,0.742015968064,0.829268292683,0.740740740741,0.894736842105,0.772727272727,Pep6
1,0.751950078003,0.646666666667,0.761052631579,0.743062692703,0.0,0.296296296296,0.0,0.0,Pep7
1,0.797842281017,0.708518518519,0.817368421053,0.779227295534,0.533333333333,0.481481481481,0.421052631579,0.727272727273,Pep8
1,0.737610850287,0.627407407407,0.744210526316,0.731127197518,0.842105263158,0.777777777778,0.842105263158,0.842105263158,Pep9
1,0.721602434077,0.593333333333,0.748947368421,0.696183953033,0.809523809524,0.703703703704,0.894736842105,0.739130434783,Pep10
1,0.747379454927,0.642962962963,0.750526315789,0.744258872651,0.16,0.222222222222,0.105263157895,0.333333333333,Pep12
1,0.700929752066,0.571111111111,0.714210526316,0.688133874239,0.826086956522,0.703703703704,1.0,0.703703703704,Pep13
1,0.76543864299,0.672222222222,0.76,0.770955686065,0.0,0.296296296296,0.0,0.0,Pep15
2,0.772083440639,0.672222222222,0.788947368421,0.755925365608,0.871794871795,0.814814814815,0.894736842105,0.85,Pep3,Pep6
2,0.785473411154,0.693703703704,0.796842105263,0.77442455243,0.810810810811,0.740740740741,0.789473684211,0.833333333333,Pep3,Pep7
2,0.798772692406,0.708518518519,0.822105263158,0.776727996022,0.883720930233,0.814814814815,1.0,0.791666666667,Pep3,Pep8
2,0.767355590885,0.674814814815,0.762105263158,0.772678762006,0.857142857143,0.777777777778,0.947368421053,0.782608695652,Pep3,Pep9
2,0.791666666667,0.703703703704,0.8,0.783505154639,0.9,0.851851851852,0.947368421053,0.857142857143,Pep3,Pep10
2,0.786953145224,0.695185185185,0.8,0.774325012736,0.878048780488,0.814814814815,0.947368421053,0.818181818182,Pep3,Pep12
2,0.786142224538,0.695925925926,0.794210526316,0.778236204229,0.702702702703,0.592592592593,0.684210526316,0.722222222222,Pep3,Pep13
2,0.794344473008,0.703703703704,0.813157894737,0.776381909548,0.863636363636,0.777777777778,1.0,0.76,Pep3,Pep15
2,0.760185662713,0.655555555556,0.775789473684,0.745197168857,0.628571428571,0.518518518519,0.578947368421,0.6875,Pep6,Pep7
2,0.790983606557,0.697777777778,0.812631578947,0.770459081836,0.85,0.777777777778,0.894736842105,0.809523809524,Pep6,Pep8
2,0.739979445015,0.625185185185,0.757894736842,0.722891566265,0.844444444444,0.740740740741,1.0,0.730769230769,Pep6,Pep9
2,0.72391360916,0.607037037037,0.732105263158,0.715903242409,0.863636363636,0.777777777778,1.0,0.76,Pep6,Pep10
2,0.757201646091,0.65037037037,0.774736842105,0.740442655936,0.85,0.777777777778,0.894736842105,0.809523809524,Pep6,Pep12
2,0.754475703325,0.644444444444,0.776315789474,0.733830845771,0.826086956522,0.703703703704,1.0,0.703703703704,Pep6,Pep13
2,0.734905415911,0.621111111111,0.746315789474,0.723838693211,0.844444444444,0.740740740741,1.0,0.730769230769,Pep6,Pep15
2,0.794746330157,0.704814814815,0.812105263158,0.778113968734,0.833333333333,0.777777777778,0.789473684211,0.882352941176,Pep7,Pep8
2,0.722644975072,0.608518518519,0.724736842105,0.720565149137,0.826086956522,0.703703703704,1.0,0.703703703704,Pep7,Pep9
2,0.745753854194,0.63962962963,0.751052631579,0.740529320187,0.837209302326,0.740740740741,0.947368421053,0.75,Pep7,Pep10
2,0.757645849396,0.650740740741,0.775789473684,0.740331491713,0.829268292683,0.740740740741,0.894736842105,0.772727272727,Pep7,Pep12
2,0.732226258433,0.617777777778,0.742631578947,0.722108495394,0.8,0.740740740741,0.736842105263,0.875,Pep7,Pep13
2,0.763185654008,0.667407407407,0.761578947368,0.764799154334,0.594594594595,0.444444444444,0.578947368421,0.611111111111,Pep7,Pep15
2,0.75615567911,0.658888888889,0.751578947368,0.760788492275,0.878048780488,0.814814814815,0.947368421053,0.818181818182,Pep8,Pep9
2,0.783126293996,0.68962962963,0.796315789474,0.770366598778,0.883720930233,0.814814814815,1.0,0.791666666667,Pep8,Pep10
2,0.787425921154,0.694444444444,0.804210526316,0.771327612317,0.904761904762,0.851851851852,1.0,0.826086956522,Pep8,Pep12
2,0.77912684061,0.683333333333,0.793684210526,0.765093860984,0.769230769231,0.666666666667,0.789473684211,0.75,Pep8,Pep13
2,0.785917680559,0.693703703704,0.798947368421,0.773306164035,0.883720930233,0.814814814815,1.0,0.791666666667,Pep8,Pep15
2,0.722790453711,0.608518518519,0.725263157895,0.720334553058,0.810810810811,0.740740740741,0.789473684211,0.833333333333,Pep9,Pep10
2,0.731784582893,0.623703703704,0.729473684211,0.734110169492,0.85,0.777777777778,0.894736842105,0.809523809524,Pep9,Pep12
2,0.730579371265,0.615925925926,0.74,0.721395587481,0.826086956522,0.703703703704,1.0,0.703703703704,Pep9,Pep13
2,0.73664825046,0.629259259259,0.736842105263,0.736454497633,0.0,0.296296296296,0.0,0.0,Pep9,Pep15
2,0.73597103698,0.621851851852,0.748947368421,0.723436705643,0.85,0.777777777778,0.894736842105,0.809523809524,Pep10,Pep12
2,0.704012506514,0.579259259259,0.711052631579,0.697110423117,0.790697674419,0.666666666667,0.894736842105,0.708333333333,Pep10,Pep13
2,0.769507186858,0.667407407407,0.788947368421,0.751002004008,0.818181818182,0.703703703704,0.947368421053,0.72,Pep10,Pep15
2,0.737447698745,0.628148148148,0.742105263158,0.732848232848,0.780487804878,0.666666666667,0.842105263158,0.727272727273,Pep12,Pep13
2,0.760497667185,0.657777777778,0.772105263158,0.749233912155,0.826086956522,0.703703703704,1.0,0.703703703704,Pep12,Pep15
2,0.762548764629,0.661851851852,0.771578947368,0.753727506427,0.857142857143,0.777777777778,0.947368421053,0.782608695652,Pep13,Pep15
3,0.765957446809,0.661851851852,0.786315789474,0.746626686657,0.871794871795,0.814814814815,0.894736842105,0.85,Pep3,Pep6,Pep7
3,0.7866598778,0.68962962963,0.813157894737,0.761834319527,0.85,0.777777777778,0.894736842105,0.809523809524,Pep3,Pep6,Pep8
3,0.751163993792,0.643703703704,0.764210526316,0.738555442523,0.878048780488,0.814814814815,0.947368421053,0.818181818182,Pep3,Pep6,Pep9
3,0.794155344783,0.702592592593,0.815263157895,0.774112943528,0.647058823529,0.555555555556,0.578947368421,0.733333333333,Pep3,Pep6,Pep10
3,0.766580976864,0.663703703704,0.784736842105,0.749246231156,0.844444444444,0.740740740741,1.0,0.730769230769,Pep3,Pep6,Pep12
3,0.768565615463,0.662962962963,0.795263157895,0.743602362205,0.810810810811,0.740740740741,0.789473684211,0.833333333333,Pep3,Pep6,Pep13
3,0.789566978982,0.692222222222,0.820526315789,0.760858955588,0.764705882353,0.703703703704,0.684210526316,0.866666666667,Pep3,Pep6,Pep15
3,0.7765625,0.682222222222,0.784736842105,0.768556701031,0.85,0.777777777778,0.894736842105,0.809523809524,Pep3,Pep7,Pep8
3,0.772417409544,0.678518518519,0.775263157895,0.769592476489,0.842105263158,0.777777777778,0.842105263158,0.842105263158,Pep3,Pep7,Pep9
3,0.798134231666,0.711481481481,0.810526315789,0.786115364982,0.878048780488,0.814814814815,0.947368421053,0.818181818182,Pep3,Pep7,Pep10
3,0.774176821364,0.677407407407,0.785789473684,0.762902401635,0.904761904762,0.851851851852,1.0,0.826086956522,Pep3,Pep7,Pep12
3,0.758494511239,0.657777777778,0.763684210526,0.753374870197,0.871794871795,0.814814814815,0.894736842105,0.85,Pep3,Pep7,Pep13
3,0.767903815996,0.671111111111,0.773157894737,0.76272066459,0.9,0.851851851852,0.947368421053,0.857142857143,Pep3,Pep7,Pep15
3,0.753776835409,0.655925925926,0.748421052632,0.759209823812,0.878048780488,0.814814814815,0.947368421053,0.818181818182,Pep3,Pep8,Pep9
3,0.795614722005,0.71,0.802105263158,0.789228379078,0.871794871795,0.814814814815,0.894736842105,0.85,Pep3,Pep8,Pep10
3,0.788476511809,0.698148148148,0.799473684211,0.777777777778,0.871794871795,0.814814814815,0.894736842105,0.85,Pep3,Pep8,Pep12
3,0.777000777001,0.681111111111,0.789473684211,0.764915859255,0.85,0.777777777778,0.894736842105,0.809523809524,Pep3,Pep8,Pep13
3,0.7903437418,0.704074074074,0.792631578947,0.788069073783,0.85,0.777777777778,0.894736842105,0.809523809524,Pep3,Pep8,Pep15
3,0.764875491481,0.667777777778,0.767894736842,0.761879895561,0.9,0.851851851852,0.947368421053,0.857142857143,Pep3,Pep9,Pep10
3,0.759714512292,0.663333333333,0.756315789474,0.763143919278,0.514285714286,0.37037037037,0.473684210526,0.5625,Pep3,Pep9,Pep12
3,0.757306889353,0.655555555556,0.763684210526,0.751035196687,0.871794871795,0.814814814815,0.894736842105,0.85,Pep3,Pep9,Pep13
3,0.780005206977,0.687037037037,0.788421052632,0.771767130345,0.0952380952381,0.296296296296,0.0526315789474,0.5,Pep3,Pep9,Pep15
3,0.781388094619,0.688518518519,0.791052631579,0.771956856703,0.9,0.851851851852,0.947368421053,0.857142857143,Pep3,Pep10,Pep12
3,0.779607843137,0.687777777778,0.784736842105,0.774545454545,0.878048780488,0.814814814815,0.947368421053,0.818181818182,Pep3,Pep10,Pep13
3,0.795789473684,0.712592592593,0.795789473684,0.795789473684,0.9,0.851851851852,0.947368421053,0.857142857143,Pep3,Pep10,Pep15
3,0.763834762276,0.663333333333,0.773684210526,0.754232939969,0.878048780488,0.814814814815,0.947368421053,0.818181818182,Pep3,Pep12,Pep13
3,0.783531848783,0.69037037037,0.796315789474,0.771151885831,0.842105263158,0.777777777778,0.842105263158,0.842105263158,Pep3,Pep12,Pep15
3,0.7826767545,0.691481481481,0.789473684211,0.775995861355,0.357142857143,0.333333333333,0.263157894737,0.555555555556,Pep3,Pep13,Pep15
3,0.775942178627,0.678518518519,0.791052631579,0.761398176292,0.878048780488,0.814814814815,0.947368421053,0.818181818182,Pep6,Pep7,Pep8
3,0.72619047619,0.608148148148,0.738421052632,0.714358452138,0.844444444444,0.740740740741,1.0,0.730769230769,Pep6,Pep7,Pep9
3,0.735883424408,0.624074074074,0.744210526316,0.727740607308,0.829268292683,0.740740740741,0.894736842105,0.772727272727,Pep6,Pep7,Pep10
3,0.750128534704,0.64,0.767894736842,0.733165829146,0.863636363636,0.777777777778,1.0,0.76,Pep6,Pep7,Pep12
3,0.754267977237,0.648148148148,0.767368421053,0.741607324517,0.829268292683,0.740740740741,0.894736842105,0.772727272727,Pep6,Pep7,Pep13
3,0.756109979633,0.645185185185,0.781578947368,0.73224852071,0.466666666667,0.407407407407,0.368421052632,0.636363636364,Pep6,Pep7,Pep15
3,0.751300728408,0.645925925926,0.76,0.742798353909,0.810810810811,0.740740740741,0.789473684211,0.833333333333,Pep6,Pep8,Pep9
3,0.775173834664,0.676666666667,0.792105263158,0.758951084216,0.260869565217,0.37037037037,0.157894736842,0.75,Pep6,Pep8,Pep10
3,0.781225955373,0.684074074074,0.801578947368,0.76188094047,0.904761904762,0.851851851852,1.0,0.826086956522,Pep6,Pep8,Pep12
3,0.765681700363,0.665185185185,0.777368421053,0.754341164454,0.883720930233,0.814814814815,1.0,0.791666666667,Pep6,Pep8,Pep13
3,0.770228215768,0.671851851852,0.781578947368,0.759202453988,0.820512820513,0.740740740741,0.842105263158,0.8,Pep6,Pep8,Pep15
3,0.717962048349,0.598148148148,0.726842105263,0.709296353364,0.24,0.296296296296,0.157894736842,0.5,Pep6,Pep9,Pep10
3,0.713764337852,0.593333333333,0.720526315789,0.707128099174,0.837209302326,0.740740740741,0.947368421053,0.75,Pep6,Pep9,Pep12
3,0.719728601253,0.602222222222,0.725789473684,0.713768115942,0.8,0.740740740741,0.736842105263,0.875,Pep6,Pep9,Pep13
3,0.711478800414,0.586666666667,0.724210526316,0.69918699187,0.0952380952381,0.296296296296,0.0526315789474,0.5,Pep6,Pep9,Pep15
3,0.732919254658,0.617777777778,0.745263157895,0.720977596741,0.333333333333,0.259259259259,0.263157894737,0.454545454545,Pep6,Pep10,Pep12
3,0.711730668069,0.594074074074,0.712105263158,0.711356466877,0.789473684211,0.703703703704,0.789473684211,0.789473684211,Pep6,Pep10,Pep13
3,0.73372478938,0.613703703704,0.756315789474,0.712444224095,0.85,0.777777777778,0.894736842105,0.809523809524,Pep6,Pep10,Pep15
3,0.74381443299,0.631851851852,0.759473684211,0.728787878788,0.844444444444,0.740740740741,1.0,0.730769230769,Pep6,Pep12,Pep13
3,0.742667686815,0.626296296296,0.766315789474,0.720435428006,0.85,0.777777777778,0.894736842105,0.809523809524,Pep6,Pep12,Pep15
3,0.734809474768,0.618518518519,0.751052631579,0.719254032258,0.810810810811,0.740740740741,0.789473684211,0.833333333333,Pep6,Pep13,Pep15
3,0.750399148483,0.652592592593,0.742105263158,0.758880516685,0.820512820513,0.740740740741,0.842105263158,0.8,Pep7,Pep8,Pep9
3,0.770067322631,0.671111111111,0.782631578947,0.757900101937,0.883720930233,0.814814814815,1.0,0.791666666667,Pep7,Pep8,Pep10
3,0.780991735537,0.685925925926,0.795789473684,0.766734279919,0.736842105263,0.62962962963,0.736842105263,0.736842105263,Pep7,Pep8,Pep12
3,0.780601659751,0.686666666667,0.792105263158,0.769427402863,0.871794871795,0.814814814815,0.894736842105,0.85,Pep7,Pep8,Pep13
3,0.782137325761,0.687407407407,0.797368421053,0.767477203647,0.871794871795,0.814814814815,0.894736842105,0.85,Pep7,Pep8,Pep15
3,0.70450928382,0.587407407407,0.698947368421,0.710160427807,0.826086956522,0.703703703704,1.0,0.703703703704,Pep7,Pep9,Pep10
3,0.729736773521,0.615925925926,0.736842105263,0.72276716572,0.826086956522,0.703703703704,1.0,0.703703703704,Pep7,Pep9,Pep12
3,0.719224724987,0.602962962963,0.722631578947,0.715849843587,0.742857142857,0.666666666667,0.684210526316,0.8125,Pep7,Pep9,Pep13
3,0.735535006605,0.629259259259,0.732631578947,0.738461538462,0.551724137931,0.518518518519,0.421052631579,0.8,Pep7,Pep9,Pep15
3,0.7246225924,0.608148148148,0.732631578947,0.716786817714,0.761904761905,0.62962962963,0.842105263158,0.695652173913,Pep7,Pep10,Pep12
3,0.725505647491,0.612962962963,0.726842105263,0.724174095438,0.810810810811,0.740740740741,0.789473684211,0.833333333333,Pep7,Pep10,Pep13
3,0.741302641904,0.633703703704,0.745789473684,0.736869474779,0.871794871795,0.814814814815,0.894736842105,0.85,Pep7,Pep10,Pep15
3,0.729374671571,0.618518518519,0.730526315789,0.728226652676,0.810810810811,0.740740740741,0.789473684211,0.833333333333,Pep7,Pep12,Pep13
3,0.751736557757,0.642592592593,0.768947368421,0.735279315551,0.717948717949,0.592592592593,0.736842105263,0.7,Pep7,Pep12,Pep15
3,0.740662809048,0.634814814815,0.741052631579,0.740273396425,0.810810810811,0.740740740741,0.789473684211,0.833333333333,Pep7,Pep13,Pep15
3,0.75478625754,0.653703703704,0.757368421053,0.752221641401,0.826086956522,0.703703703704,1.0,0.703703703704,Pep8,Pep9,Pep10
3,0.753356146354,0.652962962963,0.753157894737,0.75355450237,0.842105263158,0.777777777778,0.842105263158,0.842105263158,Pep8,Pep9,Pep12
3,0.744791666667,0.637037037037,0.752631578947,0.737113402062,0.863636363636,0.777777777778,1.0,0.76,Pep8,Pep9,Pep13
3,0.747194013896,0.64962962963,0.735789473684,0.758957654723,0.24,0.296296296296,0.157894736842,0.5,Pep8,Pep9,Pep15
3,0.762827225131,0.664444444444,0.766842105263,0.758854166667,0.85,0.777777777778,0.894736842105,0.809523809524,Pep8,Pep10,Pep12
3,0.752012464295,0.646296296296,0.762105263158,0.742183495643,0.85,0.777777777778,0.894736842105,0.809523809524,Pep8,Pep10,Pep13
3,0.759968312649,0.663333333333,0.757368421053,0.762586115527,0.260869565217,0.37037037037,0.157894736842,0.75,Pep8,Pep10,Pep15
3,0.771450657047,0.671481481481,0.787894736842,0.755678950025,0.871794871795,0.814814814815,0.894736842105,0.85,Pep8,Pep12,Pep13
3,0.790085205267,0.698888888889,0.805263157895,0.775468829194,0.871794871795,0.814814814815,0.894736842105,0.85,Pep8,Pep12,Pep15
3,0.764551651809,0.667407407407,0.767368421053,0.761755485893,0.904761904762,0.851851851852,1.0,0.826086956522,Pep8,Pep13,Pep15
3,0.699465240642,0.583703703704,0.688421052632,0.710869565217,0.857142857143,0.777777777778,0.947368421053,0.782608695652,Pep9,Pep10,Pep12
3,0.717129387114,0.6,0.720526315789,0.713764337852,0.833333333333,0.777777777778,0.789473684211,0.882352941176,Pep9,Pep10,Pep13
3,0.712950600801,0.601851851852,0.702631578947,0.723577235772,0.837209302326,0.740740740741,0.947368421053,0.75,Pep9,Pep10,Pep15
3,0.706510138741,0.592592592593,0.696842105263,0.71645021645,0.780487804878,0.666666666667,0.842105263158,0.727272727273,Pep9,Pep12,Pep13
3,0.733578560168,0.624444444444,0.734736842105,0.732423924449,0.871794871795,0.814814814815,0.894736842105,0.85,Pep9,Pep12,Pep15
3,0.734661772417,0.625185185185,0.737368421053,0.73197492163,0.809523809524,0.703703703704,0.894736842105,0.739130434783,Pep9,Pep13,Pep15
3,0.725755995829,0.61037037037,0.732631578947,0.719008264463,0.826086956522,0.703703703704,1.0,0.703703703704,Pep10,Pep12,Pep13
3,0.736650169315,0.625555555556,0.744210526316,0.729241877256,0.85,0.777777777778,0.894736842105,0.809523809524,Pep10,Pep12,Pep15
3,0.741952232606,0.631851851852,0.752105263158,0.732069672131,0.85,0.777777777778,0.894736842105,0.809523809524,Pep10,Pep13,Pep15
3,0.745736434109,0.635555555556,0.759473684211,0.732487309645,0.85,0.777777777778,0.894736842105,0.809523809524,Pep12,Pep13,Pep15
4,0.76420673695,0.66037037037,0.782105263158,0.74710910005,0.756756756757,0.666666666667,0.736842105263,0.777777777778,Pep3,Pep6,Pep7,Pep8
4,0.742118863049,0.63037037037,0.755789473684,0.728934010152,0.857142857143,0.777777777778,0.947368421053,0.782608695652,Pep3,Pep6,Pep7,Pep9
4,0.764645426516,0.660740740741,0.783157894737,0.746987951807,0.4,0.444444444444,0.263157894737,0.833333333333,Pep3,Pep6,Pep7,Pep10
4,0.760162601626,0.65037037037,0.787368421053,0.734774066798,0.842105263158,0.777777777778,0.842105263158,0.842105263158,Pep3,Pep6,Pep7,Pep12
4,0.756190962471,0.646296296296,0.779473684211,0.734258800198,0.810810810811,0.740740740741,0.789473684211,0.833333333333,Pep3,Pep6,Pep7,Pep13
4,0.772206668363,0.668518518519,0.798421052632,0.747658945293,0.829268292683,0.740740740741,0.894736842105,0.772727272727,Pep3,Pep6,Pep7,Pep15
4,0.769822940724,0.667777777778,0.789473684211,0.751126690035,0.878048780488,0.814814814815,0.947368421053,0.818181818182,Pep3,Pep6,Pep8,Pep9
4,0.782203828246,0.688148148148,0.795789473684,0.769074262462,0.871794871795,0.814814814815,0.894736842105,0.85,Pep3,Pep6,Pep8,Pep10
4,0.778287461774,0.677777777778,0.803684210526,0.754446640316,0.742857142857,0.666666666667,0.684210526316,0.8125,Pep3,Pep6,Pep8,Pep12
4,0.765957446809,0.661851851852,0.786315789474,0.746626686657,0.883720930233,0.814814814815,1.0,0.791666666667,Pep3,Pep6,Pep8,Pep13
4,0.772083440639,0.672222222222,0.788947368421,0.755925365608,0.871794871795,0.814814814815,0.894736842105,0.85,Pep3,Pep6,Pep8,Pep15
4,0.743723849372,0.637037037037,0.748421052632,0.739085239085,0.8,0.666666666667,0.947368421053,0.692307692308,Pep3,Pep6,Pep9,Pep10
4,0.745974025974,0.637777777778,0.755789473684,0.73641025641,0.871794871795,0.814814814815,0.894736842105,0.85,Pep3,Pep6,Pep9,Pep12
4,0.733505154639,0.617037037037,0.748947368421,0.718686868687,0.8,0.740740740741,0.736842105263,0.875,Pep3,Pep6,Pep9,Pep13
4,0.738163745749,0.629259259259,0.742631578947,0.733749349974,0.871794871795,0.814814814815,0.894736842105,0.85,Pep3,Pep6,Pep9,Pep15
4,0.764856557377,0.66,0.785789473684,0.74500998004,0.9,0.851851851852,0.947368421053,0.857142857143,Pep3,Pep6,Pep10,Pep12
4,0.75802343352,0.648148148148,0.783157894737,0.734452122409,0.857142857143,0.777777777778,0.947368421053,0.782608695652,Pep3,Pep6,Pep10,Pep13
4,0.763116883117,0.662222222222,0.773157894737,0.753333333333,0.571428571429,0.444444444444,0.526315789474,0.625,Pep3,Pep6,Pep10,Pep15
4,0.755985736118,0.645185185185,0.781052631579,0.732477788746,0.357142857143,0.333333333333,0.263157894737,0.555555555556,Pep3,Pep6,Pep12,Pep13
4,0.761300152362,0.651851851852,0.788947368421,0.735525024534,0.863636363636,0.777777777778,1.0,0.76,Pep3,Pep6,Pep12,Pep15
4,0.751224542408,0.642592592593,0.766842105263,0.736230419404,0.878048780488,0.814814814815,0.947368421053,0.818181818182,Pep3,Pep6,Pep13,Pep15
4,0.75613660619,0.661481481481,0.745789473684,0.766774891775,0.863636363636,0.777777777778,1.0,0.76,Pep3,Pep7,Pep8,Pep9
4,0.767539267016,0.671111111111,0.771578947368,0.763541666667,0.9,0.851851851852,0.947368421053,0.857142857143,Pep3,Pep7,Pep8,Pep10
4,0.776885203421,0.681111111111,0.788947368421,0.765186319551,0.904761904762,0.851851851852,1.0,0.826086956522,Pep3,Pep7,Pep8,Pep12
4,0.768835176138,0.667037037037,0.786842105263,0.751633986928,0.8,0.740740740741,0.736842105263,0.875,Pep3,Pep7,Pep8,Pep13
4,0.771347002336,0.673703703704,0.782105263158,0.760880696365,0.871794871795,0.814814814815,0.894736842105,0.85,Pep3,Pep7,Pep8,Pep15
4,0.756271454978,0.658148148148,0.753684210526,0.758876523582,0.864864864865,0.814814814815,0.842105263158,0.888888888889,Pep3,Pep7,Pep9,Pep10
4,0.763137047795,0.667777777778,0.760526315789,0.765765765766,0.871794871795,0.814814814815,0.894736842105,0.85,Pep3,Pep7,Pep9,Pep12
4,0.747501315097,0.644444444444,0.747894736842,0.747108307045,0.878048780488,0.814814814815,0.947368421053,0.818181818182,Pep3,Pep7,Pep9,Pep13
4,0.756187467088,0.657037037037,0.755789473684,0.756585879874,0.871794871795,0.814814814815,0.894736842105,0.85,Pep3,Pep7,Pep9,Pep15
4,0.76315100759,0.664814814815,0.767368421053,0.758979698074,0.842105263158,0.777777777778,0.842105263158,0.842105263158,Pep3,Pep7,Pep10,Pep12
4,0.755980861244,0.66,0.748421052632,0.763694951665,0.682926829268,0.518518518519,0.736842105263,0.636363636364,Pep3,Pep7,Pep10,Pep13
4,0.774159663866,0.681481481481,0.775789473684,0.772536687631,0.9,0.851851851852,0.947368421053,0.857142857143,Pep3,Pep7,Pep10,Pep15
4,0.766068175904,0.667037037037,0.774736842105,0.757591353577,0.842105263158,0.777777777778,0.842105263158,0.842105263158,Pep3,Pep7,Pep12,Pep13
4,0.756293797041,0.652222222222,0.766842105263,0.746031746032,0.871794871795,0.814814814815,0.894736842105,0.85,Pep3,Pep7,Pep12,Pep15
4,0.763504781597,0.661111111111,0.777368421053,0.750126968004,0.764705882353,0.703703703704,0.684210526316,0.866666666667,Pep3,Pep7,Pep13,Pep15
4,0.763033175355,0.666666666667,0.762631578947,0.763435194942,0.878048780488,0.814814814815,0.947368421053,0.818181818182,Pep3,Pep8,Pep9,Pep10
4,0.756396588486,0.661481481481,0.746842105263,0.766198704104,0.871794871795,0.814814814815,0.894736842105,0.85,Pep3,Pep8,Pep9,Pep12
4,0.741739360296,0.638148148148,0.738421052632,0.745087626129,0.863636363636,0.777777777778,1.0,0.76,Pep3,Pep8,Pep9,Pep13
4,0.76870208829,0.675925925926,0.765263157895,0.772172065852,0.826086956522,0.703703703704,1.0,0.703703703704,Pep3,Pep8,Pep9,Pep15
4,0.781978249612,0.688148148148,0.794736842105,0.769622833843,0.878048780488,0.814814814815,0.947368421053,0.818181818182,Pep3,Pep8,Pep10,Pep12
4,0.774443869633,0.677037037037,0.787894736842,0.761444557477,0.878048780488,0.814814814815,0.947368421053,0.818181818182,Pep3,Pep8,Pep10,Pep13
4,0.789306511382,0.705185185185,0.784736842105,0.79392971246,0.871794871795,0.814814814815,0.894736842105,0.85,Pep3,Pep8,Pep10,Pep15
4,0.769310793238,0.671481481481,0.778421052632,0.760411311054,0.85,0.777777777778,0.894736842105,0.809523809524,Pep3,Pep8,Pep12,Pep13
4,0.797120082283,0.707777777778,0.815789473684,0.779286073404,0.166666666667,0.259259259259,0.105263157895,0.4,Pep3,Pep8,Pep12,Pep15
4,0.785898095728,0.691851851852,0.803684210526,0.768882175227,0.904761904762,0.851851851852,1.0,0.826086956522,Pep3,Pep8,Pep13,Pep15
4,0.755934915978,0.661111111111,0.745789473684,0.7663601947,0.9,0.851851851852,0.947368421053,0.857142857143,Pep3,Pep9,Pep10,Pep12
4,0.735978835979,0.63037037037,0.732105263158,0.739893617021,0.878048780488,0.814814814815,0.947368421053,0.818181818182,Pep3,Pep9,Pep10,Pep13
4,0.76513954713,0.66962962963,0.764736842105,0.765542676502,0.24,0.296296296296,0.157894736842,0.5,Pep3,Pep9,Pep10,Pep15
4,0.742148324096,0.638148148148,0.74,0.744309158285,0.810810810811,0.740740740741,0.789473684211,0.833333333333,Pep3,Pep9,Pep12,Pep13
4,0.751716851558,0.651851851852,0.748947368421,0.754506892895,0.871794871795,0.814814814815,0.894736842105,0.85,Pep3,Pep9,Pep12,Pep15
4,0.737791932059,0.634074074074,0.731578947368,0.744111349036,0.857142857143,0.777777777778,0.947368421053,0.782608695652,Pep3,Pep9,Pep13,Pep15
4,0.751109950379,0.647037037037,0.756842105263,0.745463970969,0.871794871795,0.814814814815,0.894736842105,0.85,Pep3,Pep10,Pep12,Pep13
4,0.777691309987,0.682592592593,0.788947368421,0.766751918159,0.296296296296,0.296296296296,0.210526315789,0.5,Pep3,Pep10,Pep12,Pep15
4,0.766929133858,0.671111111111,0.768947368421,0.764921465969,0.588235294118,0.481481481481,0.526315789474,0.666666666667,Pep3,Pep10,Pep13,Pep15
4,0.76618705036,0.662962962963,0.784736842105,0.748493975904,0.878048780488,0.814814814815,0.947368421053,0.818181818182,Pep3,Pep12,Pep13,Pep15
4,0.737421383648,0.628888888889,0.740526315789,0.734342379958,0.842105263158,0.777777777778,0.842105263158,0.842105263158,Pep6,Pep7,Pep8,Pep9
4,0.755578619616,0.651111111111,0.766315789474,0.745138178096,0.357142857143,0.333333333333,0.263157894737,0.555555555556,Pep6,Pep7,Pep8,Pep10
4,0.765329883571,0.664074074074,0.778421052632,0.752671755725,0.863636363636,0.777777777778,1.0,0.76,Pep6,Pep7,Pep8,Pep12
4,0.761217122228,0.657037037037,0.776842105263,0.746208291203,0.883720930233,0.814814814815,1.0,0.791666666667,Pep6,Pep7,Pep8,Pep13
4,0.761510605277,0.658518518519,0.774736842105,0.748728382503,0.904761904762,0.851851851852,1.0,0.826086956522,Pep6,Pep7,Pep8,Pep15
4,0.723680790226,0.606296296296,0.732631578947,0.714946070878,0.837209302326,0.740740740741,0.947368421053,0.75,Pep6,Pep7,Pep9,Pep10
4,0.71997916124,0.601851851852,0.727368421053,0.712738525013,0.871794871795,0.814814814815,0.894736842105,0.85,Pep6,Pep7,Pep9,Pep12
4,0.71870934166,0.59962962963,0.726842105263,0.710756562017,0.529411764706,0.407407407407,0.473684210526,0.6,Pep6,Pep7,Pep9,Pep13
4,0.721378955493,0.598888888889,0.737894736842,0.705586311022,0.85,0.777777777778,0.894736842105,0.809523809524,Pep6,Pep7,Pep9,Pep15
4,0.717419354839,0.594444444444,0.731578947368,0.703797468354,0.844444444444,0.740740740741,1.0,0.730769230769,Pep6,Pep7,Pep10,Pep12
4,0.731593903384,0.615185185185,0.745263157895,0.718417047184,0.4,0.333333333333,0.315789473684,0.545454545455,Pep6,Pep7,Pep10,Pep13
4,0.725636410388,0.604814814815,0.742631578947,0.709401709402,0.810810810811,0.740740740741,0.789473684211,0.833333333333,Pep6,Pep7,Pep10,Pep15
4,0.742667686815,0.626296296296,0.766315789474,0.720435428006,0.789473684211,0.703703703704,0.789473684211,0.789473684211,Pep6,Pep7,Pep12,Pep13
4,0.732587697001,0.61037037037,0.758421052632,0.708456243854,0.829268292683,0.740740740741,0.894736842105,0.772727272727,Pep6,Pep7,Pep12,Pep15
4,0.737433018627,0.618888888889,0.760526315789,0.715700842001,0.24,0.296296296296,0.157894736842,0.5,Pep6,Pep7,Pep13,Pep15
4,0.734886155457,0.624814814815,0.738947368421,0.730869338886,0.844444444444,0.740740740741,1.0,0.730769230769,Pep6,Pep8,Pep9,Pep10
4,0.736869747899,0.628888888889,0.738421052632,0.735324947589,0.736842105263,0.62962962963,0.736842105263,0.736842105263,Pep6,Pep8,Pep9,Pep12
4,0.74095139607,0.628888888889,0.754210526316,0.728150406504,0.863636363636,0.777777777778,1.0,0.76,Pep6,Pep8,Pep9,Pep13
4,0.741567202906,0.631111111111,0.752105263158,0.731320368475,0.844444444444,0.740740740741,1.0,0.730769230769,Pep6,Pep8,Pep9,Pep15
4,0.75,0.642222222222,0.762631578947,0.737780040733,0.878048780488,0.814814814815,0.947368421053,0.818181818182,Pep6,Pep8,Pep10,Pep12
4,0.739504563233,0.63,0.746315789474,0.732816537468,0.756756756757,0.666666666667,0.736842105263,0.777777777778,Pep6,Pep8,Pep10,Pep13
4,0.756672713138,0.652222222222,0.768421052632,0.745278203165,0.272727272727,0.407407407407,0.157894736842,1.0,Pep6,Pep8,Pep10,Pep15
4,0.756354300385,0.648518518519,0.775263157895,0.738345864662,0.85,0.777777777778,0.894736842105,0.809523809524,Pep6,Pep8,Pep12,Pep13
4,0.759598041742,0.654444444444,0.775789473684,0.744068652196,0.85,0.777777777778,0.894736842105,0.809523809524,Pep6,Pep8,Pep12,Pep15
4,0.746618106139,0.639259259259,0.755263157895,0.73816872428,0.810810810811,0.740740740741,0.789473684211,0.833333333333,Pep6,Pep8,Pep13,Pep15
4,0.702431289641,0.582962962963,0.699473684211,0.705414012739,0.844444444444,0.740740740741,1.0,0.730769230769,Pep6,Pep9,Pep10,Pep12
4,0.686708860759,0.56,0.685263157895,0.688160676533,0.387096774194,0.296296296296,0.315789473684,0.5,Pep6,Pep9,Pep10,Pep13
4,0.709576953024,0.585555555556,0.719473684211,0.699948796723,0.296296296296,0.296296296296,0.210526315789,0.5,Pep6,Pep9,Pep10,Pep15
4,0.708387431836,0.584074074074,0.717894736842,0.699128651973,0.826086956522,0.703703703704,1.0,0.703703703704,Pep6,Pep9,Pep12,Pep13
4,0.724340926542,0.601111111111,0.744736842105,0.705032386647,0.844444444444,0.740740740741,1.0,0.730769230769,Pep6,Pep9,Pep12,Pep15
4,0.704761904762,0.575185185185,0.720526315789,0.689672544081,0.85,0.777777777778,0.894736842105,0.809523809524,Pep6,Pep9,Pep13,Pep15
4,0.713505074161,0.592222222222,0.721578947368,0.705609881626,0.837209302326,0.740740740741,0.947368421053,0.75,Pep6,Pep10,Pep12,Pep13
4,0.726532688883,0.601851851852,0.751578947368,0.703101920236,0.844444444444,0.740740740741,1.0,0.730769230769,Pep6,Pep10,Pep12,Pep15
4,0.722564102564,0.599259259259,0.741578947368,0.7045,0.777777777778,0.703703703704,0.736842105263,0.823529411765,Pep6,Pep10,Pep13,Pep15
4,0.739218670726,0.619259259259,0.766842105263,0.713516160627,0.857142857143,0.777777777778,0.947368421053,0.782608695652,Pep6,Pep12,Pep13,Pep15
4,0.744394618834,0.641111111111,0.742631578947,0.746166049709,0.285714285714,0.259259259259,0.210526315789,0.444444444444,Pep7,Pep8,Pep9,Pep10
4,0.740128068303,0.639259259259,0.73,0.750541125541,0.833333333333,0.777777777778,0.789473684211,0.882352941176,Pep7,Pep8,Pep9,Pep12
4,0.739978902954,0.634814814815,0.738421052632,0.741543340381,0.883720930233,0.814814814815,1.0,0.791666666667,Pep7,Pep8,Pep9,Pep13
4,0.744849445325,0.642222222222,0.742105263158,0.747613997879,0.9,0.851851851852,0.947368421053,0.857142857143,Pep7,Pep8,Pep9,Pep15
4,0.758942457232,0.655555555556,0.770526315789,0.747701736466,0.857142857143,0.777777777778,0.947368421053,0.782608695652,Pep7,Pep8,Pep10,Pep12
4,0.755844155844,0.651851851852,0.765789473684,0.746153846154,0.871794871795,0.814814814815,0.894736842105,0.85,Pep7,Pep8,Pep10,Pep13
4,0.760072783988,0.658148148148,0.769473684211,0.750898818695,0.857142857143,0.777777777778,0.947368421053,0.782608695652,Pep7,Pep8,Pep10,Pep15
4,0.752800208388,0.648518518519,0.760526315789,0.745229499742,0.871794871795,0.814814814815,0.894736842105,0.85,Pep7,Pep8,Pep12,Pep13
4,0.760614743423,0.65962962963,0.768421052632,0.752965446106,0.878048780488,0.814814814815,0.947368421053,0.818181818182,Pep7,Pep8,Pep12,Pep15
4,0.760497667185,0.657777777778,0.772105263158,0.749233912155,0.842105263158,0.777777777778,0.842105263158,0.842105263158,Pep7,Pep8,Pep13,Pep15
4,0.713345617268,0.596666666667,0.713157894737,0.713533438652,0.85,0.777777777778,0.894736842105,0.809523809524,Pep7,Pep9,Pep10,Pep12
4,0.705111402359,0.583333333333,0.707894736842,0.702349869452,0.826086956522,0.703703703704,1.0,0.703703703704,Pep7,Pep9,Pep10,Pep13
4,0.731887890005,0.624444444444,0.728421052632,0.735387885228,0.37037037037,0.37037037037,0.263157894737,0.625,Pep7,Pep9,Pep10,Pep15
4,0.691082802548,0.568888888889,0.685263157895,0.697002141328,0.285714285714,0.259259259259,0.210526315789,0.444444444444,Pep7,Pep9,Pep12,Pep13
4,0.724691033395,0.612222222222,0.725263157895,0.724119810825,0.85,0.777777777778,0.894736842105,0.809523809524,Pep7,Pep9,Pep12,Pep15
4,0.726699921239,0.614444444444,0.728421052632,0.724986904138,0.842105263158,0.777777777778,0.842105263158,0.842105263158,Pep7,Pep9,Pep13,Pep15
4,0.7124508519,0.593703703704,0.715263157895,0.709660574413,0.24,0.296296296296,0.157894736842,0.5,Pep7,Pep10,Pep12,Pep13
4,0.731144176501,0.611851851852,0.75,0.713213213213,0.645161290323,0.592592592593,0.526315789474,0.833333333333,Pep7,Pep10,Pep12,Pep15
4,0.737990132433,0.626296296296,0.747894736842,0.728344438749,0.833333333333,0.777777777778,0.789473684211,0.882352941176,Pep7,Pep10,Pep13,Pep15
4,0.740434332989,0.628148148148,0.753684210526,0.727642276423,0.823529411765,0.777777777778,0.736842105263,0.933333333333,Pep7,Pep12,Pep13,Pep15
4,0.738025153867,0.637407407407,0.725789473684,0.750680457267,0.871794871795,0.814814814815,0.894736842105,0.85,Pep8,Pep9,Pep10,Pep12
4,0.736567553469,0.625925925926,0.743157894737,0.730093071355,0.810810810811,0.740740740741,0.789473684211,0.833333333333,Pep8,Pep9,Pep10,Pep13
4,0.746157922629,0.645185185185,0.741052631579,0.751334044824,0.857142857143,0.777777777778,0.947368421053,0.782608695652,Pep8,Pep9,Pep10,Pep15
4,0.738575982997,0.635555555556,0.731578947368,0.745708154506,0.871794871795,0.814814814815,0.894736842105,0.85,Pep8,Pep9,Pep12,Pep13
4,0.744544970729,0.644444444444,0.736315789474,0.752960172228,0.871794871795,0.814814814815,0.894736842105,0.85,Pep8,Pep9,Pep12,Pep15
4,0.725531914894,0.617777777778,0.717894736842,0.733333333333,0.413793103448,0.37037037037,0.315789473684,0.6,Pep8,Pep9,Pep13,Pep15
4,0.752577319588,0.644444444444,0.768421052632,0.737373737374,0.878048780488,0.814814814815,0.947368421053,0.818181818182,Pep8,Pep10,Pep12,Pep13
4,0.764538640476,0.662592592593,0.778421052632,0.751142712037,0.871794871795,0.814814814815,0.894736842105,0.85,Pep8,Pep10,Pep12,Pep15
4,0.743710691824,0.637777777778,0.746842105263,0.740605427975,0.85,0.777777777778,0.894736842105,0.809523809524,Pep8,Pep10,Pep13,Pep15
4,0.766012396694,0.664444444444,0.780526315789,0.752028397566,0.833333333333,0.777777777778,0.789473684211,0.882352941176,Pep8,Pep12,Pep13,Pep15
4,0.693791281374,0.570740740741,0.691052631579,0.696551724138,0.285714285714,0.259259259259,0.210526315789,0.444444444444,Pep9,Pep10,Pep12,Pep13
4,0.714398525928,0.598148148148,0.714210526316,0.714586624539,0.85,0.777777777778,0.894736842105,0.809523809524,Pep9,Pep10,Pep12,Pep15
4,0.711953659821,0.594814814815,0.711578947368,0.712328767123,0.871794871795,0.814814814815,0.894736842105,0.85,Pep9,Pep10,Pep13,Pep15
4,0.725182863114,0.61037037037,0.730526315789,0.719917012448,0.837209302326,0.740740740741,0.947368421053,0.75,Pep9,Pep12,Pep13,Pep15
4,0.725485122898,0.607037037037,0.737894736842,0.713486005089,0.424242424242,0.296296296296,0.368421052632,0.5,Pep10,Pep12,Pep13,Pep15
5,0.741608118657,0.632222222222,0.75,0.733401955739,0.85,0.777777777778,0.894736842105,0.809523809524,Pep3,Pep6,Pep7,Pep8,Pep9
5,0.756237006237,0.652592592593,0.765789473684,0.746919917864,0.871794871795,0.814814814815,0.894736842105,0.85,Pep3,Pep6,Pep7,Pep8,Pep10
5,0.767830045524,0.66,0.798947368421,0.739045764362,0.85,0.777777777778,0.894736842105,0.809523809524,Pep3,Pep6,Pep7,Pep8,Pep12
5,0.750830564784,0.638888888889,0.773157894737,0.729756582216,0.829268292683,0.740740740741,0.894736842105,0.772727272727,Pep3,Pep6,Pep7,Pep8,Pep13
5,0.773797338792,0.672592592593,0.795789473684,0.752988047809,0.883720930233,0.814814814815,1.0,0.791666666667,Pep3,Pep6,Pep7,Pep8,Pep15
5,0.719071485096,0.605555555556,0.717368421053,0.72078265468,0.344827586207,0.296296296296,0.263157894737,0.5,Pep3,Pep6,Pep7,Pep9,Pep10
5,0.733940182055,0.621111111111,0.742631578947,0.725449871465,0.878048780488,0.814814814815,0.947368421053,0.818181818182,Pep3,Pep6,Pep7,Pep9,Pep12
5,0.738248137683,0.622592592593,0.756315789474,0.721023582539,0.857142857143,0.777777777778,0.947368421053,0.782608695652,Pep3,Pep6,Pep7,Pep9,Pep13
5,0.733092410945,0.617037037037,0.747368421053,0.719351570415,0.833333333333,0.777777777778,0.789473684211,0.882352941176,Pep3,Pep6,Pep7,Pep9,Pep15
5,0.750577960442,0.64037037037,0.768947368421,0.733065730055,0.842105263158,0.777777777778,0.842105263158,0.842105263158,Pep3,Pep6,Pep7,Pep10,Pep12
5,0.732867856219,0.617407407407,0.745789473684,0.720386375191,0.883720930233,0.814814814815,1.0,0.791666666667,Pep3,Pep6,Pep7,Pep10,Pep13
5,0.743958868895,0.631111111111,0.761578947368,0.727135678392,0.85,0.777777777778,0.894736842105,0.809523809524,Pep3,Pep6,Pep7,Pep10,Pep15
5,0.741877718086,0.626296296296,0.763157894737,0.72175211548,0.829268292683,0.740740740741,0.894736842105,0.772727272727,Pep3,Pep6,Pep7,Pep12,Pep13
5,0.747772970221,0.632962962963,0.773157894737,0.724001971414,0.871794871795,0.814814814815,0.894736842105,0.85,Pep3,Pep6,Pep7,Pep12,Pep15
5,0.731304796287,0.614074074074,0.746315789474,0.716885743175,0.85,0.777777777778,0.894736842105,0.809523809524,Pep3,Pep6,Pep7,Pep13,Pep15
5,0.751691827173,0.646666666667,0.76,0.743563336766,0.871794871795,0.814814814815,0.894736842105,0.85,Pep3,Pep6,Pep8,Pep9,Pep10
5,0.759388759389,0.655925925926,0.771578947368,0.747577766446,0.85,0.777777777778,0.894736842105,0.809523809524,Pep3,Pep6,Pep8,Pep9,Pep12
5,0.736568907345,0.624074074074,0.746842105263,0.726574500768,0.702702702703,0.592592592593,0.684210526316,0.722222222222,Pep3,Pep6,Pep8,Pep9,Pep13
5,0.751582278481,0.651111111111,0.75,0.753171247357,0.878048780488,0.814814814815,0.947368421053,0.818181818182,Pep3,Pep6,Pep8,Pep9,Pep15
5,0.767801857585,0.666666666667,0.783157894737,0.753036437247,0.871794871795,0.814814814815,0.894736842105,0.85,Pep3,Pep6,Pep8,Pep10,Pep12
5,0.768171384851,0.663333333333,0.792631578947,0.745175655616,0.8,0.740740740741,0.736842105263,0.875,Pep3,Pep6,Pep8,Pep10,Pep13
5,0.784252784253,0.691481481481,0.796842105263,0.772055073942,0.871794871795,0.814814814815,0.894736842105,0.85,Pep3,Pep6,Pep8,Pep10,Pep15
5,0.764631365594,0.655925925926,0.794210526316,0.737176355642,0.883720930233,0.814814814815,1.0,0.791666666667,Pep3,Pep6,Pep8,Pep12,Pep13
5,0.769348659004,0.665555555556,0.792631578947,0.747394540943,0.260869565217,0.37037037037,0.157894736842,0.75,Pep3,Pep6,Pep8,Pep12,Pep15
5,0.752154609559,0.648518518519,0.757894736842,0.746500777605,0.878048780488,0.814814814815,0.947368421053,0.818181818182,Pep3,Pep6,Pep8,Pep13,Pep15
5,0.737171138317,0.626296296296,0.744736842105,0.729757607014,0.9,0.851851851852,0.947368421053,0.857142857143,Pep3,Pep6,Pep9,Pep10,Pep12
5,0.730093071355,0.613333333333,0.743157894737,0.717479674797,0.789473684211,0.703703703704,0.789473684211,0.789473684211,Pep3,Pep6,Pep9,Pep10,Pep13
5,0.737666405638,0.627777777778,0.743684210526,0.731745209736,0.871794871795,0.814814814815,0.894736842105,0.85,Pep3,Pep6,Pep9,Pep10,Pep15
5,0.729793356003,0.617407407407,0.734210526316,0.725429017161,0.25,0.333333333333,0.157894736842,0.6,Pep3,Pep6,Pep9,Pep12,Pep13
5,0.729247478666,0.612222222222,0.742105263158,0.716827656329,0.878048780488,0.814814814815,0.947368421053,0.818181818182,Pep3,Pep6,Pep9,Pep12,Pep15
5,0.728442728443,0.609259259259,0.744736842105,0.712846347607,0.857142857143,0.777777777778,0.947368421053,0.782608695652,Pep3,Pep6,Pep9,Pep13,Pep15
5,0.741121976325,0.627407407407,0.757894736842,0.725075528701,0.863636363636,0.777777777778,1.0,0.76,Pep3,Pep6,Pep10,Pep12,Pep13
5,0.753593429158,0.644444444444,0.772631578947,0.735470941884,0.871794871795,0.814814814815,0.894736842105,0.85,Pep3,Pep6,Pep10,Pep12,Pep15
5,0.761250953471,0.652222222222,0.787894736842,0.736350221348,0.85,0.777777777778,0.894736842105,0.809523809524,Pep3,Pep6,Pep10,Pep13,Pep15
5,0.739934160547,0.61962962963,0.768947368421,0.713030746706,0.809523809524,0.703703703704,0.894736842105,0.739130434783,Pep3,Pep6,Pep12,Pep13,Pep15
5,0.749867514573,0.65037037037,0.744736842105,0.755069370331,0.878048780488,0.814814814815,0.947368421053,0.818181818182,Pep3,Pep7,Pep8,Pep9,Pep10
5,0.74024585783,0.64,0.728947368421,0.751900108578,0.837209302326,0.740740740741,0.947368421053,0.75,Pep3,Pep7,Pep8,Pep9,Pep12
5,0.739061676331,0.633333333333,0.737894736842,0.740232312566,0.780487804878,0.666666666667,0.842105263158,0.727272727273,Pep3,Pep7,Pep8,Pep9,Pep13
5,0.743315508021,0.644444444444,0.731578947368,0.755434782609,0.871794871795,0.814814814815,0.894736842105,0.85,Pep3,Pep7,Pep8,Pep9,Pep15
5,0.757883763357,0.655925925926,0.765263157895,0.750645327827,0.9,0.851851851852,0.947368421053,0.857142857143,Pep3,Pep7,Pep8,Pep10,Pep12
5,0.751176163095,0.647407407407,0.756315789474,0.746105919003,0.871794871795,0.814814814815,0.894736842105,0.85,Pep3,Pep7,Pep8,Pep10,Pep13
5,0.777980693973,0.684814814815,0.784736842105,0.771339886187,0.6,0.555555555556,0.473684210526,0.818181818182,Pep3,Pep7,Pep8,Pep10,Pep15
5,0.755889205281,0.650740740741,0.768421052632,0.743759551707,0.727272727273,0.666666666667,0.631578947368,0.857142857143,Pep3,Pep7,Pep8,Pep12,Pep13
5,0.766944734098,0.668888888889,0.774210526316,0.759814049587,0.878048780488,0.814814814815,0.947368421053,0.818181818182,Pep3,Pep7,Pep8,Pep12,Pep15
5,0.756416972237,0.655555555556,0.76,0.752867570386,0.484848484848,0.37037037037,0.421052631579,0.571428571429,Pep3,Pep7,Pep8,Pep13,Pep15
5,0.73470478226,0.632222222222,0.723684210526,0.746066196419,0.904761904762,0.851851851852,1.0,0.826086956522,Pep3,Pep7,Pep9,Pep10,Pep12
5,0.741721854305,0.638888888889,0.736842105263,0.746666666667,0.883720930233,0.814814814815,1.0,0.791666666667,Pep3,Pep7,Pep9,Pep10,Pep13
5,0.736477484679,0.633703703704,0.727368421053,0.745817593092,0.648648648649,0.518518518519,0.631578947368,0.666666666667,Pep3,Pep7,Pep9,Pep10,Pep15
5,0.739358906989,0.632592592593,0.740526315789,0.738195173137,0.764705882353,0.703703703704,0.684210526316,0.866666666667,Pep3,Pep7,Pep9,Pep12,Pep13
5,0.749412072119,0.644814814815,0.754736842105,0.744161909704,0.444444444444,0.444444444444,0.315789473684,0.75,Pep3,Pep7,Pep9,Pep12,Pep15
5,0.743697478992,0.638518518519,0.745263157895,0.74213836478,0.810810810811,0.740740740741,0.789473684211,0.833333333333,Pep3,Pep7,Pep9,Pep13,Pep15
5,0.738356881214,0.62962962963,0.742631578947,0.734131113424,0.9,0.851851851852,0.947368421053,0.857142857143,Pep3,Pep7,Pep10,Pep12,Pep13
5,0.760230849948,0.661481481481,0.762631578947,0.757845188285,0.871794871795,0.814814814815,0.894736842105,0.85,Pep3,Pep7,Pep10,Pep12,Pep15
5,0.761431931016,0.661851851852,0.766842105263,0.756097560976,0.871794871795,0.814814814815,0.894736842105,0.85,Pep3,Pep7,Pep10,Pep13,Pep15
5,0.747006767309,0.64,0.755263157895,0.738928939238,0.883720930233,0.814814814815,1.0,0.791666666667,Pep3,Pep7,Pep12,Pep13,Pep15
5,0.761803713528,0.667407407407,0.755789473684,0.767914438503,0.904761904762,0.851851851852,1.0,0.826086956522,Pep3,Pep8,Pep9,Pep10,Pep12
5,0.750778816199,0.644444444444,0.761052631579,0.740778688525,0.322580645161,0.222222222222,0.263157894737,0.416666666667,Pep3,Pep8,Pep9,Pep10,Pep13
5,0.766058683584,0.672222222222,0.762631578947,0.769516728625,0.878048780488,0.814814814815,0.947368421053,0.818181818182,Pep3,Pep8,Pep9,Pep10,Pep15
5,0.737592397043,0.631851851852,0.735263157895,0.739936440678,0.85,0.777777777778,0.894736842105,0.809523809524,Pep3,Pep8,Pep9,Pep12,Pep13
5,0.75585106383,0.66,0.747894736842,0.763978494624,0.871794871795,0.814814814815,0.894736842105,0.85,Pep3,Pep8,Pep9,Pep12,Pep15
5,0.744820351429,0.63962962963,0.747368421053,0.742289597491,0.871794871795,0.814814814815,0.894736842105,0.85,Pep3,Pep8,Pep9,Pep13,Pep15
5,0.754481683554,0.65,0.764210526316,0.744997434582,0.904761904762,0.851851851852,1.0,0.826086956522,Pep3,Pep8,Pep10,Pep12,Pep13
5,0.764904972663,0.665555555556,0.773157894737,0.756826378156,0.647058823529,0.555555555556,0.578947368421,0.733333333333,Pep3,Pep8,Pep10,Pep12,Pep15
5,0.774614781927,0.68037037037,0.780526315789,0.76879212027,0.904761904762,0.851851851852,1.0,0.826086956522,Pep3,Pep8,Pep10,Pep13,Pep15
5,0.75837010122,0.655185185185,0.768947368421,0.748079877112,0.871794871795,0.814814814815,0.894736842105,0.85,Pep3,Pep8,Pep12,Pep13,Pep15
5,0.742131711188,0.638888888889,0.738421052632,0.745879851143,0.833333333333,0.777777777778,0.789473684211,0.882352941176,Pep3,Pep9,Pep10,Pep12,Pep13
5,0.746221161496,0.645555555556,0.740526315789,0.752004275788,0.842105263158,0.777777777778,0.842105263158,0.842105263158,Pep3,Pep9,Pep10,Pep12,Pep15
5,0.726500265534,0.618518518519,0.72,0.733118971061,0.810810810811,0.740740740741,0.789473684211,0.833333333333,Pep3,Pep9,Pep10,Pep13,Pep15
5,0.7291886196,0.619259259259,0.728421052632,0.729957805907,0.857142857143,0.777777777778,0.947368421053,0.782608695652,Pep3,Pep9,Pep12,Pep13,Pep15
5,0.759064026742,0.652962962963,0.776842105263,0.742081447964,0.883720930233,0.814814814815,1.0,0.791666666667,Pep3,Pep10,Pep12,Pep13,Pep15
5,0.731296101159,0.622222222222,0.730526315789,0.732067510549,0.863636363636,0.777777777778,1.0,0.76,Pep6,Pep7,Pep8,Pep9,Pep10
5,0.733071895425,0.621851851852,0.737894736842,0.728311688312,0.863636363636,0.777777777778,1.0,0.76,Pep6,Pep7,Pep8,Pep9,Pep12
5,0.723326359833,0.608148148148,0.727894736842,0.718814968815,0.764705882353,0.703703703704,0.684210526316,0.866666666667,Pep6,Pep7,Pep8,Pep9,Pep13
5,0.726417559446,0.612222222222,0.731578947368,0.721328489881,0.826086956522,0.703703703704,1.0,0.703703703704,Pep6,Pep7,Pep8,Pep9,Pep15
5,0.737252861602,0.625925925926,0.745789473684,0.728909465021,0.702702702703,0.592592592593,0.684210526316,0.722222222222,Pep6,Pep7,Pep8,Pep10,Pep12
5,0.73681475708,0.624814814815,0.746315789474,0.727552591072,0.764705882353,0.703703703704,0.684210526316,0.866666666667,Pep6,Pep7,Pep8,Pep10,Pep13
5,0.744780793319,0.637777777778,0.751052631579,0.738612836439,0.837209302326,0.740740740741,0.947368421053,0.75,Pep6,Pep7,Pep8,Pep10,Pep15
5,0.734249416645,0.62037037037,0.745263157895,0.723556463975,0.820512820513,0.740740740741,0.842105263158,0.8,Pep6,Pep7,Pep8,Pep12,Pep13
5,0.751845253245,0.638888888889,0.777368421053,0.727944800394,0.871794871795,0.814814814815,0.894736842105,0.85,Pep6,Pep7,Pep8,Pep12,Pep15
5,0.743048403708,0.63037037037,0.759473684211,0.727318548387,0.85,0.777777777778,0.894736842105,0.809523809524,Pep6,Pep7,Pep8,Pep13,Pep15
5,0.713875097988,0.594444444444,0.718947368421,0.70887389725,0.844444444444,0.740740740741,1.0,0.730769230769,Pep6,Pep7,Pep9,Pep10,Pep12
5,0.711203535222,0.588518518519,0.72,0.702619414484,0.777777777778,0.703703703704,0.736842105263,0.823529411765,Pep6,Pep7,Pep9,Pep10,Pep13
5,0.710743801653,0.585185185185,0.724210526316,0.697768762677,0.871794871795,0.814814814815,0.894736842105,0.85,Pep6,Pep7,Pep9,Pep10,Pep15
5,0.70102014125,0.576666666667,0.705263157895,0.696827873115,0.809523809524,0.703703703704,0.894736842105,0.739130434783,Pep6,Pep7,Pep9,Pep12,Pep13
5,0.719048849832,0.597407407407,0.732105263158,0.706449974606,0.181818181818,0.333333333333,0.105263157895,0.666666666667,Pep6,Pep7,Pep9,Pep12,Pep15
5,0.712074303406,0.586666666667,0.726315789474,0.698380566802,0.780487804878,0.666666666667,0.842105263158,0.727272727273,Pep6,Pep7,Pep9,Pep13,Pep15
5,0.72471190781,0.601851851852,0.744736842105,0.705735660848,0.837209302326,0.740740740741,0.947368421053,0.75,Pep6,Pep7,Pep10,Pep12,Pep13
5,0.724120346762,0.599259259259,0.747368421053,0.702274975272,0.428571428571,0.407407407407,0.315789473684,0.666666666667,Pep6,Pep7,Pep10,Pep12,Pep15
5,0.704533611256,0.58,0.711578947368,0.697626418989,0.628571428571,0.518518518519,0.578947368421,0.6875,Pep6,Pep7,Pep10,Pep13,Pep15
5,0.71388101983,0.588518518519,0.729473684211,0.698940998487,0.7,0.555555555556,0.736842105263,0.666666666667,Pep6,Pep7,Pep12,Pep13,Pep15
5,0.74889178618,0.643333333333,0.755789473684,0.742118863049,0.878048780488,0.814814814815,0.947368421053,0.818181818182,Pep6,Pep8,Pep9,Pep10,Pep12
5,0.716191472665,0.598148148148,0.720526315789,0.711908476339,0.863636363636,0.777777777778,1.0,0.76,Pep6,Pep8,Pep9,Pep10,Pep13
5,0.709952102182,0.596296296296,0.702105263158,0.717976318622,0.1,0.333333333333,0.0526315789474,1.0,Pep6,Pep8,Pep9,Pep10,Pep15
5,0.714809000523,0.596296296296,0.718947368421,0.710718002081,0.878048780488,0.814814814815,0.947368421053,0.818181818182,Pep6,Pep8,Pep9,Pep12,Pep13
5,0.737889499869,0.629259259259,0.741578947368,0.734236581553,0.0,0.296296296296,0.0,0.0,Pep6,Pep8,Pep9,Pep12,Pep15
5,0.713093375065,0.592592592593,0.719473684211,0.706825232678,0.85,0.777777777778,0.894736842105,0.809523809524,Pep6,Pep8,Pep9,Pep13,Pep15
5,0.740169622205,0.625555555556,0.757894736842,0.723254645907,0.863636363636,0.777777777778,1.0,0.76,Pep6,Pep8,Pep10,Pep12,Pep13
5,0.741538461538,0.626666666667,0.761052631579,0.723,0.871794871795,0.814814814815,0.894736842105,0.85,Pep6,Pep8,Pep10,Pep12,Pep15
5,0.731618602234,0.617407407407,0.741052631579,0.722421754746,0.85,0.777777777778,0.894736842105,0.809523809524,Pep6,Pep8,Pep10,Pep13,Pep15
5,0.753889313951,0.642592592593,0.777894736842,0.731321128154,0.871794871795,0.814814814815,0.894736842105,0.85,Pep6,Pep8,Pep12,Pep13,Pep15
5,0.706504494976,0.588888888889,0.703157894737,0.709883103082,0.829268292683,0.740740740741,0.894736842105,0.772727272727,Pep6,Pep9,Pep10,Pep12,Pep13
5,0.711409395973,0.585925925926,0.725263157895,0.698074974671,0.787878787879,0.740740740741,0.684210526316,0.928571428571,Pep6,Pep9,Pep10,Pep12,Pep15
5,0.697494187548,0.566296296296,0.710526315789,0.684931506849,0.647058823529,0.555555555556,0.578947368421,0.733333333333,Pep6,Pep9,Pep10,Pep13,Pep15
5,0.702282157676,0.574814814815,0.712631578947,0.692229038855,0.829268292683,0.740740740741,0.894736842105,0.772727272727,Pep6,Pep9,Pep12,Pep13,Pep15
5,0.717424629535,0.59037037037,0.738947368421,0.697120158888,0.85,0.777777777778,0.894736842105,0.809523809524,Pep6,Pep10,Pep12,Pep13,Pep15
5,0.729386892178,0.620740740741,0.726315789474,0.732484076433,0.863636363636,0.777777777778,1.0,0.76,Pep7,Pep8,Pep9,Pep10,Pep12
5,0.728326745718,0.618148148148,0.727368421053,0.729287598945,0.842105263158,0.777777777778,0.842105263158,0.842105263158,Pep7,Pep8,Pep9,Pep10,Pep13
5,0.737812911726,0.631481481481,0.736842105263,0.738786279683,0.810810810811,0.740740740741,0.789473684211,0.833333333333,Pep7,Pep8,Pep9,Pep10,Pep15
5,0.725738396624,0.614814814815,0.724210526316,0.727272727273,0.878048780488,0.814814814815,0.947368421053,0.818181818182,Pep7,Pep8,Pep9,Pep12,Pep13
5,0.736953083817,0.63037037037,0.735789473684,0.738120380148,0.871794871795,0.814814814815,0.894736842105,0.85,Pep7,Pep8,Pep9,Pep12,Pep15
5,0.718758362323,0.610740740741,0.706842105263,0.73108328797,0.4375,0.333333333333,0.368421052632,0.538461538462,Pep7,Pep8,Pep9,Pep13,Pep15
5,0.742487046632,0.631851851852,0.754210526316,0.73112244898,0.871794871795,0.814814814815,0.894736842105,0.85,Pep7,Pep8,Pep10,Pep12,Pep13
5,0.757763975155,0.653333333333,0.770526315789,0.745417515275,0.810810810811,0.740740740741,0.789473684211,0.833333333333,Pep7,Pep8,Pep10,Pep12,Pep15
5,0.736952530816,0.628518518519,0.739473684211,0.734448510193,0.484848484848,0.37037037037,0.421052631579,0.571428571429,Pep7,Pep8,Pep10,Pep13,Pep15
5,0.759259259259,0.653333333333,0.776842105263,0.74245472837,0.871794871795,0.814814814815,0.894736842105,0.85,Pep7,Pep8,Pep12,Pep13,Pep15
5,0.692613185068,0.57,0.688421052632,0.696856686201,0.8,0.666666666667,0.947368421053,0.692307692308,Pep7,Pep9,Pep10,Pep12,Pep13
5,0.709000262398,0.589259259259,0.711052631579,0.70695970696,0.230769230769,0.259259259259,0.157894736842,0.428571428571,Pep7,Pep9,Pep10,Pep12,Pep15
5,0.708344370861,0.592222222222,0.703684210526,0.713066666667,0.85,0.777777777778,0.894736842105,0.809523809524,Pep7,Pep9,Pep10,Pep13,Pep15
5,0.713914849429,0.591851851852,0.723684210526,0.704405737705,0.844444444444,0.740740740741,1.0,0.730769230769,Pep7,Pep9,Pep12,Pep13,Pep15
5,0.717869149211,0.595925925926,0.730526315789,0.705643111337,0.85,0.777777777778,0.894736842105,0.809523809524,Pep7,Pep10,Pep12,Pep13,Pep15
5,0.731668856767,0.621851851852,0.732631578947,0.730708661417,0.842105263158,0.777777777778,0.842105263158,0.842105263158,Pep8,Pep9,Pep10,Pep12,Pep13
5,0.754124116261,0.652222222222,0.757894736842,0.750390828557,0.85,0.777777777778,0.894736842105,0.809523809524,Pep8,Pep9,Pep10,Pep12,Pep15
5,0.733053074094,0.623703703704,0.734210526316,0.731899265477,0.484848484848,0.37037037037,0.421052631579,0.571428571429,Pep8,Pep9,Pep10,Pep13,Pep15
5,0.730526315789,0.620740740741,0.730526315789,0.730526315789,0.829268292683,0.740740740741,0.894736842105,0.772727272727,Pep8,Pep9,Pep12,Pep13,Pep15
5,0.733644859813,0.62,0.743684210526,0.72387295082,0.37037037037,0.37037037037,0.263157894737,0.625,Pep8,Pep10,Pep12,Pep13,Pep15
5,0.707150368034,0.587407407407,0.707894736842,0.706407563025,0.857142857143,0.777777777778,0.947368421053,0.782608695652,Pep9,Pep10,Pep12,Pep13,Pep15
6,0.75610382935,0.648518518519,0.774210526316,0.7388247112,0.871794871795,0.814814814815,0.894736842105,0.85,Pep3,Pep6,Pep7,Pep8,Pep9,Pep10
6,0.740083507307,0.631111111111,0.746315789474,0.733954451346,0.4375,0.333333333333,0.368421052632,0.538461538462,Pep3,Pep6,Pep7,Pep8,Pep9,Pep12
6,0.73689646269,0.622592592593,0.751052631579,0.723264064876,0.266666666667,0.185185185185,0.210526315789,0.363636363636,Pep3,Pep6,Pep7,Pep8,Pep9,Pep13
6,0.756490134995,0.652592592593,0.766842105263,0.746413934426,0.871794871795,0.814814814815,0.894736842105,0.85,Pep3,Pep6,Pep7,Pep8,Pep9,Pep15
6,0.754039497307,0.644814814815,0.773684210526,0.735367683842,0.37037037037,0.37037037037,0.263157894737,0.625,Pep3,Pep6,Pep7,Pep8,Pep10,Pep12
6,0.74420998456,0.631851851852,0.761052631579,0.728096676737,0.871794871795,0.814814814815,0.894736842105,0.85,Pep3,Pep6,Pep7,Pep8,Pep10,Pep13
6,0.761633919338,0.658518518519,0.775263157895,0.748475609756,0.871794871795,0.814814814815,0.894736842105,0.85,Pep3,Pep6,Pep7,Pep8,Pep10,Pep15
6,0.746421267894,0.632592592593,0.768421052632,0.72564612326,0.823529411765,0.777777777778,0.736842105263,0.933333333333,Pep3,Pep6,Pep7,Pep8,Pep12,Pep13
6,0.760132551619,0.651481481481,0.784736842105,0.737024221453,0.871794871795,0.814814814815,0.894736842105,0.85,Pep3,Pep6,Pep7,Pep8,Pep12,Pep15
6,0.748977505112,0.636296296296,0.771052631579,0.728131212724,0.857142857143,0.777777777778,0.947368421053,0.782608695652,Pep3,Pep6,Pep7,Pep8,Pep13,Pep15
6,0.727225538541,0.610740740741,0.737368421053,0.717357910906,0.545454545455,0.444444444444,0.473684210526,0.642857142857,Pep3,Pep6,Pep7,Pep9,Pep10,Pep12
6,0.728255275347,0.608888888889,0.744736842105,0.712487411883,0.871794871795,0.814814814815,0.894736842105,0.85,Pep3,Pep6,Pep7,Pep9,Pep10,Pep13
6,0.730322580645,0.612962962963,0.744736842105,0.716455696203,0.857142857143,0.777777777778,0.947368421053,0.782608695652,Pep3,Pep6,Pep7,Pep9,Pep10,Pep15
6,0.712793733681,0.592592592593,0.718421052632,0.70725388601,0.85,0.777777777778,0.894736842105,0.809523809524,Pep3,Pep6,Pep7,Pep9,Pep12,Pep13
6,0.734419446599,0.61962962963,0.747368421053,0.721911540417,0.878048780488,0.814814814815,0.947368421053,0.818181818182,Pep3,Pep6,Pep7,Pep9,Pep12,Pep15
6,0.722408026756,0.60037037037,0.738947368421,0.706592853548,0.8,0.703703703704,0.842105263158,0.761904761905,Pep3,Pep6,Pep7,Pep9,Pep13,Pep15
6,0.729459943691,0.608518518519,0.75,0.710014947683,0.871794871795,0.814814814815,0.894736842105,0.85,Pep3,Pep6,Pep7,Pep10,Pep12,Pep13
6,0.73555612115,0.615185185185,0.760526315789,0.712173484475,0.826086956522,0.703703703704,1.0,0.703703703704,Pep3,Pep6,Pep7,Pep10,Pep12,Pep15
6,0.733024691358,0.615555555556,0.75,0.716800804829,0.842105263158,0.777777777778,0.842105263158,0.842105263158,Pep3,Pep6,Pep7,Pep10,Pep13,Pep15
6,0.733926302414,0.612222222222,0.76,0.709582309582,0.842105263158,0.777777777778,0.842105263158,0.842105263158,Pep3,Pep6,Pep7,Pep12,Pep13,Pep15
6,0.743367480956,0.638148148148,0.744736842105,0.742003146303,0.857142857143,0.777777777778,0.947368421053,0.782608695652,Pep3,Pep6,Pep8,Pep9,Pep10,Pep12
6,0.723348933957,0.605925925926,0.732105263158,0.7147995889,0.878048780488,0.814814814815,0.947368421053,0.818181818182,Pep3,Pep6,Pep8,Pep9,Pep10,Pep13
6,0.750654793085,0.647407407407,0.754210526316,0.747132429614,0.878048780488,0.814814814815,0.947368421053,0.818181818182,Pep3,Pep6,Pep8,Pep9,Pep10,Pep15
6,0.729807945278,0.61962962963,0.73,0.729615991583,0.260869565217,0.37037037037,0.157894736842,0.75,Pep3,Pep6,Pep8,Pep9,Pep12,Pep13
6,0.752070393375,0.645185185185,0.764736842105,0.739816700611,0.871794871795,0.814814814815,0.894736842105,0.85,Pep3,Pep6,Pep8,Pep9,Pep12,Pep15
6,0.719136614899,0.604814814815,0.718947368421,0.719325961032,0.648648648649,0.518518518519,0.631578947368,0.666666666667,Pep3,Pep6,Pep8,Pep9,Pep13,Pep15
6,0.73713703515,0.617777777778,0.761578947368,0.714215202369,0.863636363636,0.777777777778,1.0,0.76,Pep3,Pep6,Pep8,Pep10,Pep12,Pep13
6,0.765482233503,0.657777777778,0.793684210526,0.739215686275,0.9,0.851851851852,0.947368421053,0.857142857143,Pep3,Pep6,Pep8,Pep10,Pep12,Pep15
6,0.753781950965,0.65037037037,0.760526315789,0.747156153051,0.742857142857,0.666666666667,0.684210526316,0.8125,Pep3,Pep6,Pep8,Pep10,Pep13,Pep15
6,0.755386565272,0.642592592593,0.784210526316,0.728606356968,0.904761904762,0.851851851852,1.0,0.826086956522,Pep3,Pep6,Pep8,Pep12,Pep13,Pep15
6,0.710450873078,0.588518518519,0.717368421053,0.703665462055,0.777777777778,0.703703703704,0.736842105263,0.823529411765,Pep3,Pep6,Pep9,Pep10,Pep12,Pep13
6,0.742518059856,0.63037037037,0.757368421053,0.728238866397,0.904761904762,0.851851851852,1.0,0.826086956522,Pep3,Pep6,Pep9,Pep10,Pep12,Pep15
6,0.714764236022,0.59,0.73,0.700151438667,0.878048780488,0.814814814815,0.947368421053,0.818181818182,Pep3,Pep6,Pep9,Pep10,Pep13,Pep15
6,0.723041117145,0.603333333333,0.735789473684,0.710726995425,0.9,0.851851851852,0.947368421053,0.857142857143,Pep3,Pep6,Pep9,Pep12,Pep13,Pep15
6,0.731023942944,0.608888888889,0.755263157895,0.708292201382,0.878048780488,0.814814814815,0.947368421053,0.818181818182,Pep3,Pep6,Pep10,Pep12,Pep13,Pep15
6,0.747351694915,0.646666666667,0.742631578947,0.752132196162,0.863636363636,0.777777777778,1.0,0.76,Pep3,Pep7,Pep8,Pep9,Pep10,Pep12
6,0.725573945542,0.619259259259,0.715263157895,0.736186348862,0.883720930233,0.814814814815,1.0,0.791666666667,Pep3,Pep7,Pep8,Pep9,Pep10,Pep13
6,0.730789897904,0.628888888889,0.715789473684,0.746432491767,0.878048780488,0.814814814815,0.947368421053,0.818181818182,Pep3,Pep7,Pep8,Pep9,Pep10,Pep15
6,0.72962962963,0.621481481481,0.725789473684,0.733510638298,0.787878787879,0.740740740741,0.684210526316,0.928571428571,Pep3,Pep7,Pep8,Pep9,Pep12,Pep13
6,0.754437086093,0.656666666667,0.749473684211,0.759466666667,0.871794871795,0.814814814815,0.894736842105,0.85,Pep3,Pep7,Pep8,Pep9,Pep12,Pep15
6,0.738543046358,0.634444444444,0.733684210526,0.743466666667,0.9,0.851851851852,0.947368421053,0.857142857143,Pep3,Pep7,Pep8,Pep9,Pep13,Pep15
6,0.7359375,0.624444444444,0.743684210526,0.728350515464,0.702702702703,0.592592592593,0.684210526316,0.722222222222,Pep3,Pep7,Pep8,Pep10,Pep12,Pep13
6,0.769590036326,0.671111111111,0.780526315789,0.758955987718,0.484848484848,0.37037037037,0.421052631579,0.571428571429,Pep3,Pep7,Pep8,Pep10,Pep12,Pep15
6,0.743250397035,0.640740740741,0.738947368421,0.747603833866,0.540540540541,0.37037037037,0.526315789474,0.555555555556,Pep3,Pep7,Pep8,Pep10,Pep13,Pep15
6,0.759886275523,0.655925925926,0.773684210526,0.74657186389,0.8,0.703703703704,0.842105263158,0.761904761905,Pep3,Pep7,Pep8,Pep12,Pep13,Pep15
6,0.73020063358,0.621481481481,0.727894736842,0.732521186441,0.883720930233,0.814814814815,1.0,0.791666666667,Pep3,Pep7,Pep9,Pep10,Pep12,Pep13
6,0.736202799049,0.63,0.733684210526,0.738738738739,0.9,0.851851851852,0.947368421053,0.857142857143,Pep3,Pep7,Pep9,Pep10,Pep12,Pep15
6,0.731012658228,0.622222222222,0.729473684211,0.732558139535,0.8,0.740740740741,0.736842105263,0.875,Pep3,Pep7,Pep9,Pep10,Pep13,Pep15
6,0.721768886549,0.608518518519,0.721578947368,0.72195892575,0.829268292683,0.740740740741,0.894736842105,0.772727272727,Pep3,Pep7,Pep9,Pep12,Pep13,Pep15
6,0.736263736264,0.626666666667,0.740526315789,0.732049947971,0.85,0.777777777778,0.894736842105,0.809523809524,Pep3,Pep7,Pep10,Pep12,Pep13,Pep15
6,0.733438485804,0.624444444444,0.734210526316,0.732668067227,0.48275862069,0.444444444444,0.368421052632,0.7,Pep3,Pep8,Pep9,Pep10,Pep12,Pep13
6,0.743358129649,0.642222222222,0.736315789474,0.750536480687,0.871794871795,0.814814814815,0.894736842105,0.85,Pep3,Pep8,Pep9,Pep10,Pep12,Pep15
6,0.733633713226,0.627777777778,0.728421052632,0.738921516284,0.516129032258,0.444444444444,0.421052631579,0.666666666667,Pep3,Pep8,Pep9,Pep10,Pep13,Pep15
6,0.734250926416,0.628148148148,0.73,0.738551650692,0.904761904762,0.851851851852,1.0,0.826086956522,Pep3,Pep8,Pep9,Pep12,Pep13,Pep15
6,0.751355538342,0.643333333333,0.765789473684,0.737455651292,0.8,0.740740740741,0.736842105263,0.875,Pep3,Pep8,Pep10,Pep12,Pep13,Pep15
6,0.724183700557,0.615185185185,0.717894736842,0.730583824317,0.883720930233,0.814814814815,1.0,0.791666666667,Pep3,Pep9,Pep10,Pep12,Pep13,Pep15
6,0.7195154069,0.605555555556,0.718947368421,0.720084343701,0.871794871795,0.814814814815,0.894736842105,0.85,Pep6,Pep7,Pep8,Pep9,Pep10,Pep12
6,0.710319539026,0.59037037037,0.713684210526,0.706986444213,0.648648648649,0.518518518519,0.631578947368,0.666666666667,Pep6,Pep7,Pep8,Pep9,Pep10,Pep13
6,0.712740701662,0.596666666667,0.711052631579,0.714436805923,0.818181818182,0.703703703704,0.947368421053,0.72,Pep6,Pep7,Pep8,Pep9,Pep10,Pep15
6,0.711099448964,0.592222222222,0.713157894737,0.70905285191,0.878048780488,0.814814814815,0.947368421053,0.818181818182,Pep6,Pep7,Pep8,Pep9,Pep12,Pep13
6,0.733195449845,0.617777777778,0.746315789474,0.720528455285,0.871794871795,0.814814814815,0.894736842105,0.85,Pep6,Pep7,Pep8,Pep9,Pep12,Pep15
6,0.716308337703,0.599259259259,0.718947368421,0.71368861024,0.736842105263,0.62962962963,0.736842105263,0.736842105263,Pep6,Pep7,Pep8,Pep9,Pep13,Pep15
6,0.731016731017,0.612962962963,0.747368421053,0.715365239295,0.857142857143,0.777777777778,0.947368421053,0.782608695652,Pep6,Pep7,Pep8,Pep10,Pep12,Pep13
6,0.738650936137,0.622592592593,0.757894736842,0.72036018009,0.878048780488,0.814814814815,0.947368421053,0.818181818182,Pep6,Pep7,Pep8,Pep10,Pep12,Pep15
6,0.72391360916,0.607037037037,0.732105263158,0.715903242409,0.810810810811,0.740740740741,0.789473684211,0.833333333333,Pep6,Pep7,Pep8,Pep10,Pep13,Pep15
6,0.736082474227,0.620740740741,0.751578947368,0.721212121212,0.731707317073,0.592592592593,0.789473684211,0.681818181818,Pep6,Pep7,Pep8,Pep12,Pep13,Pep15
6,0.67624368183,0.549259259259,0.668947368421,0.68370091447,0.702702702703,0.592592592593,0.684210526316,0.722222222222,Pep6,Pep7,Pep9,Pep10,Pep12,Pep13
6,0.704820830111,0.575925925926,0.719473684211,0.690752905508,0.844444444444,0.740740740741,1.0,0.730769230769,Pep6,Pep7,Pep9,Pep10,Pep12,Pep15
6,0.692387904067,0.562962962963,0.698947368421,0.685950413223,0.344827586207,0.296296296296,0.263157894737,0.5,Pep6,Pep7,Pep9,Pep10,Pep13,Pep15
6,0.703341902314,0.572592592593,0.72,0.68743718593,0.6875,0.62962962963,0.578947368421,0.846153846154,Pep6,Pep7,Pep9,Pep12,Pep13,Pep15
6,0.701477330616,0.565925925926,0.724736842105,0.679664363277,0.883720930233,0.814814814815,1.0,0.791666666667,Pep6,Pep7,Pep10,Pep12,Pep13,Pep15
6,0.706684141547,0.585555555556,0.709473684211,0.703916449086,0.666666666667,0.592592592593,0.578947368421,0.785714285714,Pep6,Pep8,Pep9,Pep10,Pep12,Pep13
6,0.723939235202,0.60962962963,0.727368421053,0.720542231491,0.878048780488,0.814814814815,0.947368421053,0.818181818182,Pep6,Pep8,Pep9,Pep10,Pep12,Pep15
6,0.707692307692,0.584814814815,0.714210526316,0.701291989664,0.863636363636,0.777777777778,1.0,0.76,Pep6,Pep8,Pep9,Pep10,Pep13,Pep15
6,0.717656209489,0.596666666667,0.728421052632,0.707204905468,0.466666666667,0.407407407407,0.368421052632,0.636363636364,Pep6,Pep8,Pep9,Pep12,Pep13,Pep15
6,0.741935483871,0.626666666667,0.762631578947,0.722333000997,0.611111111111,0.481481481481,0.578947368421,0.647058823529,Pep6,Pep8,Pep10,Pep12,Pep13,Pep15
6,0.692966519595,0.561851851852,0.702631578947,0.68356374808,0.58064516129,0.518518518519,0.473684210526,0.75,Pep6,Pep9,Pep10,Pep12,Pep13,Pep15
6,0.718287526427,0.605185185185,0.715263157895,0.721337579618,0.777777777778,0.703703703704,0.736842105263,0.823529411765,Pep7,Pep8,Pep9,Pep10,Pep12,Pep13
6,0.733245729304,0.624074074074,0.734210526316,0.732283464567,0.871794871795,0.814814814815,0.894736842105,0.85,Pep7,Pep8,Pep9,Pep10,Pep12,Pep15
6,0.718179412543,0.605555555556,0.714210526316,0.722192655668,0.871794871795,0.814814814815,0.894736842105,0.85,Pep7,Pep8,Pep9,Pep10,Pep13,Pep15
6,0.734460338101,0.621851851852,0.743157894737,0.725964010283,0.769230769231,0.666666666667,0.789473684211,0.75,Pep7,Pep8,Pep9,Pep12,Pep13,Pep15
6,0.719874804382,0.602222222222,0.726315789474,0.71354705274,0.871794871795,0.814814814815,0.894736842105,0.85,Pep7,Pep8,Pep10,Pep12,Pep13,Pep15
6,0.696358396647,0.570740740741,0.699473684211,0.693270735524,0.780487804878,0.666666666667,0.842105263158,0.727272727273,Pep7,Pep9,Pep10,Pep12,Pep13,Pep15
6,0.717786561265,0.603333333333,0.716842105263,0.718733509235,0.904761904762,0.851851851852,1.0,0.826086956522,Pep8,Pep9,Pep10,Pep12,Pep13,Pep15
7,0.737884314747,0.627407407407,0.745263157895,0.730650154799,0.9,0.851851851852,0.947368421053,0.857142857143,Pep3,Pep6,Pep7,Pep8,Pep9,Pep10,Pep12
7,0.712866108787,0.593333333333,0.717368421053,0.70841995842,0.820512820513,0.740740740741,0.842105263158,0.8,Pep3,Pep6,Pep7,Pep8,Pep9,Pep10,Pep13
7,0.735908141962,0.625185185185,0.742105263158,0.729813664596,0.611111111111,0.481481481481,0.578947368421,0.647058823529,Pep3,Pep6,Pep7,Pep8,Pep9,Pep10,Pep15
7,0.729307652264,0.614814814815,0.737368421053,0.721421215242,0.789473684211,0.703703703704,0.789473684211,0.789473684211,Pep3,Pep6,Pep7,Pep8,Pep9,Pep12,Pep13
7,0.746207251221,0.634444444444,0.763684210526,0.729512317748,0.871794871795,0.814814814815,0.894736842105,0.85,Pep3,Pep6,Pep7,Pep8,Pep9,Pep12,Pep15
7,0.71048513302,0.588888888889,0.716842105263,0.70423991727,0.871794871795,0.814814814815,0.894736842105,0.85,Pep3,Pep6,Pep7,Pep8,Pep9,Pep13,Pep15
7,0.73253135398,0.612962962963,0.753157894737,0.713004484305,0.820512820513,0.740740740741,0.842105263158,0.8,Pep3,Pep6,Pep7,Pep8,Pep10,Pep12,Pep13
7,0.741316744427,0.63037037037,0.752631578947,0.730337078652,0.461538461538,0.481481481481,0.315789473684,0.857142857143,Pep3,Pep6,Pep7,Pep8,Pep10,Pep12,Pep15
7,0.724675324675,0.607407407407,0.734210526316,0.715384615385,0.75,0.703703703704,0.631578947368,0.923076923077,Pep3,Pep6,Pep7,Pep8,Pep10,Pep13,Pep15
7,0.739474355703,0.621851851852,0.762631578947,0.717682020802,0.871794871795,0.814814814815,0.894736842105,0.85,Pep3,Pep6,Pep7,Pep8,Pep12,Pep13,Pep15
7,0.704527610573,0.581851851852,0.708421052632,0.700676730869,0.810810810811,0.740740740741,0.789473684211,0.833333333333,Pep3,Pep6,Pep7,Pep9,Pep10,Pep12,Pep13
7,0.731908318311,0.614444444444,0.747894736842,0.716591023701,0.863636363636,0.777777777778,1.0,0.76,Pep3,Pep6,Pep7,Pep9,Pep10,Pep12,Pep15
7,0.706251634842,0.584074074074,0.710526315789,0.702028081123,0.871794871795,0.814814814815,0.894736842105,0.85,Pep3,Pep6,Pep7,Pep9,Pep10,Pep13,Pep15
7,0.709241952233,0.585185185185,0.718947368421,0.699795081967,0.810810810811,0.740740740741,0.789473684211,0.833333333333,Pep3,Pep6,Pep7,Pep9,Pep12,Pep13,Pep15
7,0.720670391061,0.592592592593,0.746842105263,0.696270853778,0.842105263158,0.777777777778,0.842105263158,0.842105263158,Pep3,Pep6,Pep7,Pep10,Pep12,Pep13,Pep15
7,0.718295218295,0.598518518519,0.727368421053,0.709445585216,0.37037037037,0.37037037037,0.263157894737,0.625,Pep3,Pep6,Pep8,Pep9,Pep10,Pep12,Pep13
7,0.730475940047,0.62037037037,0.731052631579,0.729900157646,0.878048780488,0.814814814815,0.947368421053,0.818181818182,Pep3,Pep6,Pep8,Pep9,Pep10,Pep12,Pep15
7,0.729497526686,0.615185185185,0.737368421053,0.721792890263,0.842105263158,0.777777777778,0.842105263158,0.842105263158,Pep3,Pep6,Pep8,Pep9,Pep10,Pep13,Pep15
7,0.721714136399,0.605555555556,0.726842105263,0.716658017644,0.85,0.777777777778,0.894736842105,0.809523809524,Pep3,Pep6,Pep8,Pep9,Pep12,Pep13,Pep15
7,0.746475262753,0.633703703704,0.766315789474,0.727636181909,0.883720930233,0.814814814815,1.0,0.791666666667,Pep3,Pep6,Pep8,Pep10,Pep12,Pep13,Pep15
7,0.701434159061,0.575925925926,0.707894736842,0.695090439276,0.810810810811,0.740740740741,0.789473684211,0.833333333333,Pep3,Pep6,Pep9,Pep10,Pep12,Pep13,Pep15
7,0.725170782974,0.612592592593,0.726315789474,0.724029380902,0.871794871795,0.814814814815,0.894736842105,0.85,Pep3,Pep7,Pep8,Pep9,Pep10,Pep12,Pep13
7,0.739358906989,0.632592592593,0.740526315789,0.738195173137,0.871794871795,0.814814814815,0.894736842105,0.85,Pep3,Pep7,Pep8,Pep9,Pep10,Pep12,Pep15
7,0.727128921698,0.616666666667,0.725789473684,0.728473322768,0.871794871795,0.814814814815,0.894736842105,0.85,Pep3,Pep7,Pep8,Pep9,Pep10,Pep13,Pep15
7,0.738606600314,0.63037037037,0.742105263158,0.735140771637,0.864864864865,0.814814814815,0.842105263158,0.888888888889,Pep3,Pep7,Pep8,Pep9,Pep12,Pep13,Pep15
7,0.731238639314,0.616666666667,0.741052631579,0.721681189134,0.904761904762,0.851851851852,1.0,0.826086956522,Pep3,Pep7,Pep8,Pep10,Pep12,Pep13,Pep15
7,0.723774380601,0.611851851852,0.722631578947,0.724920802534,0.833333333333,0.777777777778,0.789473684211,0.882352941176,Pep3,Pep7,Pep9,Pep10,Pep12,Pep13,Pep15
7,0.734736842105,0.626666666667,0.734736842105,0.734736842105,0.904761904762,0.851851851852,1.0,0.826086956522,Pep3,Pep8,Pep9,Pep10,Pep12,Pep13,Pep15
7,0.702801780571,0.57962962963,0.706315789474,0.699322563835,0.789473684211,0.703703703704,0.789473684211,0.789473684211,Pep6,Pep7,Pep8,Pep9,Pep10,Pep12,Pep13
7,0.72675175827,0.611481481481,0.734210526316,0.719443011862,0.871794871795,0.814814814815,0.894736842105,0.85,Pep6,Pep7,Pep8,Pep9,Pep10,Pep12,Pep15
7,0.711444071299,0.586296296296,0.724736842105,0.698630136986,0.837209302326,0.740740740741,0.947368421053,0.75,Pep6,Pep7,Pep8,Pep9,Pep10,Pep13,Pep15
7,0.718612477349,0.597407407407,0.730526315789,0.707080998472,0.878048780488,0.814814814815,0.947368421053,0.818181818182,Pep6,Pep7,Pep8,Pep9,Pep12,Pep13,Pep15
7,0.715430343758,0.592222222222,0.728421052632,0.702894870493,0.833333333333,0.777777777778,0.789473684211,0.882352941176,Pep6,Pep7,Pep8,Pep10,Pep12,Pep13,Pep15
7,0.6947749612,0.562962962963,0.706842105263,0.683112919634,0.837209302326,0.740740740741,0.947368421053,0.75,Pep6,Pep7,Pep9,Pep10,Pep12,Pep13,Pep15
7,0.695285751909,0.571481481481,0.694736842105,0.695835529784,0.883720930233,0.814814814815,1.0,0.791666666667,Pep6,Pep8,Pep9,Pep10,Pep12,Pep13,Pep15
7,0.705913410771,0.587407407407,0.703684210526,0.708156779661,0.833333333333,0.777777777778,0.789473684211,0.882352941176,Pep7,Pep8,Pep9,Pep10,Pep12,Pep13,Pep15
8,0.713465553236,0.593333333333,0.719473684211,0.707556935818,0.883720930233,0.814814814815,1.0,0.791666666667,Pep3,Pep6,Pep7,Pep8,Pep9,Pep10,Pep12,Pep13
8,0.730769230769,0.616296296296,0.74,0.721765913758,0.296296296296,0.296296296296,0.210526315789,0.5,Pep3,Pep6,Pep7,Pep8,Pep9,Pep10,Pep12,Pep15
8,0.709152897981,0.589259259259,0.711578947368,0.706743335076,0.307692307692,0.333333333333,0.210526315789,0.571428571429,Pep3,Pep6,Pep7,Pep8,Pep9,Pep10,Pep13,Pep15
8,0.721285973555,0.601851851852,0.732105263158,0.710781808891,0.545454545455,0.444444444444,0.473684210526,0.642857142857,Pep3,Pep6,Pep7,Pep8,Pep9,Pep12,Pep13,Pep15
8,0.728297055058,0.607037037037,0.748421052632,0.709226932668,0.820512820513,0.740740740741,0.842105263158,0.8,Pep3,Pep6,Pep7,Pep8,Pep10,Pep12,Pep13,Pep15
8,0.710594315245,0.585185185185,0.723684210526,0.697969543147,0.878048780488,0.814814814815,0.947368421053,0.818181818182,Pep3,Pep6,Pep7,Pep9,Pep10,Pep12,Pep13,Pep15
8,0.724863600935,0.607777777778,0.734210526316,0.715751667522,0.871794871795,0.814814814815,0.894736842105,0.85,Pep3,Pep6,Pep8,Pep9,Pep10,Pep12,Pep13,Pep15
8,0.72536687631,0.611851851852,0.728421052632,0.722338204593,0.904761904762,0.851851851852,1.0,0.826086956522,Pep3,Pep7,Pep8,Pep9,Pep10,Pep12,Pep13,Pep15
8,0.698902247778,0.573333333333,0.703684210526,0.694184839045,0.871794871795,0.814814814815,0.894736842105,0.85,Pep6,Pep7,Pep8,Pep9,Pep10,Pep12,Pep13,Pep15
9,0.707539786068,0.584814814815,0.713684210526,0.701500258665,0.666666666667,0.62962962963,0.526315789474,0.909090909091,Pep3,Pep6,Pep7,Pep8,Pep9,Pep10,Pep12,Pep13,Pep15
