protein,complete_data_p_value,total_freq,frq_perm,dif,p-value_orig_vs_random,1,2,3,4,5,6,7,8,9,permuted,permuted,permuted,permuted,permuted,permuted,permuted,permuted,permuted,1,2,3,4,5,6,7,8,9,cv_inner,cv_inner,cv_inner,cv_inner,cv_inner,cv_inner,cv_inner,cv_inner,cv_inner
P00330_ADH1         ,2.27123682420521E-006,45568,33,45535,0.0001624408,5184,4096,5184,5184,5184,5184,5184,5184,5184,2,18,13,0,0,0,0,0,0,0.5,0.8333333333,0.25,0.5,0.5,0.75,0.75,0.5,1,47.0588235294,71.875,52.9411764706,41.1764705882,61.7647058824,41.1764705882,32.3529411765,41.1764705882,41.1764705882
P00489_PYGM         ,6.40343312450264E-006,45568,8,45560,0.000102383,5184,4096,5184,5184,5184,5184,5184,5184,5184,0,0,8,0,0,0,0,0,0,0.75,0.8333333333,0.5,0.5,0.25,1,0.75,0.5,1,35.2941176471,78.125,50,52.9411764706,58.8235294118,50,35.2941176471,41.1764705882,35.2941176471
P00924_ENO1         ,0.00002974,45568,164,45404,0.000102383,5184,4096,5184,5184,5184,5184,5184,5184,5184,0,0,0,0,164,0,0,0,0,0.75,0.8333333333,0.75,0.25,0.5,1,0.75,0.5,1,41.1764705882,75,61.7647058824,38.2352941176,58.8235294118,55.8823529412,52.9411764706,29.4117647059,55.8823529412
CON__P02769_ALB     ,3.62813509848687E-005,45568,87,45481,0.0001341549,5184,4096,5184,5184,5184,5184,5184,5184,5184,6,0,81,0,0,0,0,0,0,0.5,0.6666666667,0.5,0.25,0,0.5,0.5,0.25,0.75,44.1176470588,43.75,47.0588235294,29.4117647059,41.1764705882,14.7058823529,38.2352941176,44.1176470588,38.2352941176
P01036_CST4         ,0.0005115033,45568,308,45260,0.0001624408,5184,4096,5184,5184,5184,5184,5184,5184,5184,0,0,0,0,55,0,0,242,11,0.25,0.8333333333,0.25,0.5,0.75,1,0.75,0.5,1,58.8235294118,62.5,73.5294117647,52.9411764706,50,41.1764705882,67.6470588235,38.2352941176,61.7647058824
P09228_CST2         ,0.0006062219,45568,808,44760,0.0002016256,5184,4096,5184,5184,5184,5184,5184,5184,5184,0,44,0,0,386,5,0,352,21,0.25,0.8333333333,0.5,0.25,0.75,1,0.5,0.5,0.75,52.9411764706,68.75,76.4705882353,58.8235294118,64.7058823529,50,58.8235294118,41.1764705882,50
P07339_CTSD         ,0.0006732443,45568,3126,42442,0.0001624408,5184,4096,5184,5184,5184,5184,5184,5184,5184,0,0,1050,0,1472,0,0,604,0,0.25,0.5,0.5,0.25,0.75,1,0.5,0.5,0.75,55.8823529412,56.25,70.5882352941,64.7058823529,58.8235294118,64.7058823529,64.7058823529,38.2352941176,52.9411764706
P19961_AMY2B        ,0.0011842819,45568,64,45504,0.0001624408,5184,4096,5184,5184,5184,5184,5184,5184,5184,0,0,23,0,0,40,0,1,0,0.5,0.6666666667,0.75,0,0.5,1,0.75,0.75,0.75,47.0588235294,68.75,70.5882352941,61.7647058824,73.5294117647,70.5882352941,50,50,52.9411764706
Q8TD19_NEK9         ,0.0011976653,45568,7064,38504,0.0009343604,5184,4096,5184,5184,5184,5184,5184,5184,5184,66,214,5184,26,658,0,916,0,0,0.75,1,0.25,0.5,0.25,0.5,0.5,0.5,1,20.5882352941,53.125,58.8235294118,41.1764705882,50,17.6470588235,50,50,47.0588235294
P01037_CST1         ,0.0012307207,45568,520,45048,0.0001836126,5184,4096,5184,5184,5184,5184,5184,5184,5184,0,0,0,1,515,2,0,2,0,0.25,0.8333333333,0.25,0.5,0.75,1,0.75,0.5,1,67.6470588235,62.5,73.5294117647,67.6470588235,50,35.2941176471,70.5882352941,47.0588235294,58.8235294118
O43707_ACTN4        ,0.0012769825,45568,1088,44480,0.0001624408,5184,4096,5184,5184,5184,5184,5184,5184,5184,0,0,1,0,955,0,0,132,0,0.5,0.8333333333,0.5,0.5,0.25,0.75,0.75,0,1,32.3529411765,71.875,61.7647058824,47.0588235294,50,26.4705882353,50,61.7647058824,44.1176470588
A0A087WVW2_IGHG3    ,0.0026544587,45544,4717,40827,0.0002533103,5184,4096,5184,5184,5184,5160,5184,5184,5184,1765,1148,0,0,756,0,25,0,1023,0.5,0.3333333333,0.25,0.25,0.75,1,0.25,0.25,0,5.8823529412,6.25,8.8235294118,14.7058823529,2.9411764706,58.8235294118,11.7647058824,8.8235294118,11.7647058824
P12429_ANXA3        ,0.0032778169,44292,325,43967,0.0002957078,5184,3840,5184,5016,4496,5184,5184,5102,5102,0,0,0,18,306,1,0,0,0,0.25,0.8333333333,0.5,0.5,0,0.75,0.5,0.5,0.5,47.0588235294,65.625,76.4705882353,61.7647058824,76.4705882353,67.6470588235,52.9411764706,55.8823529412,52.9411764706
P35579_MYH9         ,0.004064041,41792,971,40821,0.0003556301,4330,2062,5184,5166,4832,5184,5140,4732,5162,943,0,0,9,18,0,1,0,0,0.25,0.8333333333,0.75,0.5,0.25,1,1,0.75,0.5,52.9411764706,65.625,61.7647058824,73.5294117647,82.3529411765,67.6470588235,61.7647058824,67.6470588235,41.1764705882
Q9NQ38_3_SPINK5     ,0.0043675469,45082,2674,42408,0.0003093694,5184,4096,5184,5028,5184,5004,5034,5184,5184,0,15,0,0,2489,44,126,0,0,0.5,0.8333333333,0.5,0.5,0.25,1,1,0.5,0.5,50,75,70.5882352941,70.5882352941,70.5882352941,70.5882352941,64.7058823529,44.1176470588,38.2352941176
P02787_TF           ,0.0048588452,43201,6069,37132,0.0006528219,5179,2903,5184,5184,5184,4104,5184,5134,5145,436,52,0,0,1163,0,4418,0,0,0.5,0.6666666667,0.5,0.25,0.5,0.75,0.75,0.75,0.5,52.9411764706,56.25,70.5882352941,64.7058823529,70.5882352941,67.6470588235,79.4117647059,58.8235294118,64.7058823529
P00738_HP           ,0.0049047064,45121,2002,43119,0.0003331402,5184,4063,5184,5184,5184,5149,4829,5160,5184,0,44,0,55,105,362,1436,0,0,0.5,0.6666666667,0.75,0.5,0.5,1,1,0.5,1,47.0588235294,62.5,70.5882352941,44.1176470588,52.9411764706,61.7647058824,58.8235294118,52.9411764706,41.1764705882
P01023_A2M          ,0.0061223354,42255,1118,41137,0.0003331402,5184,2010,5184,5184,4966,4843,4774,4926,5184,0,505,0,0,3,38,572,0,0,0.5,0.8333333333,0.5,0.5,0.25,0.75,1,0.25,1,50,68.75,76.4705882353,44.1176470588,85.2941176471,70.5882352941,64.7058823529,55.8823529412,35.2941176471
P08238_HSP90AB1     ,0.006123114,44088,87,44001,0.0002718015,5098,4036,4968,5184,4653,5184,5180,5130,4655,4,0,0,83,0,0,0,0,0,0.25,0.6666666667,0.5,0.25,0.25,1,0.75,0.75,0.5,58.8235294118,71.875,67.6470588235,52.9411764706,79.4117647059,58.8235294118,61.7647058824,55.8823529412,47.0588235294
P05386_RPLP1        ,0.0068489858,39412,1720,37692,0.0002979539,3747,4096,5184,5184,5184,3964,5184,3197,3672,0,0,0,0,765,0,925,0,30,0.25,0.8333333333,0.75,0.25,0.75,0.75,0.75,0.5,0.5,35.2941176471,59.375,70.5882352941,58.8235294118,64.7058823529,70.5882352941,55.8823529412,58.8235294118,52.9411764706
P04792_HSPB1        ,0.008062564,36571,58,36513,0.0003116898,3932,3037,2930,5184,5184,5184,4106,3204,3810,3,0,0,53,0,2,0,0,0,0.25,0.6666666667,0.5,0.25,0.75,0.75,1,0.5,0.5,47.0588235294,62.5,61.7647058824,58.8235294118,67.6470588235,61.7647058824,52.9411764706,73.5294117647,64.7058823529
P32119_PRDX2        ,0.0081391216,35278,10425,24853,0.0313312969,4405,1515,5184,2670,5184,2082,4076,5072,5090,0,0,1,0,5184,56,5184,0,0,0.25,0.8333333333,0.5,0.5,0.5,1,1,0.5,0.5,38.2352941176,68.75,64.7058823529,64.7058823529,70.5882352941,73.5294117647,58.8235294118,73.5294117647,61.7647058824
P06870_KLK1         ,0.0084033168,38157,254,37903,0.0003210967,4511,4096,5013,4581,4859,3145,5184,3179,3589,0,150,0,0,4,0,0,100,0,0.25,0.8333333333,0.5,0.25,0,0.75,0.5,0.5,0.5,47.0588235294,62.5,67.6470588235,67.6470588235,79.4117647059,70.5882352941,70.5882352941,64.7058823529,50
P01859_IGHG2        ,0.0087488004,40807,5656,35151,0.0035534285,5184,3980,5184,5160,3671,3897,5184,3507,5040,0,39,0,0,5184,0,69,0,364,0.25,0.8333333333,0.25,0.5,0,0.75,0.75,0.5,0.5,44.1176470588,62.5,70.5882352941,73.5294117647,85.2941176471,73.5294117647,55.8823529412,58.8235294118,52.9411764706
P00450_CP           ,0.0090666793,36501,3431,33070,0.000401039,4573,4096,5184,2614,5166,2940,3930,4825,3173,1019,22,10,36,1615,0,729,0,0,0.25,0.8333333333,0.25,0.5,0.5,0.75,1,0.25,0.75,50,75,55.8823529412,58.8235294118,79.4117647059,76.4705882353,55.8823529412,67.6470588235,44.1176470588
P02675_FGB          ,0.010782226,35637,4178,31459,0.0009981751,5184,2110,5134,2331,4408,3943,5184,2159,5184,0,102,0,0,655,0,106,3236,79,0.5,0.6666666667,0.5,0.5,0.25,0.75,0.75,0.5,0.75,41.1764705882,71.875,61.7647058824,70.5882352941,73.5294117647,64.7058823529,52.9411764706,52.9411764706,61.7647058824
P01024_C3           ,0.0109733266,36607,3292,33315,0.0003982596,4069,2024,5184,4716,4818,2391,4752,3469,5184,16,20,0,0,763,290,1069,1134,0,0.25,0.8333333333,0.5,0.5,0,0.75,0.75,0.5,1,44.1176470588,68.75,76.4705882353,61.7647058824,76.4705882353,76.4705882353,41.1764705882,64.7058823529,55.8823529412
D6RF35_GC           ,0.0114232996,31079,1647,29432,0.0003845673,1736,4096,4858,4609,2216,1488,3025,5184,3867,912,0,0,438,75,0,27,0,195,0.5,0.6666666667,0.5,0.5,0.5,1,1,0.25,0.75,50,50,58.8235294118,61.7647058824,64.7058823529,67.6470588235,55.8823529412,47.0588235294,47.0588235294
Q99879_HIST1H2BM    ,0.0119686472,34341,700,33641,0.000401039,5098,4069,4384,1841,5184,3445,2486,5043,2791,35,2,66,0,364,0,188,45,0,0.25,0.6666666667,0.5,0.5,0.25,0.75,0.5,0.25,0.5,47.0588235294,68.75,61.7647058824,61.7647058824,76.4705882353,76.4705882353,55.8823529412,50,41.1764705882
CON__P19013         ,0.0136629398,30746,513,30233,0.0003556301,2869,1994,2973,5184,5130,2821,5184,2517,2074,0,0,0,0,400,1,0,33,79,0.25,0.8333333333,0.5,0.5,0.25,0.75,0.5,0.5,0.75,44.1176470588,62.5,50,61.7647058824,85.2941176471,73.5294117647,50,52.9411764706,38.2352941176
P02790_HPX          ,0.0142042148,31185,3762,27423,0.0010228323,5112,1771,5184,4300,4263,1685,3411,1908,3551,27,30,0,0,946,10,2749,0,0,0.5,0.6666666667,0.5,0.25,0.25,1,1,0.5,0.5,38.2352941176,56.25,67.6470588235,67.6470588235,70.5882352941,76.4705882353,52.9411764706,58.8235294118,44.1176470588
P28325_CST5         ,0.0145273476,26598,2572,24026,0.0014440809,2133,1777,4017,5184,2033,2857,1667,1746,5184,0,0,0,0,2494,0,78,0,0,0.25,0.6666666667,0.75,0.25,0.5,0.75,0.5,0.5,0.5,58.8235294118,59.375,67.6470588235,67.6470588235,52.9411764706,76.4705882353,50,67.6470588235,41.1764705882
Q06830_PRDX1        ,0.0156197915,24657,5192,19465,0.0032345939,3066,1352,2143,3539,5184,1512,1182,4698,1981,0,0,0,346,953,0,3889,0,4,0.25,0.8333333333,0.5,0.25,0.25,1,0.75,0.5,0.75,38.2352941176,65.625,67.6470588235,58.8235294118,17.6470588235,76.4705882353,58.8235294118,67.6470588235,47.0588235294
P02760_AMBP         ,0.0161385362,29795,869,28926,0.000401039,5184,3544,4248,3801,1690,1363,3725,1444,4796,0,60,186,0,10,0,409,156,48,0.25,0.8333333333,0.5,0.25,0.5,1,1,0.5,0.5,55.8823529412,59.375,67.6470588235,55.8823529412,73.5294117647,76.4705882353,50,55.8823529412,38.2352941176
P01598              ,0.0173907811,26984,2239,24745,0.000451972,3701,2682,4195,3464,1695,4895,1127,3871,1354,0,0,0,12,0,0,0,1076,1151,0.25,0.8333333333,0.75,0.25,0.5,1,0.75,0.5,0.75,38.2352941176,68.75,73.5294117647,55.8823529412,70.5882352941,64.7058823529,55.8823529412,55.8823529412,41.1764705882
P18510_2_IL1RN      ,0.0185081026,24785,2510,22275,0.0017803546,3272,2651,5184,1754,5184,1630,1738,1705,1667,0,0,1,38,180,0,2291,0,0,0.25,0.8333333333,0.5,0.5,0.5,1,0.5,0.5,0.75,55.8823529412,59.375,55.8823529412,67.6470588235,70.5882352941,67.6470588235,50,55.8823529412,44.1176470588
P04438              ,0.0187666295,28441,11,28430,0.0002190993,2215,1729,3900,5176,4370,1941,1278,2929,4903,0,11,0,0,0,0,0,0,0,0.25,0.8333333333,0.5,0.25,0.25,1,0.75,0.5,0.5,38.2352941176,65.625,61.7647058824,52.9411764706,73.5294117647,76.4705882353,58.8235294118,67.6470588235,44.1176470588
A0A087WV47_IGHG1    ,0.0188628765,26845,2968,23877,0.0007437251,4145,2057,5184,3467,1316,2440,1125,3844,3267,2,745,0,0,1747,0,429,0,45,0.25,0.8333333333,0.25,0.25,0.5,0.75,0.75,0.5,0.5,41.1764705882,71.875,23.5294117647,64.7058823529,64.7058823529,73.5294117647,50,67.6470588235,47.0588235294
P62258_YWHAE        ,0.0191208659,22284,1973,20311,0.0009619405,2532,529,1794,3928,5184,2376,2090,2496,1355,535,0,0,0,1404,4,0,0,30,0.25,0.8333333333,0.5,0.25,0.25,0.75,0.5,0.5,0.75,38.2352941176,62.5,47.0588235294,67.6470588235,61.7647058824,76.4705882353,58.8235294118,64.7058823529,47.0588235294
A0A024R6X1_CES2     ,0.0195641572,26555,1927,24628,0.0003845673,1599,4092,4370,1506,4864,4156,1423,1928,2617,0,0,0,6,954,0,333,602,32,0.5,0.8333333333,0.5,0.5,0.25,0.75,0.75,0.5,0.5,38.2352941176,59.375,73.5294117647,55.8823529412,79.4117647059,70.5882352941,52.9411764706,50,35.2941176471
B7Z6Z4_MYL6         ,0.0195804992,24603,366,24237,0.0003210967,1168,1601,2956,4034,5068,3768,2958,1847,1203,8,0,238,0,120,0,0,0,0,0.5,0.8333333333,0.5,0.25,0.25,0.75,1,0.5,0.75,64.7058823529,59.375,67.6470588235,55.8823529412,79.4117647059,73.5294117647,55.8823529412,61.7647058824,64.7058823529
Q96DA0_ZG16B        ,0.0205519208,22614,19,22595,0.0003210967,1130,1307,1746,5181,1230,5030,2772,1419,2799,5,2,0,12,0,0,0,0,0,0.5,0.8333333333,0.5,0,0.5,0.5,1,0.5,0.5,55.8823529412,62.5,61.7647058824,61.7647058824,64.7058823529,64.7058823529,35.2941176471,58.8235294118,50
P0C0L5_C4B          ,0.0218648812,19104,628,18476,0.0003210967,805,1906,5184,2228,1083,1556,2674,1584,2084,0,0,0,0,5,0,0,237,386,0.5,0.6666666667,0.25,0.5,0.25,1,0.5,0.5,0.75,58.8235294118,62.5,67.6470588235,76.4705882353,58.8235294118,67.6470588235,58.8235294118,58.8235294118,52.9411764706
P21333_FLNA         ,0.0220840718,19706,2575,17131,0.0014528151,1454,536,3178,1955,2662,1586,5184,981,2170,0,0,0,0,1691,0,0,884,0,0.5,0.8333333333,0.5,0.5,0.25,1,0.75,0.5,0.5,58.8235294118,71.875,64.7058823529,82.3529411765,64.7058823529,67.6470588235,52.9411764706,58.8235294118,35.2941176471
B4E1Z4_CFB          ,0.0224588034,21312,369,20943,0.000401039,1622,3804,5184,2225,2400,720,1339,912,3106,147,60,0,54,7,0,91,10,0,0.5,0.8333333333,0,0.5,0.25,0.75,0.75,0.5,0.75,52.9411764706,62.5,20.5882352941,55.8823529412,67.6470588235,64.7058823529,70.5882352941,58.8235294118,44.1176470588
P00441_SOD1         ,0.0275753576,19531,618,18913,0.0003845673,1372,991,2489,2123,2760,2758,1603,3968,1467,0,279,88,0,92,0,117,42,0,0.5,0.8333333333,0.5,0.5,0.25,0.75,0.75,0.5,0.75,47.0588235294,62.5,55.8823529412,67.6470588235,64.7058823529,70.5882352941,58.8235294118,61.7647058824,47.0588235294
Q02487_DSC2         ,0.0292552654,18324,198,18126,0.0004066393,1446,2495,1788,756,2598,2756,645,949,4891,0,34,2,18,59,0,2,14,69,0.5,0.8333333333,0.5,0.5,0,0.75,0.75,0.5,0.5,50,59.375,67.6470588235,55.8823529412,73.5294117647,70.5882352941,58.8235294118,47.0588235294,61.7647058824
P04196_HRG          ,0.0294535501,20635,315,20320,0.0003581943,978,4048,4217,1743,1233,4234,830,1663,1689,20,0,0,0,203,0,0,4,88,0.5,0.6666666667,0.5,0.5,0.5,0.75,0.75,0.5,0.75,58.8235294118,75,61.7647058824,52.9411764706,67.6470588235,70.5882352941,50,58.8235294118,47.0588235294
P04083_ANXA1        ,0.0301806586,18203,736,17467,0.0002739148,755,1287,1959,4995,3967,2886,1268,508,578,0,0,0,257,0,0,479,0,0,0.5,0.8333333333,0.5,0.5,0,0.75,0.75,0.5,0.75,52.9411764706,68.75,58.8235294118,67.6470588235,79.4117647059,70.5882352941,61.7647058824,44.1176470588,26.4705882353
Q02413_DSG1         ,0.0312952527,15296,528,14768,0.0002739148,1028,790,2492,1067,2513,1166,3151,872,2217,0,14,0,0,514,0,0,0,0,0.5,0.8333333333,0.5,0.5,0.25,1,1,0.75,0.5,50,75,61.7647058824,52.9411764706,64.7058823529,73.5294117647,55.8823529412,47.0588235294,41.1764705882
P12814_3_ACTN1      ,0.0315001998,18420,1232,17188,0.0007629795,412,408,2877,697,3980,3035,3104,2179,1728,1229,0,0,0,0,0,0,0,3,0.75,0.8333333333,0.5,0.5,0.25,0.75,1,0.5,0.75,50,56.25,61.7647058824,52.9411764706,82.3529411765,67.6470588235,58.8235294118,73.5294117647,38.2352941176
A0A087WZH9          ,0.0324427274,18371,2442,15929,0.003500266,1143,4096,670,4275,1375,4843,248,1298,423,1695,0,18,73,197,382,0,77,0,0.5,0.1666666667,0.5,0.25,0.5,0.75,0.75,0.5,0.5,58.8235294118,18.75,55.8823529412,70.5882352941,64.7058823529,76.4705882353,58.8235294118,64.7058823529,44.1176470588
P12273_PIP          ,0.0341742132,16245,784,15461,0.0002739148,1096,2229,1008,3190,1049,617,1223,1279,4554,0,0,195,0,589,0,0,0,0,0.5,0.8333333333,0.5,0.5,0.25,0.75,0.75,0.5,0.5,44.1176470588,68.75,67.6470588235,64.7058823529,61.7647058824,70.5882352941,61.7647058824,67.6470588235,41.1764705882
P07195_LDHB         ,0.035925773,15741,1715,14026,0.0012041668,4053,1046,581,2264,1060,2276,1334,2639,488,0,1306,0,0,33,376,0,0,0,0.25,0.8333333333,0.5,0.5,0.25,1,0.75,0.5,0.5,38.2352941176,75,47.0588235294,58.8235294118,58.8235294118,76.4705882353,55.8823529412,55.8823529412,35.2941176471
CON__P08779_KRT16   ,0.0360943226,14865,758,14107,0.0009619405,2184,650,1949,1458,4576,1163,2101,383,401,6,0,0,0,7,0,666,79,0,0.25,0.8333333333,0.5,0.5,0,1,0.5,0.5,0.5,55.8823529412,59.375,70.5882352941,61.7647058824,82.3529411765,70.5882352941,61.7647058824,58.8235294118,41.1764705882
P01009_SERPINA1     ,0.0366055647,13583,7476,6107,0.184417842,1365,1488,5184,831,870,1269,902,901,773,821,261,13,2160,1928,0,0,0,2293,0.5,0.8333333333,0.75,0.5,0.25,1,0.75,0.75,0.75,50,68.75,70.5882352941,50,47.0588235294,73.5294117647,58.8235294118,64.7058823529,47.0588235294
P04217_A1BG         ,0.0372070069,13600,6650,6950,0.0210105359,1033,847,2785,3154,151,597,584,2880,1569,1274,83,0,0,2,107,5184,0,0,0.5,0.8333333333,0.5,0.5,0.5,0.75,0.75,0.5,0.75,47.0588235294,50,79.4117647059,47.0588235294,50,61.7647058824,58.8235294118,47.0588235294,50
B7ZKJ8_ITIH4        ,0.0374734,14170,871,13299,0.0005465149,1145,2685,1602,533,1458,890,1510,293,4054,0,816,0,0,0,0,55,0,0,0.5,0.6666666667,0.5,0.5,0.5,0.75,0.75,0.5,0.5,55.8823529412,62.5,61.7647058824,32.3529411765,64.7058823529,70.5882352941,50,35.2941176471,47.0588235294
P22314_UBA1         ,0.0383241307,15294,5529,9765,0.007432157,2441,163,1385,2646,4588,949,1057,1360,705,0,0,48,0,5184,0,25,0,272,0.25,0.6666666667,0.5,0.5,0,1,0.75,0.5,0.75,41.1764705882,56.25,70.5882352941,58.8235294118,76.4705882353,70.5882352941,52.9411764706,52.9411764706,61.7647058824
P02763_ORM1         ,0.0387991876,14875,1782,13093,0.0016441989,1724,4088,1713,670,1128,877,2683,210,1782,26,0,0,0,1413,0,0,0,343,0.5,0.6666666667,0.5,0.5,0.25,1,0.75,0.5,0.75,44.1176470588,65.625,64.7058823529,44.1176470588,52.9411764706,67.6470588235,61.7647058824,58.8235294118,38.2352941176
CON__P02768_1_ALB   ,0.0389364123,14268,2378,11890,0.0056737881,1128,175,3677,3498,1029,154,1931,774,1902,415,4,0,0,488,0,1471,0,0,0.5,0.6666666667,0.5,0.25,0.25,1,0.5,0.5,0.75,61.7647058824,56.25,70.5882352941,64.7058823529,55.8823529412,50,52.9411764706,58.8235294118,35.2941176471
P08311_CTSG         ,0.0406485145,13540,194,13346,0.0002190993,790,907,720,1623,1072,5136,2763,301,228,0,0,0,194,0,0,0,0,0,0.5,0.8333333333,0.5,0.5,0.25,0.75,0.75,0.5,0.75,55.8823529412,65.625,61.7647058824,61.7647058824,67.6470588235,61.7647058824,50,58.8235294118,41.1764705882
O00391_QSOX1        ,0.0410329117,14256,122,14134,0.0003210967,5184,807,397,2394,1758,346,771,410,2189,0,0,117,2,0,0,3,0,0,0.5,0.8333333333,0.5,0.5,0.5,1,0.75,0.5,0.5,47.0588235294,59.375,58.8235294118,64.7058823529,64.7058823529,67.6470588235,55.8823529412,41.1764705882,50
P01042_2_KNG1       ,0.0415241405,13855,1240,12615,0.002402613,273,920,5184,1501,1943,2431,167,758,678,174,0,0,25,1016,0,25,0,0,0.5,0.8333333333,0.25,0.5,0.5,0.75,0.75,0.5,0.75,41.1764705882,62.5,70.5882352941,50,55.8823529412,70.5882352941,64.7058823529,64.7058823529,41.1764705882
P02647_APOA1        ,0.0430761793,12026,7626,4400,0.0569866112,643,2192,5184,1019,533,500,530,740,685,102,571,2,6,5184,0,1761,0,0,0.75,0.6666666667,0.5,0.5,0.5,0.75,0.75,0.5,0.75,52.9411764706,65.625,64.7058823529,50,55.8823529412,64.7058823529,50,64.7058823529,58.8235294118
E5RHG6_TBCA         ,0.0431515994,13353,46,13307,0.0002190993,285,4096,1783,1321,342,416,2041,1315,1754,0,0,46,0,0,0,0,0,0,0.5,1,0.5,0.5,0.5,0.75,0.5,0.5,0.75,38.2352941176,59.375,64.7058823529,64.7058823529,61.7647058824,64.7058823529,55.8823529412,67.6470588235,47.0588235294
P23280_CA6          ,0.0432631479,12070,5861,6209,0.0133342784,1179,1372,815,1511,462,505,486,556,5184,0,16,5184,0,661,0,0,0,0,0.5,0.8333333333,0.5,0.5,0.5,0.75,0.75,0.5,0.75,47.0588235294,59.375,32.3529411765,58.8235294118,52.9411764706,61.7647058824,47.0588235294,55.8823529412,44.1176470588
P04745_AMY1A        ,0.0448855523,10055,677,9378,0.0003210967,1631,1725,722,761,1630,450,1122,549,1465,0,91,427,0,0,0,0,159,0,0.5,0.6666666667,0.5,0.5,0.5,0.75,0.75,0.5,0.75,55.8823529412,78.125,58.8235294118,50,61.7647058824,55.8823529412,44.1176470588,55.8823529412,44.1176470588
P68371_TUBB4B       ,0.0450917648,13144,775,12369,0.0010569298,1723,1565,139,2848,2386,3255,565,145,518,31,0,0,744,0,0,0,0,0,0.5,0.8333333333,0.5,0.25,0.25,0.75,0.75,0.25,0.75,55.8823529412,68.75,50,61.7647058824,58.8235294118,76.4705882353,52.9411764706,41.1764705882,47.0588235294
Q9H0U4_RAB1B        ,0.0467453534,13176,3394,9782,0.0036023085,636,528,2025,1527,1187,1136,4716,475,946,0,0,44,0,3350,0,0,0,0,0.75,0.8333333333,0.5,0.5,0.25,0.75,0.5,0.5,0.75,50,62.5,76.4705882353,70.5882352941,55.8823529412,70.5882352941,55.8823529412,67.6470588235,44.1176470588
CON__P00761         ,0.0469449123,13194,395,12799,0.0003581943,262,1545,829,3987,714,1211,3421,667,558,18,0,0,117,0,258,0,0,2,0.5,0.8333333333,0.5,0.25,0.25,1,1,0.5,0.75,38.2352941176,65.625,55.8823529412,55.8823529412,55.8823529412,70.5882352941,50,61.7647058824,38.2352941176
Q14697_2_GANAB      ,0.0472520704,12846,0,12846,0.0001610013,423,222,637,1663,5158,709,832,1491,1711,0,0,0,0,0,0,0,0,0,0.75,0.6666666667,0.5,0.5,0.25,0.75,0.75,0.5,0.75,35.2941176471,56.25,50,52.9411764706,76.4705882353,73.5294117647,38.2352941176,58.8235294118,41.1764705882
P07900_2_HSP90AA1   ,0.0479907667,11466,12,11454,0.0002739148,2167,539,573,1059,959,1318,3582,753,516,8,0,0,0,0,0,0,0,4,0.25,0.8333333333,0.5,0.5,0.25,1,1,0.5,0.75,47.0588235294,62.5,55.8823529412,61.7647058824,50,70.5882352941,61.7647058824,50,52.9411764706
P07237_P4HB         ,0.053397126,12288,243,12045,0.0003581943,270,316,1603,1100,3526,319,239,2266,2649,0,0,4,0,218,0,3,0,18,0.5,0.6666666667,0.5,0.5,0.25,1,0.75,0.5,0.5,44.1176470588,50,47.0588235294,47.0588235294,79.4117647059,50,41.1764705882,52.9411764706,41.1764705882
P11215_2_ITGAM      ,0.0534573041,11818,552,11266,0.0012041668,593,324,1651,379,429,5184,2167,808,283,0,0,0,22,522,8,0,0,0,0.75,0.6666666667,0.5,0.5,0.25,0.75,0.5,0.5,0.75,58.8235294118,59.375,67.6470588235,35.2941176471,61.7647058824,50,52.9411764706,55.8823529412,44.1176470588
P30838_ALDH3A1      ,0.0550589072,8768,1469,7299,0.0045062197,659,367,275,402,1869,768,577,909,2942,0,0,0,122,1015,324,6,0,2,0.75,0.8333333333,0.5,0.5,0.5,0.75,0.75,0.5,0.5,47.0588235294,65.625,47.0588235294,44.1176470588,73.5294117647,58.8235294118,52.9411764706,61.7647058824,47.0588235294
P02671_FGA          ,0.0566899082,9161,3863,5298,0.0609602835,1450,1411,2332,223,187,434,322,234,2568,0,1728,0,0,138,0,0,1453,544,0.5,0.8333333333,0.5,0.5,0.5,0.75,0.75,0.25,0.5,52.9411764706,78.125,58.8235294118,47.0588235294,50,50,64.7058823529,38.2352941176,35.2941176471
P18206_VCL          ,0.0584503094,10397,7225,3172,0.0508492619,559,929,1206,203,1588,1869,1762,2057,224,0,0,51,729,5184,0,638,623,0,0.75,0.8333333333,0.5,0.5,0.5,1,0.5,0.5,0.75,47.0588235294,62.5,64.7058823529,47.0588235294,61.7647058824,82.3529411765,50,55.8823529412,35.2941176471
C9JC84_FGG          ,0.0586161167,9191,2969,6222,0.0129435828,2333,924,467,1172,115,444,1206,77,2453,0,1038,0,68,0,12,2,1849,0,0.25,0.8333333333,0.5,0.5,0.5,0.75,0.75,0.5,0.5,55.8823529412,75,64.7058823529,55.8823529412,64.7058823529,64.7058823529,61.7647058824,38.2352941176,41.1764705882
P17174_GOT1         ,0.060769854,6742,3063,3679,0.0096645549,89,846,1136,676,1385,753,37,1168,652,0,1,0,0,2652,0,406,4,0,0.75,0.8333333333,0.5,0.5,0.5,0.75,0.75,0.5,0.75,29.4117647059,78.125,55.8823529412,55.8823529412,58.8235294118,55.8823529412,58.8235294118,52.9411764706,38.2352941176
Q08188_TGM3         ,0.0611869901,11959,197,11762,0.0005367898,983,268,518,4182,4381,165,129,249,1084,3,0,0,0,16,7,143,0,28,0.5,0.6666666667,0.5,0.25,0.25,1,0.75,0.5,0.75,61.7647058824,53.125,52.9411764706,70.5882352941,82.3529411765,52.9411764706,44.1176470588,52.9411764706,52.9411764706
P22079_LPO          ,0.0617016302,7780,3121,4659,0.0203450799,1117,1710,124,292,332,214,1626,457,1908,0,2221,37,0,854,0,0,9,0,0.5,0.8333333333,0.5,0.5,0.5,1,0.75,0.5,0.75,58.8235294118,71.875,44.1176470588,52.9411764706,50,58.8235294118,52.9411764706,58.8235294118,41.1764705882
Q9HD89_RETN         ,0.0619848807,11556,3173,8383,0.0140419738,273,560,5184,406,1459,356,2400,640,278,0,0,625,0,0,0,0,2548,0,0.5,0.8333333333,0.5,0.5,0.5,0.75,0.5,0.5,0.75,41.1764705882,75,61.7647058824,38.2352941176,61.7647058824,58.8235294118,50,64.7058823529,26.4705882353
P02750_LRG1         ,0.0628267529,7364,6441,923,0.6586782439,367,4,2723,432,243,80,44,2601,870,3088,1467,163,682,1,117,923,0,0,0.5,0.5,0.5,0.5,0.5,0.75,0.75,0.5,0.75,41.1764705882,56.25,52.9411764706,55.8823529412,61.7647058824,52.9411764706,50,61.7647058824,55.8823529412
A0A087WZM2_RNASET2  ,0.0634884187,8955,5084,3871,0.0203450799,2867,328,1049,260,273,230,955,270,2723,0,73,330,1,4680,0,0,0,0,0.25,0.8333333333,0.5,0.5,0.5,1,0.75,0.5,0.5,47.0588235294,56.25,64.7058823529,41.1764705882,61.7647058824,52.9411764706,55.8823529412,55.8823529412,47.0588235294
P25311_AZGP1        ,0.0787001009,5909,0,5909,0.0001610013,213,1132,442,196,252,188,1725,162,1599,0,0,0,0,0,0,0,0,0,0.5,0.8333333333,0.5,0.5,0.5,1,0.5,0.25,0.75,41.1764705882,59.375,52.9411764706,41.1764705882,58.8235294118,52.9411764706,55.8823529412,50,35.2941176471
P30740_SERPINB1     ,0.0794072239,6457,347,6110,0.000875244,248,465,1245,141,1999,107,705,228,1319,0,20,135,0,0,0,192,0,0,0.5,0.8333333333,0.5,0.5,0.5,0.75,0.75,0.5,0.75,38.2352941176,59.375,50,50,58.8235294118,55.8823529412,52.9411764706,47.0588235294,47.0588235294
P62805_HIST1H4A     ,0.0805129923,7563,3426,4137,0.1292989318,63,1591,2340,98,3211,124,36,0,100,0,29,0,7,2327,0,0,312,751,0.5,0.8333333333,0.5,0.5,0.25,0.75,0.75,0.5,0.5,32.3529411765,65.625,67.6470588235,61.7647058824,58.8235294118,50,61.7647058824,41.1764705882,26.4705882353
P01034_CST3         ,0.0817763557,4683,5350,-667,0.0151648342,10,73,1547,889,977,13,101,324,749,0,162,0,0,5184,0,4,0,0,0.75,0.5,0.5,0.5,0.25,0.5,0.75,0.5,0.75,44.1176470588,46.875,61.7647058824,44.1176470588,52.9411764706,52.9411764706,52.9411764706,38.2352941176,55.8823529412
P61586_RHOA         ,0.0842806729,8764,2674,6090,0.0245420563,477,206,356,4277,339,622,1655,448,384,0,0,0,0,1903,235,0,536,0,0.75,0.8333333333,0.5,0.25,0.5,0.75,0.75,0.5,0.5,41.1764705882,62.5,47.0588235294,64.7058823529,61.7647058824,73.5294117647,64.7058823529,52.9411764706,38.2352941176
Q9UBG3_CRNN         ,0.0862167842,8287,268,8019,0.000875244,210,108,110,2418,4458,334,259,209,181,0,0,0,3,76,189,0,0,0,0.5,0.6666666667,0.5,0.5,0,1,0.75,0.5,0.75,26.4705882353,62.5,44.1176470588,61.7647058824,76.4705882353,55.8823529412,52.9411764706,41.1764705882,35.2941176471
P68032_ACTC1        ,0.0869684261,5147,70,5077,0.0004462298,125,60,521,158,644,57,2720,597,265,0,0,0,0,0,0,70,0,0,0.5,0.5,0.5,0.5,0.25,0.75,0.75,0.5,0.75,41.1764705882,46.875,61.7647058824,52.9411764706,67.6470588235,41.1764705882,64.7058823529,47.0588235294,41.1764705882
P31947_SFN          ,0.0877156896,5979,1583,4396,0.0560858068,533,9,146,902,3538,237,0,402,212,0,0,0,22,850,0,711,0,0,0.75,0.5,0.5,0.5,0,1,0.5,0.5,0.75,38.2352941176,68.75,32.3529411765,50,79.4117647059,50,41.1764705882,50,50
P07996_THBS1        ,0.0903993056,7057,1061,5996,0.0129435828,203,479,292,220,4355,422,585,134,367,16,15,0,0,0,77,0,383,570,0.5,0.8333333333,0.5,0.5,0.25,0.75,0.75,0.5,0.5,32.3529411765,56.25,55.8823529412,32.3529411765,73.5294117647,70.5882352941,55.8823529412,41.1764705882,38.2352941176
CON__P13647_KRT5    ,0.0915598246,5546,63,5483,0.0003210967,230,588,89,304,1171,1324,1569,164,107,0,0,6,55,2,0,0,0,0,0.5,0.8333333333,0.5,0.5,0.25,1,0.75,0.25,0.75,47.0588235294,65.625,55.8823529412,50,52.9411764706,76.4705882353,61.7647058824,50,50
A0A087WVN6          ,0.0919545077,6808,2387,4421,0.0203450799,3007,193,710,416,152,544,140,1543,103,24,0,0,2021,0,0,0,153,189,0.25,0.6666666667,0.5,0.5,0.5,0.75,0.75,0.5,0.75,44.1176470588,56.25,47.0588235294,38.2352941176,47.0588235294,58.8235294118,41.1764705882,61.7647058824,35.2941176471
P31946_YWHAB        ,0.0932881878,3030,3911,-881,0.328878741,539,197,455,122,936,211,85,446,39,0,134,0,0,1983,22,0,1047,725,0.75,0.6666666667,0.5,0.5,0.25,1,0.75,0.5,0.75,38.2352941176,62.5,41.1764705882,52.9411764706,58.8235294118,52.9411764706,50,55.8823529412,41.1764705882
P09211_GSTP1        ,0.094710223,5435,648,4787,0.0210105359,183,588,28,145,1599,140,5,115,2632,0,64,0,0,424,10,117,33,0,0.5,0.8333333333,0.5,0.5,0.5,0.75,0.5,0.5,0.5,47.0588235294,59.375,41.1764705882,52.9411764706,52.9411764706,50,64.7058823529,47.0588235294,44.1176470588
P05164_3_MPO        ,0.100450881,5028,485,4543,0.0077164801,92,1179,343,485,2650,153,78,27,21,44,0,409,28,2,0,0,0,2,0.5,0.8333333333,0.5,0.5,0.25,0.75,0.75,0.25,0.5,29.4117647059,62.5,47.0588235294,47.0588235294,79.4117647059,41.1764705882,73.5294117647,41.1764705882,41.1764705882
P52209_PGD          ,0.1013410595,4037,2448,1589,0.0100507279,25,36,59,447,1876,267,674,147,506,3,0,23,0,2350,0,20,0,52,0.5,0.6666666667,0.5,0.5,0.5,1,0.75,0.25,0.75,38.2352941176,62.5,50,50,58.8235294118,52.9411764706,70.5882352941,44.1176470588,44.1176470588
Q14974_KPNB1        ,0.1032125624,5778,2034,3744,0.0083365187,197,376,1310,1181,500,587,1297,248,82,0,0,0,0,1802,0,232,0,0,0.5,0.8333333333,0.5,0.5,0.5,0.75,0.75,0.5,0.75,41.1764705882,50,67.6470588235,41.1764705882,70.5882352941,61.7647058824,64.7058823529,38.2352941176,38.2352941176
X6R8F3_LCN2         ,0.1035548832,5538,223,5315,0.0003581943,259,231,226,160,576,318,2858,357,553,0,0,0,63,31,0,118,11,0,0.5,0.6666666667,0.5,0.5,0.25,1,0.75,0.5,0.75,35.2941176471,53.125,47.0588235294,35.2941176471,70.5882352941,61.7647058824,58.8235294118,47.0588235294,52.9411764706
P32926_DSG3         ,0.1070909489,3074,1298,1776,0.2842893299,73,390,68,4,1280,96,0,489,674,0,0,138,70,455,99,536,0,0,0.75,0.8333333333,0.5,0.25,0.5,0.75,0.5,0.5,0.75,41.1764705882,53.125,44.1176470588,44.1176470588,61.7647058824,38.2352941176,50,55.8823529412,29.4117647059
P11413_2_G6PD       ,0.1078519334,5169,2605,2564,0.0794548786,218,0,710,148,1316,718,565,1491,3,10,0,0,70,1841,0,0,684,0,0.5,0.5,0.5,0.5,0.5,0.75,0.75,0.5,0.5,50,43.75,58.8235294118,47.0588235294,61.7647058824,67.6470588235,41.1764705882,58.8235294118,44.1176470588
P18669_PGAM1        ,0.1084156706,3458,5843,-2385,0.0515743698,612,47,650,112,1301,199,204,292,41,8,39,1,1,5184,0,124,1,485,0.75,0.5,0.5,0.5,0.5,1,0.75,0.5,0.5,38.2352941176,59.375,52.9411764706,47.0588235294,55.8823529412,47.0588235294,50,44.1176470588,35.2941176471
P62937_PPIA         ,0.1154720369,3867,677,3190,0.0048013545,56,327,27,2130,121,913,213,65,15,0,0,0,0,641,0,0,36,0,0.5,0.6666666667,0.5,0.5,0.5,0.75,0.75,0.5,0.5,29.4117647059,53.125,35.2941176471,64.7058823529,61.7647058824,67.6470588235,55.8823529412,47.0588235294,44.1176470588
P07858_CTSB         ,0.1159468863,4649,70,4579,0.000451972,576,839,96,77,32,86,57,92,2794,0,0,24,42,0,0,0,4,0,0.75,0.8333333333,0.5,0.5,0.5,0.75,0.75,0.5,0.5,50,68.75,32.3529411765,55.8823529412,50,52.9411764706,47.0588235294,47.0588235294,41.1764705882
Q9UG63_2_ABCF2      ,0.1215760792,2462,482,1980,0.0322364165,90,327,7,119,981,37,56,756,89,199,0,18,0,88,0,177,0,0,0.75,0.6666666667,0.5,0.5,0.25,0.75,0.75,0.5,0.75,38.2352941176,46.875,44.1176470588,70.5882352941,55.8823529412,41.1764705882,47.0588235294,58.8235294118,32.3529411765
P03973_SLPI         ,0.1220899882,6175,259,5916,0.0005465149,367,265,230,3684,436,117,510,311,255,139,0,0,0,0,0,120,0,0,0.5,0.6666666667,0.5,0.25,0.5,0.75,0.75,0.5,0.75,38.2352941176,59.375,41.1764705882,58.8235294118,55.8823529412,38.2352941176,50,32.3529411765,32.3529411765
Q32Q12_NME1_NME2    ,0.1262326596,4194,5316,-1122,0.0401464433,232,0,285,850,240,24,1648,82,833,0,0,0,0,5184,2,53,9,68,0.5,0.5,0.5,0.5,0.5,0.5,0.5,0.5,0.75,50,37.5,52.9411764706,32.3529411765,58.8235294118,50,58.8235294118,35.2941176471,55.8823529412
P01861_IGHG4        ,0.1300043604,1863,1903,-40,0.2868143008,375,348,351,9,90,246,111,1,332,420,0,0,0,984,0,294,5,200,0.5,0.8333333333,0.5,0.25,0.5,1,0.75,0.5,0.75,52.9411764706,53.125,50,61.7647058824,55.8823529412,50,61.7647058824,44.1176470588,38.2352941176
P01591_IGJ          ,0.1325822259,3215,12,3203,0.0004429087,4,759,253,701,50,34,1287,4,123,0,0,0,0,12,0,0,0,0,0.75,0.8333333333,0.5,0.5,0.5,0.75,0.75,0.25,0.75,47.0588235294,71.875,38.2352941176,47.0588235294,47.0588235294,44.1176470588,50,47.0588235294,32.3529411765
P04004_VTN          ,0.1387982035,2425,184,2241,0.0010569298,504,313,380,138,561,65,43,79,342,0,0,1,0,183,0,0,0,0,0.75,0.6666666667,0.5,0.5,0.5,0.75,0.75,0.5,0.75,47.0588235294,46.875,52.9411764706,61.7647058824,73.5294117647,47.0588235294,64.7058823529,38.2352941176,38.2352941176
P30101_PDIA3        ,0.1405136745,3041,1228,1813,0.1430403817,39,7,547,87,586,1194,10,571,0,111,2,1,1039,45,0,30,0,0,0.5,0.5,0.5,0.5,0.25,1,0.5,0.5,0.75,32.3529411765,50,61.7647058824,47.0588235294,61.7647058824,73.5294117647,41.1764705882,61.7647058824,44.1176470588
P01714              ,0.1412307972,2800,200,2600,0.1662083831,187,3,21,0,110,135,20,2324,0,153,0,0,28,0,2,12,3,2,0.5,0.5,0.5,0.25,0.5,0.75,0.75,0.5,0.75,41.1764705882,56.25,47.0588235294,58.8235294118,61.7647058824,47.0588235294,55.8823529412,58.8235294118,44.1176470588
CON__Q3MHH8         ,0.1416528864,2579,5384,-2805,0.0508492619,614,419,14,21,156,116,50,43,1146,0,26,5102,238,0,1,0,17,0,0.75,0.8333333333,0.5,0.25,0.5,0.75,0.75,0.5,0.75,50,68.75,47.0588235294,61.7647058824,61.7647058824,41.1764705882,41.1764705882,35.2941176471,52.9411764706
P13688_CEACAM1      ,0.1463148093,3102,642,2460,0.0192976897,0,116,414,214,404,47,787,1116,4,0,0,0,14,621,0,3,4,0,0.75,0.6666666667,0.5,0.5,0.5,0.75,0.75,0.5,0.5,44.1176470588,59.375,58.8235294118,35.2941176471,52.9411764706,47.0588235294,50,52.9411764706,44.1176470588
P02814_SMR3B        ,0.1496728495,2891,1834,1057,0.3260884521,712,222,552,16,50,1107,16,216,0,822,0,44,0,218,0,147,0,603,0.5,0.8333333333,0.5,0.25,0.5,0.75,0.5,0.5,0.75,58.8235294118,56.25,55.8823529412,50,50,67.6470588235,44.1176470588,52.9411764706,50
REV__P04280         ,0.1518791336,2562,87,2475,0.0010569298,1073,8,262,28,517,34,340,242,58,0,0,0,0,86,0,1,0,0,0.5,0.5,0.5,0.25,0.5,0.5,0.75,0.5,0.75,47.0588235294,62.5,47.0588235294,41.1764705882,64.7058823529,50,52.9411764706,52.9411764706,29.4117647059
CON__P02538_KRT6A   ,0.1525066996,1298,148,1150,0.0084550431,89,190,32,327,326,74,245,0,15,0,0,93,0,0,0,55,0,0,0.75,0.6666666667,0.5,0.5,0.5,0.75,0.75,0.5,0.5,29.4117647059,65.625,41.1764705882,47.0588235294,52.9411764706,41.1764705882,55.8823529412,41.1764705882,32.3529411765
Q9UIV8_SERPINB13    ,0.1555944708,6093,291,5802,0.0140419738,16,24,323,8,4454,136,0,973,159,0,0,0,0,134,0,156,0,1,0.75,0.5,0.5,0.25,0,0.75,0.5,0.5,0.75,44.1176470588,65.625,44.1176470588,50,73.5294117647,47.0588235294,38.2352941176,55.8823529412,44.1176470588
Q07654_TFF3         ,0.1612315293,3746,24,3722,0.0142336223,23,0,1184,1485,995,0,5,31,23,0,0,3,0,16,0,0,0,5,0.75,0.5,0.5,0.5,0.25,0.75,0.5,0.25,0.75,38.2352941176,56.25,64.7058823529,44.1176470588,64.7058823529,47.0588235294,52.9411764706,58.8235294118,32.3529411765
P07108_6_DBI        ,0.1695027269,2697,786,1911,0.0368899328,8,289,944,18,153,1191,6,0,88,1,3,0,43,731,0,4,4,0,0.75,0.6666666667,0.5,0.25,0.5,1,0.5,0.5,0.75,50,53.125,67.6470588235,44.1176470588,58.8235294118,61.7647058824,44.1176470588,41.1764705882,38.2352941176
J3KPA1_CRISP3       ,0.1759612145,2882,3322,-440,0.0041363284,30,1060,30,93,12,6,1083,6,562,0,3322,0,0,0,0,0,0,0,0.5,0.8333333333,0.5,0.5,0.5,0.5,0.75,0.25,0.75,35.2941176471,75,41.1764705882,44.1176470588,44.1176470588,38.2352941176,44.1176470588,41.1764705882,44.1176470588
Q14CN2_CLCA4        ,0.1765088312,3237,1265,1972,0.4182432284,131,84,0,26,2544,0,11,315,126,0,0,268,145,8,832,12,0,0,0.5,0.5,0.5,0.25,0.25,0.75,0.5,0.5,0.5,38.2352941176,65.625,50,52.9411764706,58.8235294118,47.0588235294,47.0588235294,58.8235294118,29.4117647059
O75594_PGLYRP1      ,0.178512479,1627,1447,180,0.1325183932,60,201,114,363,431,32,144,264,18,0,6,0,184,485,11,760,1,0,0.5,0.8333333333,0.5,0.5,0.5,0.5,0.75,0.5,0.5,32.3529411765,56.25,50,41.1764705882,55.8823529412,50,52.9411764706,44.1176470588,41.1764705882
P04209              ,0.1823023052,571,5507,-4936,1,0,398,145,0,2,0,0,2,24,0,0,72,0,0,5154,6,0,275,0.75,0.8333333333,0.5,0.25,0.25,0.75,0.5,0.25,0.75,32.3529411765,65.625,29.4117647059,58.8235294118,44.1176470588,29.4117647059,50,38.2352941176,44.1176470588
P63313_TMSB10       ,0.1827390336,2447,2429,18,0.0874718695,160,62,56,436,4,687,780,38,224,0,0,1645,71,713,0,0,0,0,0.5,0.5,0.5,0.5,0.5,0.75,0.75,0.5,0.75,26.4705882353,62.5,41.1764705882,35.2941176471,58.8235294118,67.6470588235,47.0588235294,47.0588235294,41.1764705882
P06733_ENO1         ,0.1849200959,852,1947,-1095,0.4974018778,12,127,0,697,0,14,2,0,0,0,0,0,0,1883,59,0,5,0,0.75,0.5,0.5,0.5,0.5,0.5,0.5,0.5,0.75,44.1176470588,46.875,38.2352941176,44.1176470588,50,52.9411764706,50,38.2352941176,44.1176470588
P06737_PYGL         ,0.1871344252,1025,794,231,0.1657570432,155,0,212,8,30,227,51,342,0,18,226,0,0,0,550,0,0,0,0.5,0.5,0.5,0.25,0.5,1,0.75,0.5,0.75,38.2352941176,40.625,47.0588235294,55.8823529412,47.0588235294,44.1176470588,38.2352941176,55.8823529412,50
A0A087X2C0          ,0.1878852956,1909,7019,-5110,1,31,6,843,130,23,14,12,765,85,0,1609,0,245,232,4150,783,0,0,0.5,0.5,0.5,0.5,0.5,0.5,0.5,0.5,0.75,58.8235294118,53.125,52.9411764706,50,64.7058823529,41.1764705882,47.0588235294,64.7058823529,41.1764705882
P04080_CSTB         ,0.1910548506,1888,3682,-1794,1,0,128,717,0,923,0,0,54,66,0,2,0,0,533,2,452,50,2643,0.75,0.5,0.5,0.25,0.25,0.75,0.5,0.5,0.75,41.1764705882,50,55.8823529412,67.6470588235,52.9411764706,52.9411764706,47.0588235294,50,41.1764705882
O00764_PDXK         ,0.191355701,1389,2237,-848,0.0609602835,154,41,466,58,77,166,408,2,17,0,103,111,0,2022,1,0,0,0,0.5,0.5,0.5,0.5,0.5,1,0.75,0.25,0.5,35.2941176471,71.875,55.8823529412,61.7647058824,55.8823529412,47.0588235294,64.7058823529,44.1176470588,35.2941176471
Q99536_VAT1         ,0.1959809918,1433,5999,-4566,0.1501327311,236,1,357,50,100,26,612,8,43,0,0,0,0,5116,190,0,693,0,0.5,0.5,0.5,0.25,0.5,0.5,0.75,0.25,0.75,47.0588235294,59.375,58.8235294118,55.8823529412,55.8823529412,55.8823529412,58.8235294118,55.8823529412,29.4117647059
P01008_SERPINC1     ,0.1966311065,647,3819,-3172,0.6206404507,255,4,34,0,0,166,2,128,58,3206,0,43,2,0,532,36,0,0,0.5,0.5,0.5,0.25,0.5,1,0.5,0.25,0.5,47.0588235294,62.5,41.1764705882,55.8823529412,35.2941176471,50,47.0588235294,44.1176470588,32.3529411765
A0A087WV23_SH3BGRL3 ,0.1981553898,2252,2892,-640,0.6554969094,32,1424,241,79,1,447,0,28,0,164,12,0,0,2161,0,15,6,534,0.5,0.8333333333,0.5,0.5,0.5,0.75,0.5,0.25,0.75,52.9411764706,62.5,47.0588235294,61.7647058824,47.0588235294,64.7058823529,38.2352941176,47.0588235294,29.4117647059
O15511_2_ARPC5      ,0.20576914,2770,6324,-3554,0.0874718695,62,2,1376,195,38,131,709,21,236,0,0,0,0,4758,0,58,1508,0,0.5,0.5,0.5,0.5,0.5,0.75,0.75,0.25,0.75,47.0588235294,62.5,70.5882352941,50,64.7058823529,47.0588235294,64.7058823529,38.2352941176,35.2941176471
P04264_KRT1         ,0.2061428935,1407,4636,-3229,0.0047782773,6,409,6,348,211,34,57,235,101,0,5,4631,0,0,0,0,0,0,0.75,0.8333333333,0.5,0.5,0.5,0.75,0.75,0.5,0.5,41.1764705882,62.5,35.2941176471,38.2352941176,64.7058823529,52.9411764706,50,44.1176470588,23.5294117647
P68431_HIST1H3A     ,0.2069565601,898,1066,-168,0.1455257115,6,47,327,121,308,1,84,0,4,0,0,0,66,761,0,0,0,239,0.75,0.5,0.5,0.5,0.5,0.75,0.75,0.5,0.5,44.1176470588,59.375,44.1176470588,55.8823529412,61.7647058824,35.2941176471,52.9411764706,35.2941176471,29.4117647059
P26038_MSN          ,0.2076866872,2627,2590,37,0.3449729636,23,0,1398,25,64,47,788,93,189,0,0,0,822,56,0,0,1101,611,0.5,0.5,0.5,0.25,0.5,0.75,0.75,0.5,0.75,35.2941176471,46.875,50,47.0588235294,61.7647058824,50,41.1764705882,44.1176470588,38.2352941176
P01623              ,0.2097564626,1560,1850,-290,0.1721598148,0,376,29,3,54,3,713,309,73,0,0,57,0,0,1188,605,0,0,0.75,0.8333333333,0.5,0.25,0.5,0.75,0.75,0.5,0.75,41.1764705882,56.25,38.2352941176,38.2352941176,52.9411764706,50,67.6470588235,55.8823529412,32.3529411765
P01622              ,0.212640548,1932,632,1300,0.1399030286,72,10,10,143,5,10,818,720,144,0,87,0,0,0,0,144,92,309,0.75,0.5,0.5,0.5,0.5,0.5,0.75,0.5,0.75,32.3529411765,62.5,41.1764705882,50,55.8823529412,52.9411764706,70.5882352941,61.7647058824,29.4117647059
P69905_HBA1         ,0.2164973479,3246,898,2348,0.0514533931,256,164,10,58,222,10,184,8,2334,0,4,701,6,0,18,12,157,0,0.5,0.6666666667,0.5,0.5,0.5,0.5,0.75,0.25,0.5,32.3529411765,65.625,50,44.1176470588,55.8823529412,61.7647058824,38.2352941176,32.3529411765,44.1176470588
P31151_S100A7       ,0.2185080539,910,45,865,0.5467615104,0,13,0,0,2,625,0,0,270,0,0,37,5,0,3,0,0,0,0.75,0.5,0.5,0.25,0.25,0.75,0.5,0.25,0.75,44.1176470588,68.75,35.2941176471,55.8823529412,47.0588235294,64.7058823529,29.4117647059,47.0588235294,38.2352941176
Q14508_WFDC2        ,0.2228049607,2421,475,1946,0.287974937,0,545,1359,26,194,0,0,296,1,0,0,27,0,87,3,358,0,0,0.75,0.8333333333,0.5,0.25,0.5,0.75,0.5,0.5,0.5,38.2352941176,56.25,67.6470588235,55.8823529412,64.7058823529,55.8823529412,38.2352941176,55.8823529412,41.1764705882
P14174_MIF          ,0.2290204043,237,2363,-2126,0.1087760031,0,1,0,211,0,25,0,0,0,0,135,0,26,1487,28,677,10,0,0.75,0.5,0.5,0.5,0.25,0.5,0.5,0.5,0.75,38.2352941176,62.5,47.0588235294,58.8235294118,35.2941176471,47.0588235294,44.1176470588,55.8823529412,35.2941176471
P63261_ACTG1        ,0.2344757203,1408,5194,-3786,0.0274719586,395,0,254,3,165,47,418,108,18,2,0,0,0,5184,6,0,0,2,0.75,0.5,0.5,0.25,0.5,0.75,0.75,0.5,0.5,47.0588235294,40.625,41.1764705882,38.2352941176,64.7058823529,55.8823529412,52.9411764706,41.1764705882,41.1764705882
P11021_HSPA5        ,0.2357011606,2252,5644,-3392,0.1531775406,143,2,108,190,1612,2,20,170,5,0,0,0,0,4732,44,862,0,6,0.5,0.5,0.5,0.5,0.5,0.75,0.75,0.25,0.5,35.2941176471,43.75,41.1764705882,47.0588235294,61.7647058824,44.1176470588,47.0588235294,44.1176470588,32.3529411765
P31025_LCN1         ,0.235931031,1361,1195,166,0.3319583947,133,502,0,0,172,0,70,44,440,0,106,91,0,4,994,0,0,0,0.5,0.8333333333,0.5,0.25,0.5,0.75,0.75,0.5,0.5,44.1176470588,46.875,52.9411764706,47.0588235294,58.8235294118,38.2352941176,58.8235294118,44.1176470588,41.1764705882
A0A087WZW8          ,0.2372078873,152,757,-605,0.9199976608,0,4,58,41,49,0,0,0,0,0,0,0,0,217,359,0,0,181,0.75,0.5,0.5,0.25,0.5,0.5,0.5,0.5,0.5,38.2352941176,40.625,23.5294117647,58.8235294118,47.0588235294,38.2352941176,38.2352941176,41.1764705882,55.8823529412
P10909_2_CLU        ,0.2404598131,1444,1276,168,0.5941401988,57,584,63,85,613,3,11,14,14,32,0,261,86,229,0,668,0,0,0.5,0.8333333333,0.5,0.5,0.25,0.75,0.5,0.25,0.5,32.3529411765,62.5,38.2352941176,47.0588235294,50,47.0588235294,38.2352941176,50,35.2941176471
P04280_PRB1         ,0.2426080632,1139,4708,-3569,0.5851900039,56,0,58,11,498,300,211,0,5,0,0,0,0,3761,0,520,421,6,0.5,0.5,0.5,0.25,0.5,1,0.75,0.5,0.5,44.1176470588,34.375,52.9411764706,41.1764705882,47.0588235294,47.0588235294,50,35.2941176471,41.1764705882
P08603_CFH          ,0.2434506123,1048,2612,-1564,0.927476874,0,174,724,12,0,84,12,0,42,322,0,0,0,536,0,2,657,1095,0.75,0.6666666667,0.5,0.25,0.5,0.75,0.5,0.5,0.75,26.4705882353,53.125,52.9411764706,50,58.8235294118,47.0588235294,50,38.2352941176,32.3529411765
A0A0A0MTS2_GPI      ,0.2457272282,428,5956,-5528,0.3454946865,18,8,0,56,271,29,46,0,0,0,0,0,0,5184,0,0,770,2,0.75,0.5,0.5,0.25,0.5,0.5,0.75,0.5,0.75,47.0588235294,53.125,50,50,55.8823529412,55.8823529412,50,47.0588235294,50
A0A087WW89          ,0.2511519407,415,685,-270,0.2649294717,0,10,0,103,56,0,137,30,79,0,0,0,0,0,368,317,0,0,0.75,0.5,0.5,0.5,0.5,0.5,0.75,0.25,0.75,41.1764705882,56.25,47.0588235294,44.1176470588,58.8235294118,50,38.2352941176,35.2941176471,52.9411764706
P02753_RBP4         ,0.2513682333,316,123,193,0.1596904718,7,0,0,8,0,146,62,0,93,122,0,1,0,0,0,0,0,0,0.75,0.5,0.5,0.25,0.5,0.75,0.75,0.5,0.5,50,40.625,55.8823529412,47.0588235294,50,41.1764705882,50,35.2941176471,35.2941176471
F5H5D3_TUBA1C       ,0.2516921447,1368,54,1314,0.0012132311,28,313,7,541,17,57,387,17,1,0,54,0,0,0,0,0,0,0,0.5,0.6666666667,0.5,0.5,0.5,0.75,0.75,0.25,0.5,35.2941176471,46.875,44.1176470588,41.1764705882,61.7647058824,55.8823529412,64.7058823529,35.2941176471,76.4705882353
P01763              ,0.263315901,960,347,613,0.9162349629,72,0,0,43,845,0,0,0,0,0,0,277,0,0,16,54,0,0,0.5,0.5,0.5,0.25,0.25,0.75,0.5,0.5,0.75,32.3529411765,43.75,44.1176470588,55.8823529412,47.0588235294,47.0588235294,44.1176470588,50,58.8235294118
P09960_LTA4H        ,0.2633904832,870,1582,-712,0.8533893806,174,0,0,8,609,6,73,0,0,9,732,45,0,789,0,0,7,0,0.5,0.5,0.5,0.25,0.25,0.5,0.75,0.5,0.75,44.1176470588,34.375,35.2941176471,41.1764705882,52.9411764706,47.0588235294,52.9411764706,38.2352941176,41.1764705882
P52907_CAPZA1       ,0.2764282474,649,552,97,0.2244195824,186,0,213,20,158,4,62,2,4,0,0,18,395,107,0,0,0,32,0.5,0.5,0.5,0.25,0.5,0.5,0.75,0.5,0.5,38.2352941176,59.375,52.9411764706,50,50,52.9411764706,38.2352941176,47.0588235294,38.2352941176
P00338_3_LDHA       ,0.2837396569,253,2447,-2194,0.5233506705,139,0,10,2,34,0,61,2,5,0,2,72,106,2267,0,0,0,0,0.5,0.5,0.5,0.25,0.5,0.75,0.75,0.25,0.5,35.2941176471,50,50,47.0588235294,55.8823529412,50,44.1176470588,38.2352941176,44.1176470588
Q01518_CAP1         ,0.2837501171,1673,1062,611,0.0961291451,47,0,264,31,103,20,1067,69,72,0,0,32,867,159,0,0,4,0,0.5,0.5,0.5,0.25,0.5,0.5,0.75,0.5,0.75,35.2941176471,43.75,55.8823529412,44.1176470588,67.6470588235,50,44.1176470588,52.9411764706,50
P59998_3_ARPC4      ,0.2838024231,113,224,-111,0.8926241941,8,1,0,3,17,56,12,16,0,11,0,21,90,99,0,0,3,0,0.75,0.5,0.5,0.25,0.5,0.75,0.5,0.25,0.75,41.1764705882,53.125,41.1764705882,41.1764705882,52.9411764706,47.0588235294,50,41.1764705882,47.0588235294
Q01469_FABP5        ,0.2876760195,398,3008,-2610,1,0,56,241,0,6,42,0,0,53,0,0,0,4,1591,230,1183,0,0,0.75,0.5,0.5,0.25,0.5,0.75,0.5,0.5,0.75,41.1764705882,59.375,47.0588235294,52.9411764706,58.8235294118,50,47.0588235294,47.0588235294,23.5294117647
Q8N4F0_BPIFB2       ,0.2914898288,1274,7,1267,0.1176934452,3,0,187,527,557,0,0,0,0,0,0,0,7,0,0,0,0,0,0.75,0.5,0.5,0.5,0.5,0.75,0.5,0.5,0.75,52.9411764706,40.625,50,44.1176470588,55.8823529412,41.1764705882,44.1176470588,47.0588235294,50
P68871_HBB          ,0.2927137606,2713,504,2209,0.3674041717,166,8,0,28,8,44,334,0,2125,8,266,0,54,0,0,25,151,0,0.5,0.5,0.5,0.25,0.5,0.75,0.75,0.5,0.5,41.1764705882,59.375,55.8823529412,52.9411764706,61.7647058824,50,44.1176470588,32.3529411765,44.1176470588
CON__P13646_1       ,0.2975730253,1017,490,527,0.2447135688,15,0,0,602,76,51,273,0,0,0,0,0,0,3,0,486,0,1,0.75,0.5,0.5,0.5,0.5,0.75,0.75,0.5,0.5,41.1764705882,50,47.0588235294,50,58.8235294118,47.0588235294,58.8235294118,32.3529411765,26.4705882353
Q9BRA2_TXNDC17      ,0.3024651778,407,706,-299,0.3629811661,0,22,49,78,0,214,16,28,0,8,5,0,0,648,27,18,0,0,0.75,0.5,0.5,0.5,0.5,1,0.5,0.25,0.75,38.2352941176,68.75,38.2352941176,52.9411764706,47.0588235294,55.8823529412,41.1764705882,47.0588235294,38.2352941176
P29401_2_TKT        ,0.3067188206,131,1888,-1757,1,49,25,0,19,33,0,0,5,0,225,4,178,0,1481,0,0,0,0,0.5,0.6666666667,0.5,0.25,0.5,0.75,0.5,0.25,0.75,35.2941176471,65.625,47.0588235294,41.1764705882,58.8235294118,41.1764705882,44.1176470588,41.1764705882,44.1176470588
P61160_ACTR2        ,0.3077089357,721,80,641,0.0682432718,0,0,80,10,11,315,245,58,2,0,0,4,0,4,4,0,0,68,0.75,0.5,0.5,0.25,0.5,1,0.75,0.5,0.5,38.2352941176,46.875,55.8823529412,47.0588235294,52.9411764706,50,50,38.2352941176,44.1176470588
Q9HC84_MUC5B        ,0.3095904282,908,167,741,0.9110200046,0,0,0,368,540,0,0,0,0,0,0,0,2,4,0,0,161,0,0.75,0.5,0.5,0.5,0.5,0.75,0.5,0.5,0.75,52.9411764706,56.25,47.0588235294,44.1176470588,50,44.1176470588,35.2941176471,41.1764705882,41.1764705882
P06396_GSN          ,0.310099655,165,745,-580,0.1273680137,9,0,0,0,148,0,5,3,0,84,38,15,326,189,0,0,93,0,0.75,0.5,0.5,0.25,0.5,0.75,0.5,0.25,0.75,50,37.5,41.1764705882,41.1764705882,41.1764705882,50,50,41.1764705882,55.8823529412
P60174_TPI1         ,0.3143722056,1200,758,442,0.8843865983,0,812,0,284,0,88,0,0,16,6,0,0,0,531,18,203,0,0,0.75,0.8333333333,0.5,0.5,0.5,0.75,0.5,0.5,0.5,44.1176470588,71.875,61.7647058824,44.1176470588,55.8823529412,55.8823529412,35.2941176471,38.2352941176,38.2352941176
P06331              ,0.3161879616,509,6706,-6197,0.8172176302,35,310,65,0,0,0,98,0,1,0,1319,2,0,1,0,5184,0,200,0.5,0.6666666667,0.5,0.25,0.5,0.75,0.75,0.5,0.5,47.0588235294,59.375,38.2352941176,47.0588235294,47.0588235294,44.1176470588,52.9411764706,44.1176470588,41.1764705882
P61769_B2M          ,0.3169029818,325,975,-650,0.6490380886,0,29,2,6,230,0,34,18,6,0,10,0,0,0,836,49,80,0,0.75,0.6666666667,0.5,0.25,0.5,0.75,0.75,0.25,0.5,58.8235294118,59.375,32.3529411765,58.8235294118,55.8823529412,44.1176470588,35.2941176471,41.1764705882,38.2352941176
P14550_AKR1A1       ,0.3312889151,1261,2696,-1435,0.9248419259,130,0,0,0,293,797,0,41,0,0,0,16,64,2445,9,0,162,0,0.5,0.5,0.5,0.25,0.5,0.75,0.5,0.5,0.75,38.2352941176,43.75,52.9411764706,47.0588235294,61.7647058824,64.7058823529,38.2352941176,44.1176470588,41.1764705882
CON__P60712_ACTB    ,0.3371948933,206,5376,-5170,0.3454946865,15,0,134,0,36,21,0,0,0,0,184,0,252,4701,0,0,2,237,0.75,0.5,0.5,0.25,0.5,0.5,0.5,0.5,0.5,38.2352941176,56.25,32.3529411765,44.1176470588,55.8823529412,47.0588235294,29.4117647059,50,52.9411764706
P05109_S100A8       ,0.3375608501,209,2570,-2361,0.7529173181,0,25,127,9,2,1,34,7,4,2050,0,106,52,0,0,0,0,362,0.75,0.5,0.5,0.25,0.25,0.75,0.75,0.25,0.5,47.0588235294,56.25,38.2352941176,41.1764705882,47.0588235294,44.1176470588,47.0588235294,38.2352941176,41.1764705882
P11142_HSPA8        ,0.3389914051,856,4310,-3454,0.3713172029,0,73,12,0,0,0,747,24,0,0,0,0,0,0,4300,10,0,0,0.75,0.5,0.5,0.25,0.25,0.75,0.75,0.25,0.75,52.9411764706,59.375,44.1176470588,64.7058823529,44.1176470588,38.2352941176,76.4705882353,32.3529411765,38.2352941176
REV__Q8NDM7         ,0.3454178963,199,1981,-1782,0.1904743495,0,0,0,0,0,0,197,0,2,2,36,2,121,0,0,0,1820,0,0.75,0.5,0.5,0.25,0.5,0.75,0.75,0.5,0.5,38.2352941176,34.375,44.1176470588,50,50,32.3529411765,50,35.2941176471,35.2941176471
P00558_PGK1         ,0.3487021512,64,1447,-1383,0.6357526359,0,23,0,20,20,1,0,0,0,0,0,0,0,1257,0,0,190,0,0.5,0.5,0.5,0.25,0.5,0.75,0.5,0.5,0.75,50,56.25,35.2941176471,50,55.8823529412,44.1176470588,44.1176470588,41.1764705882,38.2352941176
P50395_GDI2         ,0.3529175505,1143,5769,-4626,0.5713812215,0,125,268,4,8,0,736,2,0,0,0,0,0,4118,0,1504,147,0,0.75,0.5,0.5,0.25,0.5,0.75,0.75,0.5,0.75,32.3529411765,75,47.0588235294,58.8235294118,50,55.8823529412,55.8823529412,41.1764705882,32.3529411765
P15153_RAC2         ,0.3570745569,1205,1159,46,0.9275164923,5,0,256,92,18,638,196,0,0,8,155,0,0,316,0,213,467,0,0.75,0.5,0.5,0.5,0.5,0.75,0.75,0.5,0.5,41.1764705882,40.625,44.1176470588,44.1176470588,55.8823529412,76.4705882353,47.0588235294,38.2352941176,50
P09382_LGALS1       ,0.3582528635,70,948,-878,0.7374318596,40,0,0,0,0,0,0,0,30,4,0,7,0,0,0,0,937,0,0.5,0.5,0.5,0.25,0.25,0.5,0.5,0.5,0.75,44.1176470588,43.75,47.0588235294,52.9411764706,55.8823529412,41.1764705882,44.1176470588,41.1764705882,35.2941176471
O60888_2_CUTA       ,0.3602776262,297,319,-22,0.579099742,3,162,6,0,0,100,10,16,0,149,123,0,0,44,0,0,3,0,0.75,0.5,0.5,0.25,0.5,0.75,0.5,0.25,0.75,29.4117647059,59.375,52.9411764706,50,52.9411764706,52.9411764706,47.0588235294,47.0588235294,47.0588235294
P06702_S100A9       ,0.3626744465,90,295,-205,0.9640343214,0,9,18,1,1,0,27,33,1,179,18,0,13,0,0,0,82,3,0.75,0.5,0.5,0.25,0.25,0.75,0.75,0.5,0.5,38.2352941176,56.25,44.1176470588,41.1764705882,38.2352941176,38.2352941176,47.0588235294,38.2352941176,55.8823529412
Q6P5S2_C6orf58      ,0.3692724609,344,667,-323,0.7771697559,0,0,22,305,0,12,3,0,2,8,454,0,1,204,0,0,0,0,0.75,0.5,0.5,0.5,0.5,0.5,0.5,0.5,0.5,32.3529411765,40.625,41.1764705882,41.1764705882,52.9411764706,52.9411764706,47.0588235294,41.1764705882,47.0588235294
P01593              ,0.3702289835,528,3009,-2481,0.5467615104,0,120,0,219,0,0,0,156,33,0,0,32,0,0,0,2969,0,8,0.75,0.6666666667,0.5,0.5,0.25,0.75,0.5,0.25,0.75,50,53.125,38.2352941176,47.0588235294,52.9411764706,50,41.1764705882,41.1764705882,41.1764705882
E9PK25_CFL1         ,0.3750097455,238,1792,-1554,0.6278874547,0,0,92,0,5,21,104,16,0,0,0,0,0,83,0,0,1681,28,0.75,0.5,0.5,0.25,0.5,0.5,0.75,0.25,0.75,38.2352941176,43.75,58.8235294118,50,55.8823529412,58.8235294118,35.2941176471,47.0588235294,38.2352941176
P17931_LGALS3       ,0.376544582,1378,246,1132,0.3797943309,0,0,2,93,1170,0,45,2,66,35,180,0,0,0,0,27,4,0,0.75,0.5,0.5,0.5,0.25,0.75,0.75,0.5,0.5,41.1764705882,40.625,52.9411764706,73.5294117647,52.9411764706,47.0588235294,47.0588235294,47.0588235294,32.3529411765
A0A075B6P5          ,0.3773555152,61,854,-793,0.5286205654,0,42,0,0,8,0,1,0,10,0,0,0,448,0,281,92,33,0,0.75,0.5,0.5,0.25,0.5,0.5,0.5,0.5,0.5,41.1764705882,68.75,47.0588235294,32.3529411765,50,58.8235294118,50,44.1176470588,52.9411764706
P06310              ,0.385288254,394,1531,-1137,0.7523573756,389,0,0,0,0,0,0,4,1,0,450,0,0,0,0,321,760,0,0.5,0.5,0.5,0.25,0.5,0.5,0.5,0.25,0.5,38.2352941176,59.375,41.1764705882,47.0588235294,47.0588235294,50,38.2352941176,44.1176470588,38.2352941176
P31949_S100A11      ,0.3872625587,640,2618,-1978,0.9613414806,2,548,64,0,0,0,26,0,0,0,8,0,0,2590,0,17,3,0,0.75,0.8333333333,0.5,0.25,0.25,0.75,0.75,0.25,0.75,41.1764705882,68.75,47.0588235294,55.8823529412,61.7647058824,41.1764705882,35.2941176471,29.4117647059,35.2941176471
Q9UKR3_KLK13        ,0.3943081176,267,608,-341,1,0,8,0,0,234,0,4,0,21,0,0,0,578,0,14,4,0,12,0.75,0.5,0.5,0.25,0.5,0.75,0.5,0.5,0.5,41.1764705882,68.75,52.9411764706,61.7647058824,50,47.0588235294,50,44.1176470588,35.2941176471
P16070_CD44         ,0.4005256921,261,919,-658,0.2862675752,0,121,0,0,138,0,0,0,2,398,0,0,0,23,127,357,14,0,0.75,0.6666666667,0.5,0.25,0.5,0.75,0.5,0.5,0.5,44.1176470588,56.25,41.1764705882,44.1176470588,58.8235294118,50,35.2941176471,32.3529411765,50
O00299_CLIC1        ,0.4008004507,427,1165,-738,0.2189696189,0,1,90,0,0,120,216,0,0,0,0,0,0,1165,0,0,0,0,0.75,0.5,0.5,0.25,0.25,0.75,0.75,0.5,0.75,44.1176470588,59.375,41.1764705882,41.1764705882,38.2352941176,47.0588235294,50,35.2941176471,52.9411764706
A8K2U0_A2ML1        ,0.4023305787,1440,129,1311,0.5467615104,17,0,23,0,1315,0,0,85,0,0,0,5,0,79,0,45,0,0,0.75,0.5,0.5,0.25,0.5,0.5,0.5,0.5,0.5,47.0588235294,59.375,44.1176470588,38.2352941176,58.8235294118,47.0588235294,32.3529411765,55.8823529412,41.1764705882
P37802_2_TAGLN2     ,0.4057643331,17,584,-567,0.6739668538,0,0,6,0,0,2,9,0,0,0,0,0,0,77,29,478,0,0,0.75,0.5,0.5,0.25,0.25,0.75,0.5,0.25,0.75,55.8823529412,46.875,38.2352941176,58.8235294118,50,41.1764705882,55.8823529412,55.8823529412,44.1176470588
P61626_LYZ          ,0.4067069257,311,6003,-5692,0.3554978416,12,0,0,240,0,23,14,22,0,0,415,0,105,0,0,3765,95,1623,0.75,0.5,0.5,0.5,0.5,0.5,0.5,0.25,0.75,47.0588235294,34.375,44.1176470588,38.2352941176,44.1176470588,47.0588235294,50,35.2941176471,23.5294117647
P06314_IGKV4_1      ,0.4097090257,181,2329,-2148,0.4056460117,0,0,67,0,45,0,2,64,3,143,0,0,0,314,430,0,10,1432,0.75,0.5,0.5,0.25,0.5,0.75,0.5,0.5,0.5,50,59.375,44.1176470588,58.8235294118,52.9411764706,44.1176470588,52.9411764706,44.1176470588,29.4117647059
P24158_PRTN3        ,0.4107330848,144,489,-345,0.1309739558,0,4,43,11,51,0,25,0,10,0,0,0,0,485,2,0,2,0,0.75,0.5,0.5,0.25,0.5,0.75,0.75,0.25,0.5,50,50,44.1176470588,44.1176470588,55.8823529412,41.1764705882,61.7647058824,32.3529411765,44.1176470588
P14618_PKM2         ,0.4190907254,188,5569,-5381,1,44,0,0,5,124,15,0,0,0,0,0,0,0,5184,0,274,111,0,0.5,0.5,0.5,0.25,0.5,0.5,0.5,0.5,0.75,41.1764705882,50,50,50,58.8235294118,50,47.0588235294,41.1764705882,38.2352941176
P35321_SPRR1A       ,0.44319863,1617,448,1169,0.4504342279,1,0,4,38,1558,0,9,7,0,0,0,372,54,0,0,22,0,0,0.75,0.5,0.5,0.25,0.5,0.75,0.5,0.25,0.75,41.1764705882,37.5,44.1176470588,50,76.4705882353,41.1764705882,47.0588235294,47.0588235294,47.0588235294
P01876_IGHA1        ,0.4462153249,151,1,150,0.2253531973,0,109,0,34,0,0,8,0,0,0,1,0,0,0,0,0,0,0,0.75,0.6666666667,0.5,0.25,0.5,0.75,0.5,0.5,0.75,44.1176470588,62.5,47.0588235294,73.5294117647,55.8823529412,58.8235294118,41.1764705882,35.2941176471,50
A0A0A0MS15          ,0.4511185873,532,1077,-545,0.5713812215,408,0,2,20,0,0,79,11,12,0,580,0,0,437,0,0,60,0,0.75,0.5,0.5,0.25,0.25,0.5,0.75,0.25,0.5,61.7647058824,46.875,61.7647058824,55.8823529412,52.9411764706,38.2352941176,50,50,41.1764705882
A0A075B6L0_IGLC3    ,0.4566699598,2,1833,-1831,0.0120418116,0,0,2,0,0,0,0,0,0,0,0,6,0,192,265,1308,58,4,0.75,0.5,0.5,0.25,0.5,0.75,0.5,0.5,0.5,38.2352941176,59.375,58.8235294118,44.1176470588,41.1764705882,38.2352941176,52.9411764706,44.1176470588,47.0588235294
Q08380_LGALS3BP     ,0.4569535294,226,1064,-838,0.5608072433,0,0,8,41,177,0,0,0,0,2,903,0,1,0,0,4,154,0,0.75,0.5,0.5,0.25,0.5,0.75,0.5,0.5,0.75,52.9411764706,46.875,35.2941176471,64.7058823529,64.7058823529,47.0588235294,38.2352941176,32.3529411765,47.0588235294
P04406_GAPDH        ,0.463419074,17,171,-154,0.7521818358,0,0,0,13,2,0,0,2,0,18,0,0,0,148,5,0,0,0,0.75,0.5,0.5,0.25,0.25,0.75,0.5,0.5,0.75,44.1176470588,56.25,41.1764705882,67.6470588235,50,38.2352941176,50,41.1764705882,32.3529411765
P00352_ALDH1A1      ,0.4657274394,52,750,-698,1,0,0,0,18,34,0,0,0,0,0,0,2,0,748,0,0,0,0,0.5,0.5,0.5,0.25,0.5,0.75,0.5,0.5,0.75,41.1764705882,46.875,41.1764705882,44.1176470588,47.0588235294,29.4117647059,38.2352941176,47.0588235294,32.3529411765
B1AK88_CAPZB        ,0.467646709,108,2786,-2678,0.734390003,10,0,23,53,0,0,22,0,0,0,0,2,231,2367,0,0,186,0,0.75,0.5,0.5,0.25,0.5,0.75,0.75,0.25,0.75,44.1176470588,40.625,38.2352941176,52.9411764706,50,41.1764705882,52.9411764706,35.2941176471,50
P31146_CORO1A       ,0.4727157418,0,7593,-7593,0.0139501219,0,0,0,0,0,0,0,0,0,2214,0,379,3493,50,0,0,0,1457,0.75,0.5,0.5,0.25,0.25,0.75,0.5,0.25,0.75,32.3529411765,37.5,35.2941176471,58.8235294118,50,38.2352941176,41.1764705882,44.1176470588,38.2352941176
P01717              ,0.4750066124,27,6167,-6140,0.0972544284,0,0,0,10,0,0,17,0,0,909,17,0,0,16,0,5184,41,0,0.75,0.5,0.5,0.25,0.5,0.75,0.5,0.5,0.75,64.7058823529,56.25,41.1764705882,55.8823529412,64.7058823529,38.2352941176,52.9411764706,29.4117647059,38.2352941176
P08670_VIM          ,0.4756244917,53,974,-921,1,0,0,11,10,1,1,10,1,19,450,0,90,327,0,0,0,0,107,0.75,0.5,0.5,0.25,0.25,0.75,0.5,0.5,0.5,47.0588235294,50,41.1764705882,61.7647058824,58.8235294118,41.1764705882,52.9411764706,41.1764705882,44.1176470588
C9JV77_AHSG         ,0.4763116715,103,8342,-8239,0.8333906093,0,0,56,3,0,0,44,0,0,0,0,15,0,5112,0,3215,0,0,0.75,0.5,0.5,0.25,0.25,0.5,0.75,0.5,0.5,41.1764705882,46.875,52.9411764706,47.0588235294,58.8235294118,41.1764705882,47.0588235294,47.0588235294,41.1764705882
V9HW75_NUCB2        ,0.4795963277,4,3889,-3885,0.2253531973,0,4,0,0,0,0,0,0,0,0,0,31,0,3801,0,0,57,0,0.75,0.5,0.5,0.25,0.5,0.75,0.5,0.5,0.75,41.1764705882,46.875,47.0588235294,50,52.9411764706,41.1764705882,47.0588235294,38.2352941176,50
P78417_GSTO1        ,0.4826991333,152,3642,-3490,0.7771697559,56,16,0,60,12,8,0,0,0,0,6,0,0,1172,10,0,0,2454,0.5,0.5,0.5,0.5,0.5,0.5,0.5,0.5,0.75,44.1176470588,62.5,35.2941176471,64.7058823529,52.9411764706,47.0588235294,41.1764705882,35.2941176471,38.2352941176
P07737_PFN1         ,0.4828579764,78,1977,-1899,0.2075877475,1,0,0,0,61,0,16,0,0,22,0,0,8,1361,0,198,388,0,0.75,0.5,0.5,0.25,0.5,0.75,0.5,0.5,0.75,44.1176470588,37.5,50,52.9411764706,47.0588235294,44.1176470588,50,38.2352941176,38.2352941176
P20160_AZU1         ,0.4859627024,7,474,-467,0.2694353723,0,2,0,0,5,0,0,0,0,0,0,366,19,88,0,0,0,1,0.75,0.5,0.5,0.25,0.5,0.75,0.5,0.5,0.75,50,56.25,41.1764705882,50,50,47.0588235294,38.2352941176,32.3529411765,29.4117647059
P55786_NPEPPS       ,0.4914166065,359,1430,-1071,1,0,3,0,192,0,0,20,0,144,0,0,42,0,1095,0,293,0,0,0.75,0.5,0.5,0.5,0.5,0.5,0.75,0.5,0.75,47.0588235294,56.25,35.2941176471,50,52.9411764706,50,50,35.2941176471,38.2352941176
P0C0S8_HIST1H2AG    ,0.4939193956,11,3536,-3525,0.2925491961,0,10,0,0,0,0,0,1,0,554,0,8,1,0,0,2973,0,0,0.75,0.5,0.5,0.25,0.5,0.75,0.5,0.5,0.75,38.2352941176,50,47.0588235294,61.7647058824,47.0588235294,44.1176470588,52.9411764706,29.4117647059,38.2352941176
CON__P35527_KRT9    ,0.499123397,19,4546,-4527,0.4669159253,4,1,1,0,0,0,0,0,13,0,0,3052,0,137,0,1317,40,0,0.75,0.5,0.5,0.25,0.5,0.5,0.5,0.5,0.5,50,53.125,47.0588235294,44.1176470588,52.9411764706,41.1764705882,38.2352941176,44.1176470588,41.1764705882
P80748              ,0.5023584411,185,6152,-5967,0.4216896463,0,109,0,0,75,0,1,0,0,5110,9,328,0,0,705,0,0,0,0.75,0.6666666667,0.5,0.25,0.5,0.75,0.5,0.5,0.75,41.1764705882,40.625,41.1764705882,61.7647058824,61.7647058824,29.4117647059,50,41.1764705882,50
E7EX29_YWHAZ        ,0.5101551584,12,1693,-1681,0.9199443808,2,0,1,0,8,1,0,0,0,0,1343,0,0,0,315,0,35,0,0.75,0.5,0.5,0.25,0.5,0.75,0.5,0.5,0.5,47.0588235294,56.25,47.0588235294,52.9411764706,44.1176470588,52.9411764706,35.2941176471,26.4705882353,47.0588235294
P22532_SPRR2D       ,0.5125579,217,718,-501,0.8333906093,1,0,0,0,157,0,59,0,0,0,0,467,0,0,0,221,0,30,0.75,0.5,0.5,0.25,0.5,0.75,0.75,0.25,0.75,38.2352941176,40.625,44.1176470588,52.9411764706,55.8823529412,38.2352941176,41.1764705882,38.2352941176,41.1764705882
P43652_AFM          ,0.5152331343,80,355,-275,0.8556907184,0,0,42,38,0,0,0,0,0,308,0,0,47,0,0,0,0,0,0.75,0.5,0.5,0.25,0.5,0.75,0.5,0.25,0.75,50,56.25,44.1176470588,58.8235294118,58.8235294118,38.2352941176,47.0588235294,41.1764705882,41.1764705882
Q9UBC9_SPRR3        ,0.5161602524,133,1417,-1284,0.5467615104,1,0,0,10,122,0,0,0,0,4,0,1342,53,0,18,0,0,0,0.75,0.5,0.5,0.25,0.5,0.75,0.5,0.5,0.75,50,34.375,50,47.0588235294,58.8235294118,50,41.1764705882,35.2941176471,50
P04899_4_GNAI2      ,0.5163941695,47,563,-516,0.1450322536,0,0,45,2,0,0,0,0,0,321,18,0,0,0,216,2,6,0,0.75,0.5,0.5,0.25,0.5,0.75,0.5,0.5,0.75,32.3529411765,46.875,38.2352941176,50,58.8235294118,38.2352941176,38.2352941176,38.2352941176,52.9411764706
P29508_SERPINB3     ,0.5253429719,1022,3434,-2412,0.9613174356,0,0,42,0,974,0,0,3,3,0,0,2,40,0,0,3348,0,44,0.75,0.5,0.5,0.25,0.25,0.75,0.5,0.25,0.5,35.2941176471,40.625,52.9411764706,64.7058823529,61.7647058824,41.1764705882,38.2352941176,41.1764705882,50
P23381_WARS         ,0.5302604556,0,3695,-3695,0.0338605928,0,0,0,0,0,0,0,0,0,835,0,2125,74,0,0,661,0,0,0.75,0.5,0.5,0.25,0.25,0.75,0.5,0.25,0.75,35.2941176471,37.5,50,50,47.0588235294,41.1764705882,41.1764705882,41.1764705882,32.3529411765
P06753_2_TPM3       ,0.5336338269,0,2162,-2162,0.0139501219,0,0,0,0,0,0,0,0,0,0,0,43,1758,199,0,0,159,3,0.75,0.5,0.5,0.25,0.25,0.5,0.5,0.5,0.5,38.2352941176,46.875,41.1764705882,47.0588235294,58.8235294118,47.0588235294,38.2352941176,44.1176470588,47.0588235294
P55058_PLTP         ,0.5409817213,4,1064,-1060,0.0120418116,0,0,0,0,4,0,0,0,0,630,12,0,9,0,0,126,5,282,0.75,0.5,0.5,0.25,0.5,0.75,0.5,0.25,0.75,35.2941176471,46.875,44.1176470588,64.7058823529,47.0588235294,32.3529411765,44.1176470588,35.2941176471,44.1176470588
Q9UGM3_6_DMBT1      ,0.557181643,50,34,16,0.1143776383,0,0,0,50,0,0,0,0,0,24,0,0,5,0,0,2,2,1,0.75,0.5,0.5,0.25,0.5,0.75,0.5,0.5,0.75,52.9411764706,37.5,50,52.9411764706,47.0588235294,38.2352941176,38.2352941176,35.2941176471,35.2941176471
P52566_ARHGDIB      ,0.559089718,1,1369,-1368,0.0354177168,1,0,0,0,0,0,0,0,0,3,0,0,19,96,0,1124,127,0,0.75,0.5,0.5,0.25,0.5,0.75,0.5,0.25,0.75,47.0588235294,40.625,61.7647058824,64.7058823529,58.8235294118,44.1176470588,41.1764705882,35.2941176471,44.1176470588
P61158_ACTR3        ,0.5630860534,42,769,-727,0.2469454956,0,0,0,0,4,0,38,0,0,603,0,0,0,4,39,0,123,0,0.75,0.5,0.5,0.25,0.5,0.75,0.75,0.5,0.75,38.2352941176,43.75,41.1764705882,55.8823529412,47.0588235294,35.2941176471,52.9411764706,38.2352941176,38.2352941176
P14780_MMP9         ,0.5729857786,254,1438,-1184,0.1434465036,0,0,3,0,250,0,1,0,0,88,1,16,1199,107,0,27,0,0,0.75,0.5,0.5,0.25,0.5,0.75,0.5,0.25,0.75,52.9411764706,53.125,50,47.0588235294,70.5882352941,41.1764705882,50,38.2352941176,29.4117647059
P22894_MMP8         ,0.5801404158,0,1827,-1827,0.0338605928,0,0,0,0,0,0,0,0,0,381,0,0,7,1419,0,0,20,0,0.75,0.5,0.5,0.25,0.25,0.75,0.5,0.25,0.75,38.2352941176,40.625,50,52.9411764706,52.9411764706,41.1764705882,50,47.0588235294,47.0588235294
O75626_PRDM1        ,0.5813426015,4,483,-479,0.0107695563,2,0,2,0,0,0,0,0,0,98,9,0,0,128,44,1,159,44,0.75,0.5,0.5,0.25,0.25,0.75,0.5,0.5,0.5,47.0588235294,46.875,47.0588235294,44.1176470588,50,47.0588235294,47.0588235294,41.1764705882,55.8823529412
P30044_PRDX5        ,0.5841727931,0,5368,-5368,0.0772429809,0,0,0,0,0,0,0,0,0,0,0,0,0,5184,0,179,5,0,0.75,0.5,0.5,0.25,0.25,0.75,0.5,0.25,0.75,38.2352941176,37.5,50,58.8235294118,52.9411764706,35.2941176471,32.3529411765,50,35.2941176471
P23284_PPIB         ,0.5844031892,0,2116,-2116,0.0139501219,0,0,0,0,0,0,0,0,0,0,1136,40,0,0,182,0,646,112,0.75,0.5,0.5,0.25,0.25,0.75,0.5,0.25,0.75,38.2352941176,43.75,55.8823529412,58.8235294118,52.9411764706,47.0588235294,38.2352941176,41.1764705882,35.2941176471
Q68D86_CCDC102B     ,0.5858838381,6,1782,-1776,0.1199650031,0,0,2,2,0,2,0,0,0,0,1567,164,0,0,0,15,10,26,0.75,0.5,0.5,0.25,0.5,0.75,0.5,0.5,0.75,47.0588235294,40.625,44.1176470588,50,41.1764705882,47.0588235294,38.2352941176,38.2352941176,38.2352941176
Q13404_UBE2V1       ,0.5930295354,16,257,-241,0.4509823193,1,12,0,0,3,0,0,0,0,1,0,0,0,145,19,92,0,0,0.75,0.5,0.5,0.25,0.5,0.75,0.5,0.5,0.75,61.7647058824,65.625,32.3529411765,70.5882352941,55.8823529412,35.2941176471,55.8823529412,29.4117647059,50
P40925_3_MDH1       ,0.6006828504,80,4323,-4243,0.2751961688,0,80,0,0,0,0,0,0,0,14,0,712,3597,0,0,0,0,0,0.75,0.5,0.5,0.25,0.25,0.5,0.5,0.5,0.5,47.0588235294,62.5,38.2352941176,44.1176470588,47.0588235294,50,50,32.3529411765,41.1764705882
B5MDF5_RAN          ,0.6031389062,0,1860,-1860,0.0772429809,0,0,0,0,0,0,0,0,0,0,0,0,0,1473,0,53,0,334,0.75,0.5,0.5,0.25,0.25,0.5,0.5,0.5,0.5,50,43.75,44.1176470588,41.1764705882,47.0588235294,44.1176470588,32.3529411765,44.1176470588,47.0588235294
P08107_HSPA1A       ,0.6073099591,16,3386,-3370,0.4340592169,2,0,0,0,0,0,14,0,0,0,0,194,0,2984,208,0,0,0,0.75,0.5,0.5,0.25,0.5,0.75,0.5,0.5,0.75,44.1176470588,40.625,50,50,47.0588235294,35.2941176471,41.1764705882,35.2941176471,44.1176470588
Q8TAX7_MUC7         ,0.6097994673,12,325,-313,0.0583319386,0,0,0,12,0,0,0,0,0,0,23,0,0,0,116,9,173,4,0.75,0.5,0.5,0.25,0.5,0.75,0.5,0.5,0.75,38.2352941176,40.625,41.1764705882,55.8823529412,52.9411764706,38.2352941176,32.3529411765,41.1764705882,26.4705882353
P08246_ELANE        ,0.6225095008,3,1704,-1701,0.0354177168,0,0,3,0,0,0,0,0,0,650,0,881,22,147,0,4,0,0,0.75,0.5,0.5,0.25,0.5,0.75,0.5,0.5,0.75,44.1176470588,43.75,50,55.8823529412,50,41.1764705882,38.2352941176,41.1764705882,41.1764705882
P02788_LTF          ,0.625029651,4,194,-190,0.2253531973,0,0,0,0,4,0,0,0,0,67,0,0,0,47,0,0,80,0,0.75,0.5,0.5,0.25,0.5,0.5,0.5,0.5,0.5,38.2352941176,59.375,29.4117647059,44.1176470588,50,38.2352941176,44.1176470588,26.4705882353,50
E7EQR4_EZR          ,0.6302224621,0,35,-35,0.1693272972,0,0,0,0,0,0,0,0,0,0,11,0,0,0,24,0,0,0,0.75,0.5,0.5,0.25,0.5,0.5,0.5,0.5,0.5,47.0588235294,56.25,47.0588235294,50,55.8823529412,44.1176470588,41.1764705882,50,47.0588235294
P13796_LCP1         ,0.6326718336,0,1527,-1527,0.0053165034,0,0,0,0,0,0,0,0,0,0,0,6,771,451,2,212,85,0,0.75,0.5,0.5,0.25,0.25,0.75,0.5,0.5,0.75,41.1764705882,46.875,58.8235294118,55.8823529412,61.7647058824,50,38.2352941176,32.3529411765,41.1764705882
P01033_TIMP1        ,0.6331230982,0,13,-13,0.0772429809,0,0,0,0,0,0,0,0,0,4,3,0,6,0,0,0,0,0,0.5,0.5,0.5,0.25,0.5,0.75,0.5,0.5,0.75,26.4705882353,56.25,32.3529411765,61.7647058824,52.9411764706,38.2352941176,44.1176470588,41.1764705882,50
CON__P01966         ,0.6414702859,22,2077,-2055,0.0066409271,0,0,0,0,0,0,0,0,22,0,380,159,1219,0,16,20,246,37,0.75,0.5,0.5,0.25,0.25,0.5,0.5,0.5,0.75,55.8823529412,56.25,55.8823529412,52.9411764706,38.2352941176,41.1764705882,41.1764705882,47.0588235294,41.1764705882
P01779              ,0.6436048295,11,5952,-5941,0.3152019084,0,8,0,0,0,0,1,0,2,0,250,0,0,0,446,5184,72,0,0.75,0.5,0.5,0.25,0.5,0.75,0.5,0.5,0.5,38.2352941176,62.5,52.9411764706,61.7647058824,61.7647058824,41.1764705882,44.1176470588,35.2941176471,41.1764705882
Q9Y6R7_FCGBP        ,0.6471060232,0,64,-64,0.1693272972,0,0,0,0,0,0,0,0,0,28,0,0,0,36,0,0,0,0,0.75,0.5,0.5,0.25,0.25,0.5,0.5,0.5,0.5,47.0588235294,43.75,41.1764705882,41.1764705882,47.0588235294,61.7647058824,44.1176470588,44.1176470588,41.1764705882
P05089_2_ARG1       ,0.6483654359,95,271,-176,0.7374318596,0,22,0,0,73,0,0,0,0,20,0,0,2,0,0,0,249,0,0.75,0.5,0.5,0.25,0.5,0.75,0.5,0.5,0.75,47.0588235294,53.125,47.0588235294,64.7058823529,52.9411764706,38.2352941176,38.2352941176,44.1176470588,41.1764705882
Q9UBX7_3_KLK11      ,0.6504006068,0,152,-152,0.0772429809,0,0,0,0,0,0,0,0,0,0,0,12,56,84,0,0,0,0,0.75,0.5,0.5,0.25,0.5,0.75,0.5,0.5,0.75,41.1764705882,34.375,52.9411764706,64.7058823529,47.0588235294,29.4117647059,35.2941176471,47.0588235294,32.3529411765
P10599_TXN          ,0.6586148776,2,1039,-1037,0.2253531973,0,0,0,0,0,0,0,0,2,0,0,12,804,0,223,0,0,0,0.75,0.5,0.5,0.25,0.25,0.75,0.5,0.5,0.5,38.2352941176,43.75,50,55.8823529412,50,47.0588235294,44.1176470588,38.2352941176,47.0588235294
P09429_HMGB1        ,0.6668434446,0,1863,-1863,0.0338605928,0,0,0,0,0,0,0,0,0,102,0,0,1714,35,12,0,0,0,0.75,0.5,0.5,0.25,0.25,0.5,0.5,0.5,0.5,41.1764705882,43.75,38.2352941176,47.0588235294,61.7647058824,58.8235294118,50,38.2352941176,38.2352941176
K7ELL7_PRKCSH       ,0.6711451988,32,2833,-2801,0.1176934452,0,0,0,0,0,0,0,32,0,367,94,4,0,0,0,2368,0,0,0.75,0.5,0.5,0.25,0.5,0.75,0.5,0.25,0.75,35.2941176471,56.25,26.4705882353,44.1176470588,52.9411764706,32.3529411765,38.2352941176,29.4117647059,38.2352941176
REV__Q13085_4       ,0.6785411094,0,4516,-4516,0.0772429809,0,0,0,0,0,0,0,0,0,0,0,4274,0,0,14,0,0,228,0.75,0.5,0.5,0.25,0.5,0.75,0.5,0.5,0.75,44.1176470588,43.75,47.0588235294,55.8823529412,50,41.1764705882,41.1764705882,38.2352941176,44.1176470588
A0A075B6R9          ,0.691661133,0,1275,-1275,0.0338605928,0,0,0,0,0,0,0,0,0,0,225,14,42,0,0,0,0,994,0.75,0.5,0.5,0.25,0.5,0.75,0.5,0.5,0.5,47.0588235294,59.375,47.0588235294,41.1764705882,44.1176470588,50,35.2941176471,52.9411764706,58.8235294118
P62328_TMSB4X       ,0.6993884274,3,1615,-1612,0.0138032726,0,0,0,0,3,0,0,0,0,0,34,4,9,0,25,1540,3,0,0.75,0.5,0.5,0.25,0.5,0.75,0.5,0.5,0.75,50,40.625,50,55.8823529412,29.4117647059,32.3529411765,44.1176470588,50,35.2941176471
P37837_TALDO1       ,0.7086166108,0,41,-41,0.0772429809,0,0,0,0,0,0,0,0,0,0,0,0,0,16,0,17,0,8,0.75,0.5,0.5,0.25,0.25,0.75,0.5,0.25,0.75,47.0588235294,40.625,50,44.1176470588,44.1176470588,32.3529411765,44.1176470588,44.1176470588,44.1176470588
P10412_HIST1H1E     ,0.7104980715,3,3030,-3027,0.0936832019,3,0,0,0,0,0,0,0,0,0,0,46,952,1797,0,0,0,235,0.75,0.5,0.5,0.25,0.25,0.75,0.5,0.5,0.75,47.0588235294,40.625,38.2352941176,55.8823529412,52.9411764706,47.0588235294,35.2941176471,29.4117647059,44.1176470588
P04075_2_ALDOA      ,0.7178743938,3,6074,-6071,0.0354177168,0,3,0,0,0,0,0,0,0,0,0,32,0,5184,0,595,40,223,0.75,0.5,0.5,0.25,0.5,0.75,0.5,0.5,0.75,38.2352941176,53.125,47.0588235294,61.7647058824,61.7647058824,41.1764705882,41.1764705882,52.9411764706,47.0588235294
P06576_ATP5B        ,0.722114815,0,2005,-2005,0.0139501219,0,0,0,0,0,0,0,0,0,3,0,0,0,12,181,0,187,1622,0.75,0.5,0.5,0.25,0.5,0.75,0.5,0.5,0.5,35.2941176471,53.125,52.9411764706,58.8235294118,52.9411764706,47.0588235294,41.1764705882,55.8823529412,41.1764705882
Q96KP4_CNDP2        ,0.7375876757,0,2306,-2306,0.0338605928,0,0,0,0,0,0,0,0,0,417,0,0,1763,0,0,123,3,0,0.75,0.5,0.5,0.25,0.25,0.5,0.5,0.5,0.5,41.1764705882,40.625,50,50,47.0588235294,41.1764705882,47.0588235294,47.0588235294,50
Q8TDL5_BPIFB1       ,0.7446876059,0,279,-279,0.0772429809,0,0,0,0,0,0,0,0,0,0,0,0,0,2,257,20,0,0,0.75,0.5,0.5,0.25,0.5,0.75,0.5,0.5,0.75,32.3529411765,40.625,50,61.7647058824,44.1176470588,41.1764705882,41.1764705882,32.3529411765,44.1176470588
P36952_SERPINB5     ,0.7469218669,78,6,72,1,0,0,0,0,78,0,0,0,0,0,0,0,6,0,0,0,0,0,0.75,0.5,0.5,0.25,0.5,0.75,0.5,0.25,0.75,35.2941176471,37.5,44.1176470588,61.7647058824,47.0588235294,35.2941176471,35.2941176471,32.3529411765,35.2941176471
P01833_PIGR         ,0.7510198127,0,104,-104,0.1693272972,0,0,0,0,0,0,0,0,0,0,0,0,0,0,0,44,60,0,0.75,0.5,0.5,0.25,0.5,0.75,0.5,0.5,0.75,47.0588235294,40.625,41.1764705882,47.0588235294,52.9411764706,50,32.3529411765,55.8823529412,41.1764705882
P13797_PLS3         ,0.7604596624,0,3496,-3496,0.0052830846,0,0,0,0,0,0,0,0,0,0,0,356,0,242,4,2888,4,2,0.75,0.5,0.5,0.25,0.25,0.5,0.5,0.5,0.5,32.3529411765,59.375,58.8235294118,41.1764705882,64.7058823529,50,44.1176470588,32.3529411765,44.1176470588
P19823_ITIH2        ,0.7666630107,0,800,-800,0.0338605928,0,0,0,0,0,0,0,0,0,0,0,0,0,304,334,145,17,0,0.75,0.5,0.5,0.25,0.25,0.75,0.5,0.5,0.5,50,59.375,44.1176470588,38.2352941176,50,44.1176470588,50,41.1764705882,35.2941176471
P16402_HIST1H1D     ,0.7822198987,0,7753,-7753,0.0338605928,0,0,0,0,0,0,0,0,0,0,0,20,111,5184,0,0,0,2438,0.75,0.5,0.5,0.25,0.25,0.75,0.5,0.25,0.75,35.2941176471,37.5,35.2941176471,58.8235294118,47.0588235294,44.1176470588,47.0588235294,26.4705882353,55.8823529412
Q14847_LASP1        ,0.7835172812,1,1064,-1063,0.0120418116,0,1,0,0,0,0,0,0,0,24,241,0,94,680,0,0,10,15,0.75,0.5,0.5,0.25,0.5,0.75,0.5,0.5,0.75,35.2941176471,56.25,44.1176470588,41.1764705882,55.8823529412,44.1176470588,38.2352941176,38.2352941176,41.1764705882
P20061_TCN1         ,0.8012962367,0,61,-61,0.0772429809,0,0,0,0,0,0,0,0,0,0,0,2,47,12,0,0,0,0,0.75,0.5,0.5,0.25,0.25,0.75,0.5,0.5,0.75,47.0588235294,46.875,38.2352941176,41.1764705882,44.1176470588,50,50,47.0588235294,41.1764705882
P20618_PSMB1        ,0.8049673708,0,1039,-1039,0.0772429809,0,0,0,0,0,0,0,0,0,0,0,0,0,0,0,100,347,592,0.75,0.5,0.5,0.25,0.25,0.75,0.5,0.5,0.75,52.9411764706,46.875,35.2941176471,61.7647058824,41.1764705882,41.1764705882,32.3529411765,38.2352941176,41.1764705882
Q96DR5_BPIFA2       ,0.8075212883,0,2166,-2166,0.0053165034,0,0,0,0,0,0,0,0,0,1018,6,391,0,170,0,13,568,0,0.75,0.5,0.5,0.25,0.5,0.75,0.5,0.5,0.75,35.2941176471,46.875,58.8235294118,47.0588235294,44.1176470588,50,38.2352941176,47.0588235294,23.5294117647
P08571_CD14         ,0.8109559599,6,122,-116,1,0,0,0,6,0,0,0,0,0,0,122,0,0,0,0,0,0,0,0.75,0.5,0.5,0.25,0.5,0.75,0.5,0.5,0.75,64.7058823529,37.5,47.0588235294,44.1176470588,55.8823529412,47.0588235294,35.2941176471,32.3529411765,38.2352941176
CON__P13645_KRT10   ,0.8172249458,0,379,-379,0.0772429809,0,0,0,0,0,0,0,0,0,3,0,9,0,0,0,0,367,0,0.75,0.5,0.5,0.25,0.5,0.5,0.25,0.5,0.5,47.0588235294,53.125,38.2352941176,41.1764705882,61.7647058824,38.2352941176,35.2941176471,44.1176470588,52.9411764706
P30040_ERP29        ,0.8358884756,0,147,-147,0.0772429809,0,0,0,0,0,0,0,0,0,7,0,0,0,120,0,0,20,0,0.75,0.5,0.5,0.25,0.25,0.5,0.5,0.5,0.5,50,53.125,41.1764705882,52.9411764706,64.7058823529,50,29.4117647059,35.2941176471,38.2352941176
P16403_HIST1H1C     ,0.8365684272,0,3687,-3687,0.0338605928,0,0,0,0,0,0,0,0,0,686,0,1,100,0,0,0,0,2900,0.75,0.5,0.5,0.25,0.25,0.75,0.5,0.25,0.75,47.0588235294,40.625,41.1764705882,47.0588235294,52.9411764706,35.2941176471,41.1764705882,44.1176470588,35.2941176471
A0A087X130          ,0.8387856234,0,429,-429,0.0338605928,0,0,0,0,0,0,0,0,0,0,0,126,0,0,2,291,0,10,0.75,0.5,0.5,0.25,0.25,0.5,0.5,0.5,0.5,52.9411764706,50,58.8235294118,38.2352941176,47.0588235294,38.2352941176,32.3529411765,47.0588235294,32.3529411765
P04040_CAT          ,0.8406901103,0,3704,-3704,0.0018356037,0,0,0,0,0,0,0,0,0,56,110,82,684,2647,15,110,0,0,0.75,0.5,0.5,0.25,0.5,0.75,0.5,0.5,0.75,32.3529411765,46.875,35.2941176471,55.8823529412,47.0588235294,47.0588235294,41.1764705882,50,38.2352941176
P01877_IGHA2        ,0.8425260087,0,221,-221,0.0053165034,0,0,0,0,0,0,0,0,0,0,0,0,2,58,10,1,116,34,0.75,0.5,0.5,0.25,0.5,0.75,0.5,0.5,0.75,44.1176470588,53.125,47.0588235294,41.1764705882,44.1176470588,47.0588235294,47.0588235294,41.1764705882,38.2352941176
A0A087WSX4          ,0.8731576237,0,4974,-4974,0.0772429809,0,0,0,0,0,0,0,0,0,0,0,0,0,0,7,0,26,4941,0.75,0.5,0.5,0.25,0.5,0.5,0.5,0.5,0.5,41.1764705882,56.25,47.0588235294,32.3529411765,50,52.9411764706,52.9411764706,26.4705882353,47.0588235294
P80511_S100A12      ,0.8880562406,76,61,15,0.3960531625,0,76,0,0,0,0,0,0,0,44,0,11,6,0,0,0,0,0,0.75,0.5,0.5,0.25,0.5,0.75,0.5,0.5,0.75,41.1764705882,56.25,38.2352941176,55.8823529412,61.7647058824,52.9411764706,41.1764705882,35.2941176471,38.2352941176
P00491_PNP          ,0.894428492,0,1295,-1295,0.0772429809,0,0,0,0,0,0,0,0,0,0,0,0,37,14,0,0,1244,0,0.5,0.5,0.5,0.25,0.5,0.75,0.5,0.5,0.75,41.1764705882,53.125,47.0588235294,35.2941176471,50,41.1764705882,38.2352941176,50,44.1176470588
A0A087WZM5_FKBP1A   ,0.9000837354,0,1370,-1370,0.0338605928,0,0,0,0,0,0,0,0,0,287,0,192,0,559,0,0,0,332,0.75,0.5,0.5,0.25,0.25,0.75,0.5,0.5,0.5,41.1764705882,43.75,38.2352941176,50,41.1764705882,52.9411764706,47.0588235294,58.8235294118,50
A0A087WT59_TTR      ,0.9061419922,0,545,-545,0.0772429809,0,0,0,0,0,0,0,0,0,7,0,0,0,0,0,263,275,0,0.75,0.5,0.5,0.25,0.25,0.5,0.5,0.5,0.5,38.2352941176,56.25,44.1176470588,29.4117647059,47.0588235294,41.1764705882,35.2941176471,44.1176470588,47.0588235294
O95336_PGLS         ,0.9194231082,0,2219,-2219,0.0772429809,0,0,0,0,0,0,0,0,0,0,0,0,0,2042,0,28,149,0,0.75,0.5,0.5,0.25,0.5,0.75,0.5,0.5,0.75,47.0588235294,50,47.0588235294,58.8235294118,44.1176470588,38.2352941176,32.3529411765,32.3529411765,41.1764705882
A0A087WX49_IGLL5    ,0.9370275799,0,224,-224,0.013635955,0,0,0,0,0,0,0,0,0,0,0,38,4,0,174,4,4,0,0.75,0.5,0.5,0.25,0.25,0.5,0.5,0.5,0.5,52.9411764706,50,47.0588235294,52.9411764706,41.1764705882,41.1764705882,38.2352941176,47.0588235294,35.2941176471
P40121_CAPG         ,0.9387516832,0,5389,-5389,0.0018485953,0,0,0,0,0,0,0,0,0,0,1469,0,34,3676,16,8,184,2,0.75,0.5,0.5,0.25,0.25,0.75,0.5,0.25,0.75,52.9411764706,31.25,50,58.8235294118,52.9411764706,55.8823529412,41.1764705882,44.1176470588,41.1764705882
P01767              ,0.9426725798,0,830,-830,0.0772429809,0,0,0,0,0,0,0,0,0,0,45,0,0,0,203,582,0,0,0.75,0.5,0.5,0.25,0.5,0.75,0.5,0.5,0.75,47.0588235294,40.625,35.2941176471,44.1176470588,47.0588235294,47.0588235294,41.1764705882,32.3529411765,50
P59665_DEFA1        ,0.9591547246,0,1079,-1079,0.0139501219,0,0,0,0,0,0,0,0,0,70,0,216,94,0,684,0,0,15,0.75,0.5,0.5,0.25,0.5,0.75,0.5,0.5,0.75,35.2941176471,34.375,38.2352941176,61.7647058824,44.1176470588,52.9411764706,44.1176470588,38.2352941176,41.1764705882
P19971_2_TYMP       ,0.9778069772,0,3563,-3563,0.0338605928,0,0,0,0,0,0,0,0,0,0,0,0,322,380,0,1714,1147,0,0.75,0.5,0.5,0.25,0.25,0.5,0.5,0.5,0.5,47.0588235294,46.875,44.1176470588,44.1176470588,52.9411764706,32.3529411765,44.1176470588,35.2941176471,50
P16401_HIST1H1B     ,0.982667372,0,3734,-3734,0.0139501219,0,0,0,0,0,0,0,0,0,3,0,9,130,393,0,0,0,3199,0.75,0.5,0.5,0.25,0.25,0.75,0.5,0.25,0.75,47.0588235294,50,38.2352941176,61.7647058824,38.2352941176,52.9411764706,50,47.0588235294,38.2352941176
Q9BRF8_CPPED1       ,0.9848272993,0,6318,-6318,0.0139501219,0,0,0,0,0,0,0,0,0,0,0,345,0,415,0,360,14,5184,0.75,0.5,0.5,0.25,0.5,0.75,0.5,0.5,0.75,47.0588235294,46.875,50,58.8235294118,38.2352941176,41.1764705882,35.2941176471,52.9411764706,35.2941176471
P01616              ,0.9974637359,0,1338,-1338,0.0338605928,0,0,0,0,0,0,0,0,0,0,204,1,371,762,0,0,0,0,0.75,0.5,0.5,0.25,0.5,0.75,0.5,0.5,0.75,35.2941176471,46.875,47.0588235294,47.0588235294,50,41.1764705882,26.4705882353,26.4705882353,35.2941176471
