classifier, n, f1, f1 sd, acc, acc sd, recall, precision, auc_cv_mean, f1_independent, acc_independent, recall_independent, precision_independent, auc_independent, signature
nsc,1,0.809047178538,0.00562725110201,0.72,0.00875,0.90380952381,0.732307692308,-1.0,0.808510638298,0.71875,0.904761904762,0.730769230769,-1.0,CYTB
nsc,1,0.7426910299,0.00651662632755,0.6546875,0.00681077959928,0.759523809524,0.726623376623,-1.0,0.744186046512,0.65625,0.761904761905,0.727272727273,-1.0,COL6A1
nsc,1,0.837090909091,0.0117918899462,0.7725,0.0140312152004,0.891428571429,0.789130434783,-1.0,0.844444444444,0.78125,0.904761904762,0.791666666667,-1.0,LKHA4
nsc,1,0.800090909091,0.00374717524464,0.7190625,0.00540363014556,0.856666666667,0.750543478261,-1.0,0.8,0.71875,0.857142857143,0.75,-1.0,ITAV
nsc,1,0.766456984274,0.00284049026796,0.6571875,0.00533085065913,0.857142857143,0.693138461538,-1.0,0.765957446809,0.65625,0.857142857143,0.692307692308,-1.0,PGK1
nsc,1,0.724512097721,0.023940506785,0.6221875,0.0322026663298,0.757142857143,0.694690382082,-1.0,0.727272727273,0.625,0.761904761905,0.695652173913,-1.0,NDRG1
nsc,2,0.744186046512,1.11022302463e-16,0.65625,0.0,0.761904761905,0.727272727273,-1.0,0.744186046512,0.65625,0.761904761905,0.727272727273,-1.0,CYTB,COL6A1
nsc,2,0.788007905138,0.00843893789502,0.6971875,0.0151135028617,0.857142857143,0.729326086957,-1.0,0.818181818182,0.75,0.857142857143,0.782608695652,-1.0,CYTB,LKHA4
nsc,2,0.784203515264,0.00691856810536,0.6903125,0.0125739997117,0.857142857143,0.722792307692,-1.0,0.782608695652,0.6875,0.857142857143,0.72,-1.0,CYTB,ITAV
nsc,2,0.80428307123,0.00996352115932,0.71375,0.0122793016902,0.896666666667,0.729230769231,-1.0,0.808510638298,0.71875,0.904761904762,0.730769230769,-1.0,CYTB,PGK1
nsc,2,0.744819308063,0.0135624658601,0.6565625,0.0240015461742,0.762857142857,0.728079757199,-1.0,0.761904761905,0.6875,0.761904761905,0.761904761905,-1.0,CYTB,NDRG1
nsc,2,0.765306553911,0.0125191591836,0.679375,0.0137073201247,0.797142857143,0.73604743083,-1.0,0.772727272727,0.6875,0.809523809524,0.739130434783,-1.0,COL6A1,LKHA4
nsc,2,0.744495620658,0.00510397659403,0.6565625,0.0082620650415,0.762380952381,0.727481648786,-1.0,0.744186046512,0.65625,0.761904761905,0.727272727273,-1.0,COL6A1,ITAV
nsc,2,0.745613107822,0.00622041603994,0.6578125,0.00681077959928,0.764285714286,0.727865612648,-1.0,0.744186046512,0.65625,0.761904761905,0.727272727273,-1.0,COL6A1,PGK1
nsc,2,0.691928705441,0.0159052244851,0.6084375,0.0247861951245,0.669523809524,0.716280701754,-1.0,0.7,0.625,0.666666666667,0.736842105263,-1.0,COL6A1,NDRG1
nsc,2,0.788173913043,0.00811262872326,0.6975,0.0145773797371,0.857142857143,0.7296,-1.0,0.782608695652,0.6875,0.857142857143,0.72,-1.0,LKHA4,ITAV
nsc,2,0.802600790514,0.00915583961146,0.723125,0.0159466885277,0.857142857143,0.754747826087,-1.0,0.818181818182,0.75,0.857142857143,0.782608695652,-1.0,LKHA4,PGK1
nsc,2,0.799213817946,0.013281142026,0.7315625,0.0193118931944,0.81380952381,0.785442123094,-1.0,0.818181818182,0.75,0.857142857143,0.782608695652,-1.0,LKHA4,NDRG1
nsc,2,0.766623496762,0.00326296505977,0.6575,0.00612372435696,0.857142857143,0.693415384615,-1.0,0.765957446809,0.65625,0.857142857143,0.692307692308,-1.0,ITAV,PGK1
nsc,2,0.755422557968,0.0188988457639,0.6715625,0.0281232638353,0.772380952381,0.739688735178,-1.0,0.761904761905,0.6875,0.761904761905,0.761904761905,-1.0,ITAV,NDRG1
nsc,2,0.733890801705,0.011312311275,0.636875,0.020625,0.762380952381,0.707757152268,-1.0,0.744186046512,0.65625,0.761904761905,0.727272727273,-1.0,PGK1,NDRG1
nsc,3,0.793727272727,0.011477250225,0.7115625,0.0131510158828,0.84619047619,0.7475,-1.0,0.8,0.71875,0.857142857143,0.75,-1.0,CYTB,COL6A1,LKHA4
nsc,3,0.784803382664,0.0143540518975,0.7015625,0.0167559457731,0.83,0.744456521739,-1.0,0.8,0.71875,0.857142857143,0.75,-1.0,CYTB,COL6A1,ITAV
nsc,3,0.782520084567,0.0142491226487,0.69875,0.01625,0.826666666667,0.743023715415,-1.0,0.8,0.71875,0.857142857143,0.75,-1.0,CYTB,COL6A1,PGK1
nsc,3,0.725290202896,0.021554995291,0.639375,0.025163527674,0.72619047619,0.7248336008,-1.0,0.761904761905,0.6875,0.761904761905,0.761904761905,-1.0,CYTB,COL6A1,NDRG1
nsc,3,0.801090909091,0.0043179425771,0.720625,0.0074214638044,0.857142857143,0.751956521739,-1.0,0.8,0.71875,0.857142857143,0.75,-1.0,CYTB,LKHA4,ITAV
nsc,3,0.785217391304,0.00620993776395,0.6921875,0.0111584819196,0.857142857143,0.7245,-1.0,0.782608695652,0.6875,0.857142857143,0.72,-1.0,CYTB,LKHA4,PGK1
nsc,3,0.785722855326,0.0163329400314,0.7146875,0.0219440873301,0.797142857143,0.774989459816,-1.0,0.790697674419,0.71875,0.809523809524,0.772727272727,-1.0,CYTB,LKHA4,NDRG1
nsc,3,0.768288621647,0.00577776740633,0.660625,0.0108433447331,0.857142857143,0.696184615385,-1.0,0.765957446809,0.65625,0.857142857143,0.692307692308,-1.0,CYTB,ITAV,PGK1
nsc,3,0.753122353099,0.0163625008111,0.6675,0.0223257138744,0.772857142857,0.734597920196,-1.0,0.790697674419,0.71875,0.809523809524,0.772727272727,-1.0,CYTB,ITAV,NDRG1
nsc,3,0.746126781319,0.0187893507336,0.6515625,0.0277316239833,0.78,0.715560050819,-1.0,0.772727272727,0.6875,0.809523809524,0.739130434783,-1.0,CYTB,PGK1,NDRG1
nsc,3,0.789179704017,0.0135872356913,0.7065625,0.015869954907,0.837619047619,0.746205533597,-1.0,0.8,0.71875,0.857142857143,0.75,-1.0,COL6A1,LKHA4,ITAV
nsc,3,0.787454545455,0.0135926572302,0.704375,0.015574919743,0.835238095238,0.745,-1.0,0.8,0.71875,0.857142857143,0.75,-1.0,COL6A1,LKHA4,PGK1
nsc,3,0.746623972076,0.0148930371971,0.6640625,0.0199486645856,0.754285714286,0.7394959979,-1.0,0.761904761905,0.6875,0.761904761905,0.761904761905,-1.0,COL6A1,LKHA4,NDRG1
nsc,3,0.763378670425,0.0113832890936,0.6709375,0.0179272618866,0.808571428571,0.723150527009,-1.0,0.772727272727,0.6875,0.809523809524,0.739130434783,-1.0,COL6A1,ITAV,PGK1
nsc,3,0.711441366914,0.0218331615657,0.615625,0.028125,0.722380952381,0.701313649737,-1.0,0.761904761905,0.6875,0.761904761905,0.761904761905,-1.0,COL6A1,ITAV,NDRG1
nsc,3,0.731484482619,0.0200028595681,0.64625,0.0241576851126,0.734761904762,0.728584415584,-1.0,0.761904761905,0.6875,0.761904761905,0.761904761905,-1.0,COL6A1,PGK1,NDRG1
nsc,3,0.783659574468,0.00477915445232,0.689375,0.00863767185068,0.857142857143,0.721823076923,-1.0,0.782608695652,0.6875,0.857142857143,0.72,-1.0,LKHA4,ITAV,PGK1
nsc,3,0.779797696742,0.0196811314293,0.6990625,0.0260164461207,0.812380952381,0.75012184265,-1.0,0.790697674419,0.71875,0.809523809524,0.772727272727,-1.0,LKHA4,ITAV,NDRG1
nsc,3,0.78054768821,0.0152851001378,0.7059375,0.0198111198257,0.797142857143,0.76487441182,-1.0,0.790697674419,0.71875,0.809523809524,0.772727272727,-1.0,LKHA4,PGK1,NDRG1
nsc,3,0.744046243163,0.0183987247514,0.6484375,0.026285318502,0.778571428571,0.712815970262,-1.0,0.772727272727,0.6875,0.809523809524,0.739130434783,-1.0,ITAV,PGK1,NDRG1
nsc,4,0.799545454545,0.00535901187389,0.7184375,0.0069807212199,0.855714285714,0.750326086957,-1.0,0.8,0.71875,0.857142857143,0.75,-1.0,CYTB,COL6A1,LKHA4,ITAV
nsc,4,0.798636363636,0.00594395310483,0.7171875,0.00681077959928,0.854761904762,0.749456521739,-1.0,0.8,0.71875,0.857142857143,0.75,-1.0,CYTB,COL6A1,LKHA4,PGK1
nsc,4,0.775827544548,0.0110374244061,0.694375,0.016286017776,0.805714285714,0.748291925466,-1.0,0.790697674419,0.71875,0.809523809524,0.772727272727,-1.0,CYTB,COL6A1,LKHA4,NDRG1
nsc,4,0.792101010101,0.0129972802128,0.7096875,0.0154963453353,0.843333333333,0.746865942029,-1.0,0.8,0.71875,0.857142857143,0.75,-1.0,CYTB,COL6A1,ITAV,PGK1
nsc,4,0.763641998954,0.0167432072643,0.680625,0.0210003720205,0.786666666667,0.742337662338,-1.0,0.772727272727,0.6875,0.809523809524,0.739130434783,-1.0,CYTB,COL6A1,ITAV,NDRG1
nsc,4,0.760500953952,0.0170780520907,0.6759375,0.0200852674553,0.784761904762,0.738063241107,-1.0,0.790697674419,0.71875,0.809523809524,0.772727272727,-1.0,CYTB,COL6A1,PGK1,NDRG1
nsc,4,0.785065679926,0.00732795471438,0.691875,0.0132729753635,0.857142857143,0.724269230769,-1.0,0.782608695652,0.6875,0.857142857143,0.72,-1.0,CYTB,LKHA4,ITAV,PGK1
nsc,4,0.784320130238,0.0144482786181,0.708125,0.024294739657,0.807619047619,0.762844249953,-1.0,0.837209302326,0.78125,0.857142857143,0.818181818182,-1.0,CYTB,LKHA4,ITAV,NDRG1
nsc,4,0.774062552435,0.0128273710006,0.690625,0.020009763242,0.807142857143,0.743847637869,-1.0,0.790697674419,0.71875,0.809523809524,0.772727272727,-1.0,CYTB,LKHA4,PGK1,NDRG1
nsc,4,0.742658761528,0.0138448852136,0.635,0.0211394181566,0.802380952381,0.691460869565,-1.0,0.772727272727,0.6875,0.809523809524,0.739130434783,-1.0,CYTB,ITAV,PGK1,NDRG1
nsc,4,0.795373737374,0.0109847544406,0.7134375,0.0132987017693,0.849047619048,0.748170289855,-1.0,0.8,0.71875,0.857142857143,0.75,-1.0,COL6A1,LKHA4,ITAV,PGK1
nsc,4,0.76494971185,0.01581803202,0.680625,0.019555609809,0.792380952381,0.739636269528,-1.0,0.790697674419,0.71875,0.809523809524,0.772727272727,-1.0,COL6A1,LKHA4,ITAV,NDRG1
nsc,4,0.767686045284,0.0155161279862,0.685625,0.0196750952984,0.791904761905,0.745302559759,-1.0,0.790697674419,0.71875,0.809523809524,0.772727272727,-1.0,COL6A1,LKHA4,PGK1,NDRG1
nsc,4,0.729605725024,0.0116686043301,0.6303125,0.0165683951773,0.76,0.70174336533,-1.0,0.744186046512,0.65625,0.761904761905,0.727272727273,-1.0,COL6A1,ITAV,PGK1,NDRG1
nsc,4,0.761118930165,0.0091236089546,0.6671875,0.0155466787048,0.807619047619,0.719900009411,-1.0,0.772727272727,0.6875,0.809523809524,0.739130434783,-1.0,LKHA4,ITAV,PGK1,NDRG1
nsc,5,0.799636363636,0.00424848052565,0.7184375,0.00540363014556,0.85619047619,0.750108695652,-1.0,0.8,0.71875,0.857142857143,0.75,-1.0,CYTB,COL6A1,LKHA4,ITAV,PGK1
nsc,5,0.774371690325,0.00850439982113,0.6909375,0.0124176978039,0.808095238095,0.743478731414,-1.0,0.818181818182,0.75,0.857142857143,0.782608695652,-1.0,CYTB,COL6A1,LKHA4,ITAV,NDRG1
nsc,5,0.776242726266,0.0104675101311,0.694375,0.015674920255,0.807619047619,0.747391774892,-1.0,0.818181818182,0.75,0.857142857143,0.782608695652,-1.0,CYTB,COL6A1,LKHA4,PGK1,NDRG1
nsc,5,0.767048592235,0.0139544281928,0.6821875,0.0177080269581,0.797619047619,0.738960568417,-1.0,0.8,0.71875,0.857142857143,0.75,-1.0,CYTB,COL6A1,ITAV,PGK1,NDRG1
nsc,5,0.7645633892,0.0132411231683,0.673125,0.0222819293375,0.808095238095,0.725811725955,-1.0,0.818181818182,0.75,0.857142857143,0.782608695652,-1.0,CYTB,LKHA4,ITAV,PGK1,NDRG1
nsc,5,0.770079834894,0.0114964030394,0.685625,0.0151940572264,0.802380952381,0.740490542067,-1.0,0.818181818182,0.75,0.857142857143,0.782608695652,-1.0,COL6A1,LKHA4,ITAV,PGK1,NDRG1
nsc,6,0.774953488372,0.00889756818226,0.69125,0.0127168687184,0.81,0.74290513834,-1.0,0.818181818182,0.75,0.857142857143,0.782608695652,-1.0,CYTB,COL6A1,LKHA4,ITAV,PGK1,NDRG1
classifier, n, f1, f1 sd, acc, acc sd, recall, precision, auc_cv_mean, f1_independent, acc_independent, recall_independent, precision_independent, auc_independent, signature
tree,1,0.621040048815,0.0260996143313,0.494375,0.0322889783827,0.631904761905,0.611076329658,-1.0,1.0,1.0,1.0,1.0,-1.0,CYTB
tree,1,0.720970718965,0.025870777464,0.633125,0.0278177663553,0.72380952381,0.718776254459,-1.0,0.975609756098,0.96875,0.952380952381,1.0,-1.0,COL6A1
tree,1,0.808458677762,0.0323300903622,0.7490625,0.0357549712453,0.810952380952,0.807091881354,-1.0,0.952380952381,0.9375,0.952380952381,0.952380952381,-1.0,LKHA4
tree,1,0.699603264428,0.0263935178195,0.5753125,0.034825177225,0.754285714286,0.652847415628,-1.0,1.0,1.0,1.0,1.0,-1.0,ITAV
tree,1,0.623949473056,0.0321610904738,0.5246875,0.0300699055328,0.602857142857,0.647701754386,-1.0,0.975609756098,0.96875,0.952380952381,1.0,-1.0,PGK1
tree,1,0.690709245377,0.0249796351184,0.6028125,0.0290792962217,0.676666666667,0.706092408227,-1.0,0.975609756098,0.96875,0.952380952381,1.0,-1.0,NDRG1
tree,2,0.651482626688,0.0326409098953,0.5403125,0.0373159546139,0.65619047619,0.647866533924,-1.0,1.0,1.0,1.0,1.0,-1.0,CYTB,COL6A1
tree,2,0.756924343552,0.0395022856333,0.6803125,0.0493819219832,0.760476190476,0.755278222507,-1.0,1.0,1.0,1.0,1.0,-1.0,CYTB,LKHA4
tree,2,0.692583956664,0.0416996453226,0.58625,0.0492363559781,0.712857142857,0.67525344541,-1.0,1.0,1.0,1.0,1.0,-1.0,CYTB,ITAV
tree,2,0.768683224093,0.0449761799838,0.6865625,0.0583722898193,0.795238095238,0.745512370835,-1.0,1.0,1.0,1.0,1.0,-1.0,CYTB,PGK1
tree,2,0.664403392025,0.0424715164344,0.5803125,0.047650870598,0.635238095238,0.698664878527,-1.0,1.0,1.0,1.0,1.0,-1.0,CYTB,NDRG1
tree,2,0.763314183761,0.0394631710012,0.67875,0.0478196481585,0.792857142857,0.737716297471,-1.0,1.0,1.0,1.0,1.0,-1.0,COL6A1,LKHA4
tree,2,0.726817866568,0.0389038509431,0.6271875,0.0472392100775,0.758571428571,0.699225615308,-1.0,1.0,1.0,1.0,1.0,-1.0,COL6A1,ITAV
tree,2,0.7512274522,0.0294865817891,0.6625,0.035078038001,0.778571428571,0.726932698499,-1.0,1.0,1.0,1.0,1.0,-1.0,COL6A1,PGK1
tree,2,0.666166321262,0.0408376273074,0.5796875,0.0488890245224,0.640476190476,0.696614543363,-1.0,1.0,1.0,1.0,1.0,-1.0,COL6A1,NDRG1
tree,2,0.75123233295,0.0360187390627,0.6696875,0.0412819478556,0.763333333333,0.741529757947,-1.0,1.0,1.0,1.0,1.0,-1.0,LKHA4,ITAV
tree,2,0.765332802861,0.0271424978653,0.7028125,0.0310917869983,0.74,0.79352689433,-1.0,1.0,1.0,1.0,1.0,-1.0,LKHA4,PGK1
tree,2,0.758200852332,0.0491112504106,0.69625,0.0543210939691,0.730476190476,0.79078389769,-1.0,0.975609756098,0.96875,0.952380952381,1.0,-1.0,LKHA4,NDRG1
tree,2,0.797364500942,0.0326878145346,0.714375,0.0450737243303,0.857142857143,0.746404110382,-1.0,1.0,1.0,1.0,1.0,-1.0,ITAV,PGK1
tree,2,0.687296963796,0.0363232156468,0.599375,0.0420146923706,0.672857142857,0.704476698314,-1.0,1.0,1.0,1.0,1.0,-1.0,ITAV,NDRG1
tree,2,0.633945912446,0.0379121657099,0.5471875,0.0453921713377,0.598571428571,0.676235381234,-1.0,1.0,1.0,1.0,1.0,-1.0,PGK1,NDRG1
tree,3,0.70707086357,0.0427704680549,0.6125,0.0509672075947,0.715238095238,0.700861254027,-1.0,1.0,1.0,1.0,1.0,-1.0,CYTB,COL6A1,LKHA4
tree,3,0.671748993053,0.0408580420126,0.55375,0.0486296591598,0.698571428571,0.649024013928,-1.0,1.0,1.0,1.0,1.0,-1.0,CYTB,COL6A1,ITAV
tree,3,0.704227132356,0.0421153670651,0.6034375,0.0509087342089,0.721904761905,0.689104525765,-1.0,1.0,1.0,1.0,1.0,-1.0,CYTB,COL6A1,PGK1
tree,3,0.600904553854,0.0469961348648,0.4928125,0.0511307683176,0.584761904762,0.620662406248,-1.0,1.0,1.0,1.0,1.0,-1.0,CYTB,COL6A1,NDRG1
tree,3,0.726107743969,0.0376011926205,0.639375,0.0440658243427,0.730952380952,0.723326717126,-1.0,1.0,1.0,1.0,1.0,-1.0,CYTB,LKHA4,ITAV
tree,3,0.758344023664,0.0426857646769,0.6915625,0.0483426490663,0.741428571429,0.777855635028,-1.0,1.0,1.0,1.0,1.0,-1.0,CYTB,LKHA4,PGK1
tree,3,0.741950742763,0.0499180258362,0.66375,0.0583162177271,0.740952380952,0.745902064489,-1.0,1.0,1.0,1.0,1.0,-1.0,CYTB,LKHA4,NDRG1
tree,3,0.729447896647,0.0352713560913,0.6296875,0.0472640108195,0.761428571429,0.701183373415,-1.0,1.0,1.0,1.0,1.0,-1.0,CYTB,ITAV,PGK1
tree,3,0.669030146493,0.0409819619198,0.576875,0.0466494573923,0.654285714286,0.687304864949,-1.0,1.0,1.0,1.0,1.0,-1.0,CYTB,ITAV,NDRG1
tree,3,0.638687443216,0.0483106537921,0.55625,0.0517279542414,0.600476190476,0.684560011884,-1.0,1.0,1.0,1.0,1.0,-1.0,CYTB,PGK1,NDRG1
tree,3,0.731313876674,0.0445724379823,0.6359375,0.0540137063045,0.758571428571,0.708470172213,-1.0,1.0,1.0,1.0,1.0,-1.0,COL6A1,LKHA4,ITAV
tree,3,0.728495539869,0.0374685779835,0.638125,0.0446732931963,0.742380952381,0.716989861482,-1.0,1.0,1.0,1.0,1.0,-1.0,COL6A1,LKHA4,PGK1
tree,3,0.718281517542,0.0444955172903,0.633125,0.0493354271797,0.717142857143,0.722948512072,-1.0,1.0,1.0,1.0,1.0,-1.0,COL6A1,LKHA4,NDRG1
tree,3,0.758630131665,0.0348210541026,0.66125,0.0471284813038,0.812380952381,0.712620805443,-1.0,1.0,1.0,1.0,1.0,-1.0,COL6A1,ITAV,PGK1
tree,3,0.668962714042,0.0444940689956,0.57125,0.0513642020283,0.662857142857,0.677630574086,-1.0,1.0,1.0,1.0,1.0,-1.0,COL6A1,ITAV,NDRG1
tree,3,0.686379228835,0.0385305515324,0.5909375,0.0457350983245,0.684285714286,0.690809642271,-1.0,1.0,1.0,1.0,1.0,-1.0,COL6A1,PGK1,NDRG1
tree,3,0.805026436711,0.0441139244888,0.7446875,0.0535926111395,0.807142857143,0.804941640828,-1.0,1.0,1.0,1.0,1.0,-1.0,LKHA4,ITAV,PGK1
tree,3,0.688697623659,0.0570483441387,0.618125,0.0606893987859,0.648571428571,0.738149449855,-1.0,1.0,1.0,1.0,1.0,-1.0,LKHA4,ITAV,NDRG1
tree,3,0.723298501657,0.039504198156,0.66,0.0444761171866,0.679523809524,0.775714570517,-1.0,1.0,1.0,1.0,1.0,-1.0,LKHA4,PGK1,NDRG1
tree,3,0.719273256294,0.0365512022099,0.6346875,0.0447857311959,0.714761904762,0.726372553876,-1.0,1.0,1.0,1.0,1.0,-1.0,ITAV,PGK1,NDRG1
tree,4,0.701376293802,0.0483277403518,0.5975,0.0552480203265,0.724761904762,0.682116462832,-1.0,1.0,1.0,1.0,1.0,-1.0,CYTB,COL6A1,LKHA4,ITAV
tree,4,0.688430434141,0.0478445256918,0.5934375,0.0547535315642,0.688095238095,0.691210709513,-1.0,1.0,1.0,1.0,1.0,-1.0,CYTB,COL6A1,LKHA4,PGK1
tree,4,0.656265631325,0.0535673271537,0.559375,0.0597030411704,0.644761904762,0.671040282685,-1.0,1.0,1.0,1.0,1.0,-1.0,CYTB,COL6A1,LKHA4,NDRG1
tree,4,0.698814416164,0.0419227367132,0.5896875,0.0487449917299,0.729047619048,0.673134703198,-1.0,1.0,1.0,1.0,1.0,-1.0,CYTB,COL6A1,ITAV,PGK1
tree,4,0.627864861504,0.0470496260382,0.515625,0.0523845456695,0.62619047619,0.632797308557,-1.0,1.0,1.0,1.0,1.0,-1.0,CYTB,COL6A1,ITAV,NDRG1
tree,4,0.636415904454,0.0475448519311,0.5246875,0.0517836167987,0.637619047619,0.638233117644,-1.0,1.0,1.0,1.0,1.0,-1.0,CYTB,COL6A1,PGK1,NDRG1
tree,4,0.772652752053,0.0350460164353,0.6971875,0.0456496080898,0.785238095238,0.762262455546,-1.0,1.0,1.0,1.0,1.0,-1.0,CYTB,LKHA4,ITAV,PGK1
tree,4,0.711529152044,0.0508510315926,0.631875,0.0592234909052,0.695238095238,0.731578032284,-1.0,1.0,1.0,1.0,1.0,-1.0,CYTB,LKHA4,ITAV,NDRG1
tree,4,0.717248500048,0.0475240153155,0.645,0.0549360423584,0.689047619048,0.750874744236,-1.0,1.0,1.0,1.0,1.0,-1.0,CYTB,LKHA4,PGK1,NDRG1
tree,4,0.667166859993,0.0502933073976,0.5678125,0.0567779047584,0.66380952381,0.673293732136,-1.0,1.0,1.0,1.0,1.0,-1.0,CYTB,ITAV,PGK1,NDRG1
tree,4,0.758395192163,0.0390151856698,0.6734375,0.0478798545189,0.784285714286,0.736656669964,-1.0,1.0,1.0,1.0,1.0,-1.0,COL6A1,LKHA4,ITAV,PGK1
tree,4,0.672458143039,0.0584341988584,0.5871875,0.063475973555,0.650952380952,0.6990552732,-1.0,1.0,1.0,1.0,1.0,-1.0,COL6A1,LKHA4,ITAV,NDRG1
tree,4,0.702565866778,0.0474998967384,0.611875,0.0546973205468,0.702380952381,0.706317164444,-1.0,1.0,1.0,1.0,1.0,-1.0,COL6A1,LKHA4,PGK1,NDRG1
tree,4,0.704918719735,0.0447529200758,0.6121875,0.0521219648397,0.709047619048,0.70331214372,-1.0,1.0,1.0,1.0,1.0,-1.0,COL6A1,ITAV,PGK1,NDRG1
tree,4,0.727735116612,0.0444619796699,0.6590625,0.0513670538259,0.697142857143,0.764479882862,-1.0,1.0,1.0,1.0,1.0,-1.0,LKHA4,ITAV,PGK1,NDRG1
tree,5,0.710335679175,0.051932907002,0.6165625,0.0623208369548,0.720476190476,0.703520393181,-1.0,1.0,1.0,1.0,1.0,-1.0,CYTB,COL6A1,LKHA4,ITAV,PGK1
tree,5,0.661092292713,0.0574105741453,0.5640625,0.0633342756235,0.652857142857,0.673471790268,-1.0,1.0,1.0,1.0,1.0,-1.0,CYTB,COL6A1,LKHA4,ITAV,NDRG1
tree,5,0.649470228151,0.0591104533863,0.5540625,0.0668567440035,0.63380952381,0.669271716691,-1.0,1.0,1.0,1.0,1.0,-1.0,CYTB,COL6A1,LKHA4,PGK1,NDRG1
tree,5,0.652372535903,0.0503852150225,0.5403125,0.0580097984719,0.660952380952,0.646824772036,-1.0,1.0,1.0,1.0,1.0,-1.0,CYTB,COL6A1,ITAV,PGK1,NDRG1
tree,5,0.715034191937,0.0465922060414,0.640625,0.0540363014556,0.69,0.744933151487,-1.0,1.0,1.0,1.0,1.0,-1.0,CYTB,LKHA4,ITAV,PGK1,NDRG1
tree,5,0.717240429925,0.0504558686668,0.6296875,0.0588587756307,0.72,0.717800847523,-1.0,1.0,1.0,1.0,1.0,-1.0,COL6A1,LKHA4,ITAV,PGK1,NDRG1
tree,6,0.671224749822,0.0559418558647,0.575,0.0629670052488,0.66619047619,0.680243754925,-1.0,1.0,1.0,1.0,1.0,-1.0,CYTB,COL6A1,LKHA4,ITAV,PGK1,NDRG1
classifier, n, f1, f1 sd, acc, acc sd, recall, precision, auc_cv_mean, f1_independent, acc_independent, recall_independent, precision_independent, auc_independent, signature
glm,1,0.775714885954,0.00597258139462,0.65625,0.0108253175473,0.905714285714,0.678390987046,-1.0,0.775510204082,0.65625,0.904761904762,0.678571428571,-1.0,CYTB
glm,1,0.762542356221,0.0194795692614,0.6434375,0.025805386429,0.873333333333,0.676979969966,-1.0,0.775510204082,0.65625,0.904761904762,0.678571428571,-1.0,COL6A1
glm,1,0.779549319728,0.00699595351697,0.6640625,0.0135316469341,0.904761904762,0.684854497354,-1.0,0.775510204082,0.65625,0.904761904762,0.678571428571,-1.0,LKHA4
glm,1,0.772285424808,0.0120308156089,0.6521875,0.0169183471045,0.899047619048,0.676963671705,-1.0,0.775510204082,0.65625,0.904761904762,0.678571428571,-1.0,ITAV
glm,1,0.812795238095,0.0128898635038,0.714375,0.0165477528686,0.945714285714,0.712745849298,-1.0,0.816326530612,0.71875,0.952380952381,0.714285714286,-1.0,PGK1
glm,1,0.740805429864,0.017359840064,0.590625,0.0231756202722,0.892380952381,0.633447163515,-1.0,0.78431372549,0.65625,0.952380952381,0.666666666667,-1.0,NDRG1
glm,2,0.753473545323,0.00893788290805,0.6321875,0.0164500902353,0.85619047619,0.672926190476,-1.0,0.791666666667,0.6875,0.904761904762,0.703703703704,-1.0,CYTB,COL6A1
glm,2,0.753031914894,0.00626012082317,0.6309375,0.0122594032787,0.857142857143,0.671538461538,-1.0,0.775510204082,0.65625,0.904761904762,0.678571428571,-1.0,CYTB,LKHA4
glm,2,0.747104863222,0.0134929922344,0.6125,0.0202523146825,0.872380952381,0.653472590628,-1.0,0.775510204082,0.65625,0.904761904762,0.678571428571,-1.0,CYTB,ITAV
glm,2,0.791966818642,0.00726323520797,0.6878125,0.0093697902191,0.905714285714,0.70363960114,-1.0,0.816326530612,0.71875,0.952380952381,0.714285714286,-1.0,CYTB,PGK1
glm,2,0.741754649785,0.0170070269648,0.61625,0.022132414012,0.840476190476,0.664035404825,-1.0,0.75,0.625,0.857142857143,0.666666666667,-1.0,CYTB,NDRG1
glm,2,0.781171841077,0.00806079875665,0.6671875,0.0155466787048,0.904761904762,0.687387057387,-1.0,0.791666666667,0.6875,0.904761904762,0.703703703704,-1.0,COL6A1,LKHA4
glm,2,0.769659926875,0.0137166967904,0.65125,0.0201168461743,0.888095238095,0.679301139601,-1.0,0.791666666667,0.6875,0.904761904762,0.703703703704,-1.0,COL6A1,ITAV
glm,2,0.765964384829,0.0023062943938,0.65625,0.00441941738242,0.857142857143,0.692328205128,-1.0,0.782608695652,0.6875,0.857142857143,0.72,-1.0,COL6A1,PGK1
glm,2,0.7307950449,0.0236976882947,0.5971875,0.0330408719429,0.83380952381,0.650744479531,-1.0,0.775510204082,0.65625,0.904761904762,0.678571428571,-1.0,COL6A1,NDRG1
glm,2,0.77897922999,0.0113743653369,0.664375,0.019070182878,0.900952380952,0.686232193732,-1.0,0.775510204082,0.65625,0.904761904762,0.678571428571,-1.0,LKHA4,ITAV
glm,2,0.786476516138,0.0114474211314,0.6809375,0.0154963453353,0.895714285714,0.701064306064,-1.0,0.791666666667,0.6875,0.904761904762,0.703703703704,-1.0,LKHA4,PGK1
glm,2,0.756141705526,0.0108625578224,0.635625,0.0160687001652,0.860952380952,0.674259340659,-1.0,0.775510204082,0.65625,0.904761904762,0.678571428571,-1.0,LKHA4,NDRG1
glm,2,0.768723404255,0.00876116201546,0.659375,0.0112673477358,0.862857142857,0.693162393162,-1.0,0.791666666667,0.6875,0.904761904762,0.703703703704,-1.0,ITAV,PGK1
glm,2,0.740236664527,0.0147242532343,0.6078125,0.0235414362083,0.851428571429,0.655004262277,-1.0,0.791666666667,0.6875,0.904761904762,0.703703703704,-1.0,ITAV,NDRG1
glm,2,0.756243150749,0.020455246001,0.6453125,0.0259111311747,0.839523809524,0.688346265329,-1.0,0.782608695652,0.6875,0.857142857143,0.72,-1.0,PGK1,NDRG1
glm,3,0.757201665125,0.00890760757809,0.6390625,0.0173289632913,0.857142857143,0.678266666667,-1.0,0.791666666667,0.6875,0.904761904762,0.703703703704,-1.0,CYTB,COL6A1,LKHA4
glm,3,0.738975560863,0.00810593590184,0.6025,0.0153602571593,0.857142857143,0.649533002119,-1.0,0.765957446809,0.65625,0.857142857143,0.692307692308,-1.0,CYTB,COL6A1,ITAV
glm,3,0.765796330558,0.00678900727208,0.6559375,0.0103597402839,0.857142857143,0.692094586895,-1.0,0.782608695652,0.6875,0.857142857143,0.72,-1.0,CYTB,COL6A1,PGK1
glm,3,0.726546067826,0.012098663625,0.599375,0.018946882989,0.810952380952,0.658241575092,-1.0,0.765957446809,0.65625,0.857142857143,0.692307692308,-1.0,CYTB,COL6A1,NDRG1
glm,3,0.753364090317,0.00720664061934,0.6315625,0.0141800641307,0.857142857143,0.672087912088,-1.0,0.775510204082,0.65625,0.904761904762,0.678571428571,-1.0,CYTB,LKHA4,ITAV
glm,3,0.765499537465,0.00483597437894,0.6553125,0.00932800722287,0.857142857143,0.6916,-1.0,0.791666666667,0.6875,0.904761904762,0.703703703704,-1.0,CYTB,LKHA4,PGK1
glm,3,0.727327808613,0.0119052437326,0.6003125,0.0172838210113,0.812380952381,0.658533475783,-1.0,0.775510204082,0.65625,0.904761904762,0.678571428571,-1.0,CYTB,LKHA4,NDRG1
glm,3,0.766715154147,0.00782165807699,0.6565625,0.0120990379266,0.86,0.691746031746,-1.0,0.791666666667,0.6875,0.904761904762,0.703703703704,-1.0,CYTB,ITAV,PGK1
glm,3,0.713544451576,0.0132391253506,0.5734375,0.0209048252504,0.809523809524,0.638130809931,-1.0,0.75,0.625,0.857142857143,0.666666666667,-1.0,CYTB,ITAV,NDRG1
glm,3,0.727184756912,0.0146500871702,0.600625,0.019555609809,0.811428571429,0.658958974359,-1.0,0.808510638298,0.71875,0.904761904762,0.730769230769,-1.0,CYTB,PGK1,NDRG1
glm,3,0.7745688088,0.012376040407,0.6575,0.0187082869339,0.896666666667,0.681852904439,-1.0,0.791666666667,0.6875,0.904761904762,0.703703703704,-1.0,COL6A1,LKHA4,ITAV
glm,3,0.771795790934,0.0115525754645,0.6634375,0.0152165360299,0.867619047619,0.695126495726,-1.0,0.808510638298,0.71875,0.904761904762,0.730769230769,-1.0,COL6A1,LKHA4,PGK1
glm,3,0.754478279749,0.0114946878708,0.6315625,0.0161142163554,0.862857142857,0.670414285714,-1.0,0.791666666667,0.6875,0.904761904762,0.703703703704,-1.0,COL6A1,LKHA4,NDRG1
glm,3,0.765645235893,0.00321159905405,0.655625,0.00621867148192,0.857142857143,0.691815384615,-1.0,0.782608695652,0.6875,0.857142857143,0.72,-1.0,COL6A1,ITAV,PGK1
glm,3,0.745579636622,0.0164448264122,0.6209375,0.0236573026516,0.846666666667,0.666361018483,-1.0,0.791666666667,0.6875,0.904761904762,0.703703703704,-1.0,COL6A1,ITAV,NDRG1
glm,3,0.746002786888,0.0160554131696,0.6325,0.02125,0.822857142857,0.682461507494,-1.0,0.808510638298,0.71875,0.904761904762,0.730769230769,-1.0,COL6A1,PGK1,NDRG1
glm,3,0.770538852914,0.0113600273684,0.6615625,0.0153443546215,0.86619047619,0.693994871795,-1.0,0.791666666667,0.6875,0.904761904762,0.703703703704,-1.0,LKHA4,ITAV,PGK1
glm,3,0.755254818856,0.0114226156034,0.6346875,0.0169414202105,0.859047619048,0.674066300366,-1.0,0.791666666667,0.6875,0.904761904762,0.703703703704,-1.0,LKHA4,ITAV,NDRG1
glm,3,0.755911681571,0.0137947823037,0.6396875,0.0218549014811,0.85,0.680808831909,-1.0,0.808510638298,0.71875,0.904761904762,0.730769230769,-1.0,LKHA4,PGK1,NDRG1
glm,3,0.74438040675,0.0174069638784,0.63,0.0236841191519,0.821428571429,0.680857772823,-1.0,0.791666666667,0.6875,0.904761904762,0.703703703704,-1.0,ITAV,PGK1,NDRG1
glm,4,0.750576422058,0.00898023189181,0.6259375,0.0179272618866,0.857142857143,0.667710622711,-1.0,0.791666666667,0.6875,0.904761904762,0.703703703704,-1.0,CYTB,COL6A1,LKHA4,ITAV
glm,4,0.765659111933,0.0045783102097,0.655625,0.00881670998729,0.857142857143,0.691856410256,-1.0,0.808510638298,0.71875,0.904761904762,0.730769230769,-1.0,CYTB,COL6A1,LKHA4,PGK1
glm,4,0.727086426862,0.0118623454053,0.59875,0.0157619002661,0.814761904762,0.656584249084,-1.0,0.791666666667,0.6875,0.904761904762,0.703703703704,-1.0,CYTB,COL6A1,LKHA4,NDRG1
glm,4,0.761701986067,0.00871998098015,0.648125,0.0156998208589,0.856666666667,0.685801831502,-1.0,0.782608695652,0.6875,0.857142857143,0.72,-1.0,CYTB,COL6A1,ITAV,PGK1
glm,4,0.713464266835,0.0116702413578,0.5725,0.0186873954847,0.810952380952,0.637042979243,-1.0,0.765957446809,0.65625,0.857142857143,0.692307692308,-1.0,CYTB,COL6A1,ITAV,NDRG1
glm,4,0.727352746156,0.0111507863166,0.60125,0.0171846588561,0.810476190476,0.659872446072,-1.0,0.782608695652,0.6875,0.857142857143,0.72,-1.0,CYTB,COL6A1,PGK1,NDRG1
glm,4,0.759754431837,0.00872649053341,0.6440625,0.0170563175612,0.857142857143,0.682367032967,-1.0,0.791666666667,0.6875,0.904761904762,0.703703703704,-1.0,CYTB,LKHA4,ITAV,PGK1
glm,4,0.726559961697,0.0109846889595,0.599375,0.0178863600266,0.810952380952,0.658284554335,-1.0,0.775510204082,0.65625,0.904761904762,0.678571428571,-1.0,CYTB,LKHA4,ITAV,NDRG1
glm,4,0.727432212972,0.00946344801288,0.6025,0.0159833898157,0.808095238095,0.661533333333,-1.0,0.808510638298,0.71875,0.904761904762,0.730769230769,-1.0,CYTB,LKHA4,PGK1,NDRG1
glm,4,0.722313110289,0.00996566972546,0.5925,0.0152581945197,0.807619047619,0.653446153846,-1.0,0.765957446809,0.65625,0.857142857143,0.692307692308,-1.0,CYTB,ITAV,PGK1,NDRG1
glm,4,0.769508556892,0.0101126208839,0.6603125,0.0137322328392,0.864285714286,0.693545299145,-1.0,0.808510638298,0.71875,0.904761904762,0.730769230769,-1.0,COL6A1,LKHA4,ITAV,PGK1
glm,4,0.750739874581,0.0147234718177,0.626875,0.0201653322561,0.856666666667,0.668311029711,-1.0,0.791666666667,0.6875,0.904761904762,0.703703703704,-1.0,COL6A1,LKHA4,ITAV,NDRG1
glm,4,0.747314021342,0.0172618764326,0.6325,0.0234354165741,0.828571428571,0.680808943392,-1.0,0.808510638298,0.71875,0.904761904762,0.730769230769,-1.0,COL6A1,LKHA4,PGK1,NDRG1
glm,4,0.744413504058,0.0161876592532,0.629375,0.0221059239798,0.822857142857,0.679842643025,-1.0,0.808510638298,0.71875,0.904761904762,0.730769230769,-1.0,COL6A1,ITAV,PGK1,NDRG1
glm,4,0.745725914109,0.0187858003331,0.6246875,0.0263298636295,0.839047619048,0.671340659341,-1.0,0.791666666667,0.6875,0.904761904762,0.703703703704,-1.0,LKHA4,ITAV,PGK1,NDRG1
glm,5,0.762799373218,0.00810164139078,0.65,0.01593443598,0.857142857143,0.687275457875,-1.0,0.808510638298,0.71875,0.904761904762,0.730769230769,-1.0,CYTB,COL6A1,LKHA4,ITAV,PGK1
glm,5,0.718159686169,0.0134087169233,0.58125,0.0216506350946,0.812857142857,0.643432885633,-1.0,0.791666666667,0.6875,0.904761904762,0.703703703704,-1.0,CYTB,COL6A1,LKHA4,ITAV,NDRG1
glm,5,0.727621826498,0.0110264865364,0.6015625,0.0167559457731,0.810952380952,0.659962962963,-1.0,0.808510638298,0.71875,0.904761904762,0.730769230769,-1.0,CYTB,COL6A1,LKHA4,PGK1,NDRG1
glm,5,0.717559240625,0.0126060438453,0.5809375,0.0212385079219,0.810952380952,0.643657794058,-1.0,0.782608695652,0.6875,0.857142857143,0.72,-1.0,CYTB,COL6A1,ITAV,PGK1,NDRG1
glm,5,0.727013965191,0.0108946231315,0.6003125,0.0172838210113,0.810952380952,0.659003500204,-1.0,0.791666666667,0.6875,0.904761904762,0.703703703704,-1.0,CYTB,LKHA4,ITAV,PGK1,NDRG1
glm,5,0.737341528903,0.018058608316,0.6146875,0.0261661607568,0.824285714286,0.667195604396,-1.0,0.808510638298,0.71875,0.904761904762,0.730769230769,-1.0,COL6A1,LKHA4,ITAV,PGK1,NDRG1
glm,6,0.723793091242,0.0120758719139,0.59375,0.0197642353761,0.810952380952,0.653737484737,-1.0,0.808510638298,0.71875,0.904761904762,0.730769230769,-1.0,CYTB,COL6A1,LKHA4,ITAV,PGK1,NDRG1
classifier, n, f1, f1 sd, acc, acc sd, recall, precision, auc_cv_mean, f1_independent, acc_independent, recall_independent, precision_independent, auc_independent, signature
randForest,1,0.639247511391,0.0336045268863,0.5234375,0.0393737599011,0.644761904762,0.634970319409,-1.0,0.976744186047,0.96875,1.0,0.954545454545,-1.0,CYTB
randForest,1,0.741524544467,0.0324137502528,0.65625,0.038273277231,0.753333333333,0.730982104471,-1.0,0.95,0.9375,0.904761904762,1.0,-1.0,COL6A1
randForest,1,0.821703542724,0.0405333677903,0.7625,0.0471864652204,0.84,0.806130356689,-1.0,0.93023255814,0.90625,0.952380952381,0.909090909091,-1.0,LKHA4
randForest,1,0.70274700228,0.0388430665724,0.59,0.0500546576254,0.74,0.67045068989,-1.0,0.95,0.9375,0.904761904762,1.0,-1.0,ITAV
randForest,1,0.644423004081,0.0419925479943,0.5390625,0.0420135301867,0.64,0.650714528911,-1.0,0.923076923077,0.90625,0.857142857143,1.0,-1.0,PGK1
randForest,1,0.690577539456,0.031089384753,0.60625,0.0356304820343,0.670952380952,0.712785149924,-1.0,0.926829268293,0.90625,0.904761904762,0.95,-1.0,NDRG1
randForest,2,0.707953990011,0.0384834577423,0.616875,0.0471077554655,0.709523809524,0.708336149585,-1.0,0.952380952381,0.9375,0.952380952381,0.952380952381,-1.0,CYTB,COL6A1
randForest,2,0.741083656629,0.0397631646112,0.665,0.0474094531713,0.732857142857,0.751584177399,-1.0,1.0,1.0,1.0,1.0,-1.0,CYTB,LKHA4
randForest,2,0.726377001102,0.0336092053415,0.633125,0.0454190557476,0.742380952381,0.712556405672,-1.0,1.0,1.0,1.0,1.0,-1.0,CYTB,ITAV
randForest,2,0.721830145036,0.0363852382607,0.620625,0.0461443049032,0.751904761905,0.695576079717,-1.0,0.909090909091,0.875,0.952380952381,0.869565217391,-1.0,CYTB,PGK1
randForest,2,0.719290023741,0.0431755320401,0.64125,0.0516296910702,0.702380952381,0.739212575634,-1.0,1.0,1.0,1.0,1.0,-1.0,CYTB,NDRG1
randForest,2,0.786543545307,0.0354169357556,0.7159375,0.0484314512352,0.797142857143,0.777838469654,-1.0,0.976744186047,0.96875,1.0,0.954545454545,-1.0,COL6A1,LKHA4
randForest,2,0.740840096465,0.0362190664437,0.64875,0.046586612884,0.766666666667,0.71832760287,-1.0,1.0,1.0,1.0,1.0,-1.0,COL6A1,ITAV
randForest,2,0.744031350413,0.0484289210264,0.6553125,0.0585393497466,0.767142857143,0.724015714479,-1.0,1.0,1.0,1.0,1.0,-1.0,COL6A1,PGK1
randForest,2,0.726795351743,0.0419990079832,0.6528125,0.0533808178914,0.704285714286,0.753452717617,-1.0,0.975609756098,0.96875,0.952380952381,1.0,-1.0,COL6A1,NDRG1
randForest,2,0.77011873589,0.0445400717982,0.696875,0.0512538108339,0.779047619048,0.764184028347,-1.0,1.0,1.0,1.0,1.0,-1.0,LKHA4,ITAV
randForest,2,0.76108360964,0.0378483862833,0.6878125,0.0466651552955,0.759523809524,0.764825691972,-1.0,1.0,1.0,1.0,1.0,-1.0,LKHA4,PGK1
randForest,2,0.772316861678,0.048816541727,0.7115625,0.0530063012174,0.752380952381,0.797117688407,-1.0,0.952380952381,0.9375,0.952380952381,0.952380952381,-1.0,LKHA4,NDRG1
randForest,2,0.762107077246,0.0357398473063,0.6678125,0.0477327766713,0.812380952381,0.719070147744,-1.0,0.976744186047,0.96875,1.0,0.954545454545,-1.0,ITAV,PGK1
randForest,2,0.690994658369,0.0454322786493,0.6053125,0.0563636005659,0.67380952381,0.711202094207,-1.0,0.952380952381,0.9375,0.952380952381,0.952380952381,-1.0,ITAV,NDRG1
randForest,2,0.641228696253,0.0408734971892,0.5428125,0.0499325717218,0.62380952381,0.661699335115,-1.0,0.95,0.9375,0.904761904762,1.0,-1.0,PGK1,NDRG1
randForest,3,0.753357158677,0.0327742332999,0.6746875,0.0395519338181,0.759047619048,0.749495036835,-1.0,1.0,1.0,1.0,1.0,-1.0,CYTB,COL6A1,LKHA4
randForest,3,0.736055325109,0.0422911744265,0.64375,0.0534000234082,0.759047619048,0.716567216545,-1.0,0.975609756098,0.96875,0.952380952381,1.0,-1.0,CYTB,COL6A1,ITAV
randForest,3,0.729961717393,0.0482486539429,0.639375,0.0606636474752,0.745238095238,0.717382431361,-1.0,0.975609756098,0.96875,0.952380952381,1.0,-1.0,CYTB,COL6A1,PGK1
randForest,3,0.726441862843,0.0368253629976,0.6490625,0.0437176219476,0.711904761905,0.744142909442,-1.0,1.0,1.0,1.0,1.0,-1.0,CYTB,COL6A1,NDRG1
randForest,3,0.762468448549,0.0401718345713,0.6884375,0.0489050019809,0.764761904762,0.762215474457,-1.0,1.0,1.0,1.0,1.0,-1.0,CYTB,LKHA4,ITAV
randForest,3,0.757305349042,0.0440146718742,0.6834375,0.0524134330945,0.75619047619,0.761275332765,-1.0,0.975609756098,0.96875,0.952380952381,1.0,-1.0,CYTB,LKHA4,PGK1
randForest,3,0.763572624571,0.0408790018359,0.698125,0.0484566494405,0.745714285714,0.785015428039,-1.0,0.975609756098,0.96875,0.952380952381,1.0,-1.0,CYTB,LKHA4,NDRG1
randForest,3,0.736984868563,0.0437859449576,0.64625,0.0565754474132,0.757142857143,0.720083828789,-1.0,0.975609756098,0.96875,0.952380952381,1.0,-1.0,CYTB,ITAV,PGK1
randForest,3,0.741049646152,0.0318878637518,0.66375,0.0417207981707,0.73380952381,0.750935339016,-1.0,0.926829268293,0.90625,0.904761904762,0.95,-1.0,CYTB,ITAV,NDRG1
randForest,3,0.703125462339,0.049827294775,0.6175,0.0571319744101,0.69380952381,0.715109062638,-1.0,1.0,1.0,1.0,1.0,-1.0,CYTB,PGK1,NDRG1
randForest,3,0.776313217044,0.0400115821101,0.701875,0.0492958225918,0.791428571429,0.763740677629,-1.0,0.975609756098,0.96875,0.952380952381,1.0,-1.0,COL6A1,LKHA4,ITAV
randForest,3,0.782236641099,0.0451538552145,0.7071875,0.0580703708336,0.804285714286,0.764369745264,-1.0,1.0,1.0,1.0,1.0,-1.0,COL6A1,LKHA4,PGK1
randForest,3,0.781111332095,0.040638809869,0.72,0.0499843725578,0.763333333333,0.802541822204,-1.0,1.0,1.0,1.0,1.0,-1.0,COL6A1,LKHA4,NDRG1
randForest,3,0.751320148222,0.0392189227782,0.6540625,0.0532636059496,0.797619047619,0.711748062527,-1.0,1.0,1.0,1.0,1.0,-1.0,COL6A1,ITAV,PGK1
randForest,3,0.748455192733,0.0396218604773,0.66875,0.0515388203202,0.751904761905,0.747554432836,-1.0,0.976744186047,0.96875,1.0,0.954545454545,-1.0,COL6A1,ITAV,NDRG1
randForest,3,0.730739810982,0.0456101540925,0.6528125,0.0555327535672,0.720476190476,0.744261998968,-1.0,0.975609756098,0.96875,0.952380952381,1.0,-1.0,COL6A1,PGK1,NDRG1
randForest,3,0.78690448719,0.0447190228182,0.7153125,0.0553566208213,0.805238095238,0.772288621435,-1.0,1.0,1.0,1.0,1.0,-1.0,LKHA4,ITAV,PGK1
randForest,3,0.738928651685,0.0501127089978,0.6696875,0.0554200930958,0.717142857143,0.765018994825,-1.0,1.0,1.0,1.0,1.0,-1.0,LKHA4,ITAV,NDRG1
randForest,3,0.743370851272,0.0540184826251,0.6740625,0.0601519884854,0.724761904762,0.766022497537,-1.0,0.976744186047,0.96875,1.0,0.954545454545,-1.0,LKHA4,PGK1,NDRG1
randForest,3,0.708701783864,0.0455854317042,0.616875,0.0544180863776,0.712857142857,0.706868369255,-1.0,0.976744186047,0.96875,1.0,0.954545454545,-1.0,ITAV,PGK1,NDRG1
randForest,4,0.747425759208,0.0426942807617,0.6659375,0.0524208853297,0.755714285714,0.741543536542,-1.0,1.0,1.0,1.0,1.0,-1.0,CYTB,COL6A1,LKHA4,ITAV
randForest,4,0.744898474973,0.0434827213028,0.6659375,0.0527921558449,0.74619047619,0.746409116553,-1.0,0.975609756098,0.96875,0.952380952381,1.0,-1.0,CYTB,COL6A1,LKHA4,PGK1
randForest,4,0.734417283106,0.0440916408169,0.658125,0.0539132694705,0.722380952381,0.749728693853,-1.0,0.975609756098,0.96875,0.952380952381,1.0,-1.0,CYTB,COL6A1,LKHA4,NDRG1
randForest,4,0.737407893207,0.0418958600844,0.6415625,0.0565020395096,0.768095238095,0.711981932487,-1.0,1.0,1.0,1.0,1.0,-1.0,CYTB,COL6A1,ITAV,PGK1
randForest,4,0.732050892085,0.0424382263023,0.645625,0.0545256533661,0.739047619048,0.727383352473,-1.0,0.952380952381,0.9375,0.952380952381,0.952380952381,-1.0,CYTB,COL6A1,ITAV,NDRG1
randForest,4,0.716454442833,0.0490947869548,0.63125,0.0602728172562,0.712857142857,0.723331068312,-1.0,1.0,1.0,1.0,1.0,-1.0,CYTB,COL6A1,PGK1,NDRG1
randForest,4,0.764815721576,0.0407551017809,0.6884375,0.0518137816488,0.77380952381,0.757840735059,-1.0,1.0,1.0,1.0,1.0,-1.0,CYTB,LKHA4,ITAV,PGK1
randForest,4,0.741215939174,0.0441384653599,0.665625,0.0547544233373,0.731428571429,0.75346534876,-1.0,0.952380952381,0.9375,0.952380952381,0.952380952381,-1.0,CYTB,LKHA4,ITAV,NDRG1
randForest,4,0.744632813196,0.0496879467563,0.6740625,0.05916987594,0.727619047619,0.765065337819,-1.0,0.976744186047,0.96875,1.0,0.954545454545,-1.0,CYTB,LKHA4,PGK1,NDRG1
randForest,4,0.727457834365,0.039208534074,0.6440625,0.0503687573675,0.725238095238,0.732582876896,-1.0,1.0,1.0,1.0,1.0,-1.0,CYTB,ITAV,PGK1,NDRG1
randForest,4,0.768600455273,0.0458235307987,0.6859375,0.0596825914212,0.797142857143,0.744693103892,-1.0,0.975609756098,0.96875,0.952380952381,1.0,-1.0,COL6A1,LKHA4,ITAV,PGK1
randForest,4,0.751853321503,0.0471971971679,0.676875,0.0588330529974,0.748095238095,0.758201755459,-1.0,1.0,1.0,1.0,1.0,-1.0,COL6A1,LKHA4,ITAV,NDRG1
randForest,4,0.747349844488,0.0481845699321,0.67375,0.0581820956137,0.738571428571,0.759694161467,-1.0,1.0,1.0,1.0,1.0,-1.0,COL6A1,LKHA4,PGK1,NDRG1
randForest,4,0.733581574555,0.0422448782006,0.64375,0.053764532919,0.749047619048,0.721593713506,-1.0,1.0,1.0,1.0,1.0,-1.0,COL6A1,ITAV,PGK1,NDRG1
randForest,4,0.747902034106,0.0464087127894,0.673125,0.0525557739454,0.74380952381,0.755273815769,-1.0,1.0,1.0,1.0,1.0,-1.0,LKHA4,ITAV,PGK1,NDRG1
randForest,5,0.754758759111,0.0428182342714,0.671875,0.0534913836519,0.772380952381,0.740137159123,-1.0,0.952380952381,0.9375,0.952380952381,0.952380952381,-1.0,CYTB,COL6A1,LKHA4,ITAV,PGK1
randForest,5,0.752008907042,0.0411417024539,0.6728125,0.0514354495339,0.758095238095,0.748451157621,-1.0,1.0,1.0,1.0,1.0,-1.0,CYTB,COL6A1,LKHA4,ITAV,NDRG1
randForest,5,0.74919189106,0.0437332077651,0.6734375,0.0529177944434,0.74619047619,0.755297900786,-1.0,1.0,1.0,1.0,1.0,-1.0,CYTB,COL6A1,LKHA4,PGK1,NDRG1
randForest,5,0.732669937795,0.0421359688957,0.64625,0.0522688363176,0.740952380952,0.727229311708,-1.0,0.952380952381,0.9375,0.952380952381,0.952380952381,-1.0,CYTB,COL6A1,ITAV,PGK1,NDRG1
randForest,5,0.756886957686,0.0369837583464,0.685625,0.044375,0.748095238095,0.768629491034,-1.0,1.0,1.0,1.0,1.0,-1.0,CYTB,LKHA4,ITAV,PGK1,NDRG1
randForest,5,0.756993409569,0.0455786247195,0.679375,0.0572173760758,0.763333333333,0.753787026487,-1.0,1.0,1.0,1.0,1.0,-1.0,COL6A1,LKHA4,ITAV,PGK1,NDRG1
randForest,6,0.750909113837,0.0419689545503,0.67375,0.0529076435877,0.750952380952,0.753359560501,-1.0,0.976744186047,0.96875,1.0,0.954545454545,-1.0,CYTB,COL6A1,LKHA4,ITAV,PGK1,NDRG1
classifier, n, f1, f1 sd, acc, acc sd, recall, precision, auc_cv_mean, f1_independent, acc_independent, recall_independent, precision_independent, auc_independent, signature
svm-rbf,1,0.766655825309,0.0170822456217,0.645,0.0291547594742,0.888095238095,0.674844996,-1.0,0.826086956522,0.75,0.904761904762,0.76,-1.0,CYTB
svm-rbf,1,0.71389282209,0.0311381879564,0.55875,0.0383446541254,0.841904761905,0.620248013723,-1.0,0.807692307692,0.6875,1.0,0.677419354839,-1.0,COL6A1
svm-rbf,1,0.810351003093,0.0144684915481,0.73125,0.0182217246714,0.875714285714,0.754251727982,-1.0,0.869565217391,0.8125,0.952380952381,0.8,-1.0,LKHA4
svm-rbf,1,0.737638940164,0.0149592466561,0.600625,0.0256097515607,0.855238095238,0.648851442045,-1.0,0.8,0.71875,0.857142857143,0.75,-1.0,ITAV
svm-rbf,1,0.804022510601,0.0142106814977,0.6834375,0.0210352197219,0.99,0.676969642195,-1.0,0.84,0.75,1.0,0.724137931034,-1.0,PGK1
svm-rbf,1,0.71734769547,0.0280941741151,0.570625,0.0391860545985,0.831428571429,0.631182911597,-1.0,0.816326530612,0.71875,0.952380952381,0.714285714286,-1.0,NDRG1
svm-rbf,2,0.744647175793,0.0206665266242,0.5971875,0.0296117454526,0.895714285714,0.637412627787,-1.0,0.875,0.8125,1.0,0.777777777778,-1.0,CYTB,COL6A1
svm-rbf,2,0.815662844915,0.0167882997,0.7378125,0.0206793790707,0.885238095238,0.756507302118,-1.0,0.913043478261,0.875,1.0,0.84,-1.0,CYTB,LKHA4
svm-rbf,2,0.736348121802,0.0139108119356,0.5959375,0.0266102511967,0.859047619048,0.644566600705,-1.0,0.869565217391,0.8125,0.952380952381,0.8,-1.0,CYTB,ITAV
svm-rbf,2,0.747583324099,0.0158807267797,0.6059375,0.0264778061544,0.889047619048,0.645238239431,-1.0,0.857142857143,0.78125,1.0,0.75,-1.0,CYTB,PGK1
svm-rbf,2,0.681290088698,0.0241516256239,0.5409375,0.0371586022174,0.747619047619,0.626419704531,-1.0,0.888888888889,0.84375,0.952380952381,0.833333333333,-1.0,CYTB,NDRG1
svm-rbf,2,0.760430853581,0.0321026123328,0.6365625,0.0489449228087,0.879047619048,0.670356137987,-1.0,0.893617021277,0.84375,1.0,0.807692307692,-1.0,COL6A1,LKHA4
svm-rbf,2,0.76793466266,0.0279369146411,0.625625,0.0364380896179,0.947142857143,0.646194337771,-1.0,0.823529411765,0.71875,1.0,0.7,-1.0,COL6A1,ITAV
svm-rbf,2,0.80828331652,0.0158626992787,0.6928125,0.0257902446431,0.986666666667,0.684791554108,-1.0,0.857142857143,0.78125,1.0,0.75,-1.0,COL6A1,PGK1
svm-rbf,2,0.669365162346,0.0305117827305,0.5359375,0.0433857605529,0.71619047619,0.629384428395,-1.0,0.857142857143,0.8125,0.857142857143,0.857142857143,-1.0,COL6A1,NDRG1
svm-rbf,2,0.820752642706,0.0141659415362,0.7515625,0.0204323387978,0.866666666667,0.779715019763,-1.0,0.869565217391,0.8125,0.952380952381,0.8,-1.0,LKHA4,ITAV
svm-rbf,2,0.781472900387,0.0208293339199,0.6796875,0.0337659106015,0.871904761905,0.708512493143,-1.0,0.869565217391,0.8125,0.952380952381,0.8,-1.0,LKHA4,PGK1
svm-rbf,2,0.799730549347,0.0286528982356,0.7328125,0.0381134716177,0.813333333333,0.787500665696,-1.0,0.93023255814,0.90625,0.952380952381,0.909090909091,-1.0,LKHA4,NDRG1
svm-rbf,2,0.781815655198,0.0282646749486,0.658125,0.0389861754344,0.935714285714,0.671818631745,-1.0,0.84,0.75,1.0,0.724137931034,-1.0,ITAV,PGK1
svm-rbf,2,0.682083161077,0.0276955484694,0.5396875,0.0404696549127,0.752857142857,0.624389954396,-1.0,0.844444444444,0.78125,0.904761904762,0.791666666667,-1.0,ITAV,NDRG1
svm-rbf,2,0.695547309127,0.0273350833707,0.55,0.0375,0.784285714286,0.625444889033,-1.0,0.893617021277,0.84375,1.0,0.807692307692,-1.0,PGK1,NDRG1
svm-rbf,3,0.761964817547,0.028173686616,0.6340625,0.0429150232291,0.892857142857,0.664880998333,-1.0,0.913043478261,0.875,1.0,0.84,-1.0,CYTB,COL6A1,LKHA4
svm-rbf,3,0.745123409364,0.0240420758977,0.59875,0.032989108051,0.895238095238,0.638427253091,-1.0,0.857142857143,0.78125,1.0,0.75,-1.0,CYTB,COL6A1,ITAV
svm-rbf,3,0.755326887678,0.0215141038943,0.611875,0.0309926906705,0.91380952381,0.643907383866,-1.0,0.857142857143,0.78125,1.0,0.75,-1.0,CYTB,COL6A1,PGK1
svm-rbf,3,0.690516970445,0.0318271822425,0.535,0.037572845913,0.793333333333,0.612083151587,-1.0,0.833333333333,0.75,0.952380952381,0.740740740741,-1.0,CYTB,COL6A1,NDRG1
svm-rbf,3,0.812692409976,0.0191869884326,0.7346875,0.0274199830188,0.877142857143,0.757354170467,-1.0,0.913043478261,0.875,1.0,0.84,-1.0,CYTB,LKHA4,ITAV
svm-rbf,3,0.765375870052,0.0214784582458,0.648125,0.0371388862919,0.873333333333,0.681672763252,-1.0,0.913043478261,0.875,1.0,0.84,-1.0,CYTB,LKHA4,PGK1
svm-rbf,3,0.74808344641,0.0267152902968,0.6525,0.0351559027761,0.787142857143,0.713504437752,-1.0,0.954545454545,0.9375,1.0,0.913043478261,-1.0,CYTB,LKHA4,NDRG1
svm-rbf,3,0.739068808374,0.0125078077708,0.601875,0.0205491027785,0.859047619048,0.64868262389,-1.0,0.84,0.75,1.0,0.724137931034,-1.0,CYTB,ITAV,PGK1
svm-rbf,3,0.68804600484,0.0242495961948,0.53625,0.0341526902308,0.78,0.615958085274,-1.0,0.875,0.8125,1.0,0.777777777778,-1.0,CYTB,ITAV,NDRG1
svm-rbf,3,0.68550763801,0.0216695256716,0.533125,0.0318136664816,0.775714285714,0.614553834225,-1.0,0.857142857143,0.78125,1.0,0.75,-1.0,CYTB,PGK1,NDRG1
svm-rbf,3,0.746695332462,0.0244874759456,0.6109375,0.0351822820287,0.874761904762,0.651763560646,-1.0,0.913043478261,0.875,1.0,0.84,-1.0,COL6A1,LKHA4,ITAV
svm-rbf,3,0.763759374224,0.0261409437015,0.6334375,0.0384908166807,0.90380952381,0.661604978715,-1.0,0.875,0.8125,1.0,0.777777777778,-1.0,COL6A1,LKHA4,PGK1
svm-rbf,3,0.747904998626,0.0293560539138,0.6290625,0.039194776039,0.84,0.674565195851,-1.0,0.913043478261,0.875,1.0,0.84,-1.0,COL6A1,LKHA4,NDRG1
svm-rbf,3,0.799237785942,0.0203116198964,0.68,0.0303366527488,0.971428571429,0.679175146842,-1.0,0.857142857143,0.78125,1.0,0.75,-1.0,COL6A1,ITAV,PGK1
svm-rbf,3,0.694775138652,0.0306470649595,0.5415625,0.0387940777536,0.797142857143,0.616342676098,-1.0,0.84,0.75,1.0,0.724137931034,-1.0,COL6A1,ITAV,NDRG1
svm-rbf,3,0.728926224958,0.0281301473257,0.581875,0.0402094127662,0.857619047619,0.634069961967,-1.0,0.875,0.8125,1.0,0.777777777778,-1.0,COL6A1,PGK1,NDRG1
svm-rbf,3,0.758771961902,0.0185885511948,0.6384375,0.0319469164201,0.865714285714,0.675835084839,-1.0,0.888888888889,0.84375,0.952380952381,0.833333333333,-1.0,LKHA4,ITAV,PGK1
svm-rbf,3,0.723809977505,0.0269101446861,0.6090625,0.0401401353853,0.780476190476,0.675555242503,-1.0,0.904761904762,0.875,0.904761904762,0.904761904762,-1.0,LKHA4,ITAV,NDRG1
svm-rbf,3,0.70764376438,0.0317388236147,0.57375,0.047293961031,0.78619047619,0.64405970027,-1.0,0.909090909091,0.875,0.952380952381,0.869565217391,-1.0,LKHA4,PGK1,NDRG1
svm-rbf,3,0.695383775416,0.0269188875288,0.5496875,0.0385516597405,0.78380952381,0.625324839656,-1.0,0.84,0.75,1.0,0.724137931034,-1.0,ITAV,PGK1,NDRG1
svm-rbf,4,0.743029416873,0.0251268296275,0.603125,0.0378886114156,0.874761904762,0.646096760838,-1.0,0.913043478261,0.875,1.0,0.84,-1.0,CYTB,COL6A1,LKHA4,ITAV
svm-rbf,4,0.743415247212,0.0219614560215,0.60125,0.0339806930477,0.880476190476,0.643578228964,-1.0,0.893617021277,0.84375,1.0,0.807692307692,-1.0,CYTB,COL6A1,LKHA4,PGK1
svm-rbf,4,0.698109694134,0.0308931902472,0.5478125,0.0420321212735,0.798095238095,0.620906973741,-1.0,0.893617021277,0.84375,1.0,0.807692307692,-1.0,CYTB,COL6A1,LKHA4,NDRG1
svm-rbf,4,0.745208168832,0.0224923791396,0.60125,0.0306568711711,0.89,0.641334066523,-1.0,0.857142857143,0.78125,1.0,0.75,-1.0,CYTB,COL6A1,ITAV,PGK1
svm-rbf,4,0.698345933082,0.0294606131779,0.5415625,0.0359184732241,0.810952380952,0.613751659579,-1.0,0.823529411765,0.71875,1.0,0.7,-1.0,CYTB,COL6A1,ITAV,NDRG1
svm-rbf,4,0.705667082341,0.0289029523747,0.54875,0.0354436171969,0.826666666667,0.61603730822,-1.0,0.84,0.75,1.0,0.724137931034,-1.0,CYTB,COL6A1,PGK1,NDRG1
svm-rbf,4,0.753778645001,0.020777162468,0.62625,0.0353332350628,0.870952380952,0.664725037542,-1.0,0.913043478261,0.875,1.0,0.84,-1.0,CYTB,LKHA4,ITAV,PGK1
svm-rbf,4,0.715326062587,0.0244031144293,0.5853125,0.0382362618302,0.79380952381,0.65184451898,-1.0,0.913043478261,0.875,1.0,0.84,-1.0,CYTB,LKHA4,ITAV,NDRG1
svm-rbf,4,0.701224122009,0.0206506503184,0.561875,0.0333600153627,0.783333333333,0.635416425884,-1.0,0.913043478261,0.875,1.0,0.84,-1.0,CYTB,LKHA4,PGK1,NDRG1
svm-rbf,4,0.684160709094,0.0199033549304,0.529375,0.0282358924952,0.777142857143,0.611374843164,-1.0,0.84,0.75,1.0,0.724137931034,-1.0,CYTB,ITAV,PGK1,NDRG1
svm-rbf,4,0.751330558162,0.0251824069438,0.6178125,0.033904449837,0.881428571429,0.655032899667,-1.0,0.857142857143,0.78125,1.0,0.75,-1.0,COL6A1,LKHA4,ITAV,PGK1
svm-rbf,4,0.693798355537,0.0336858342611,0.545,0.0451386752132,0.787142857143,0.620792822758,-1.0,0.893617021277,0.84375,1.0,0.807692307692,-1.0,COL6A1,LKHA4,ITAV,NDRG1
svm-rbf,4,0.715621915168,0.0291540939779,0.568125,0.0413115071742,0.829047619048,0.629930711689,-1.0,0.857142857143,0.78125,1.0,0.75,-1.0,COL6A1,LKHA4,PGK1,NDRG1
svm-rbf,4,0.72015146177,0.0254136948951,0.5721875,0.0349930238583,0.84,0.630709976762,-1.0,0.84,0.75,1.0,0.724137931034,-1.0,COL6A1,ITAV,PGK1,NDRG1
svm-rbf,4,0.702538126496,0.0258667900639,0.5653125,0.0407677779472,0.781904761905,0.638413067464,-1.0,0.888888888889,0.84375,0.952380952381,0.833333333333,-1.0,LKHA4,ITAV,PGK1,NDRG1
svm-rbf,5,0.744867840679,0.0210316245194,0.61,0.0304523192877,0.868095238095,0.652647728517,-1.0,0.857142857143,0.78125,1.0,0.75,-1.0,CYTB,COL6A1,LKHA4,ITAV,PGK1
svm-rbf,5,0.689591908606,0.0296162114152,0.5346875,0.0374726462736,0.789523809524,0.612695547895,-1.0,0.893617021277,0.84375,1.0,0.807692307692,-1.0,CYTB,COL6A1,LKHA4,ITAV,NDRG1
svm-rbf,5,0.692318999868,0.0310790452067,0.5346875,0.0387537800576,0.8,0.610752908287,-1.0,0.857142857143,0.78125,1.0,0.75,-1.0,CYTB,COL6A1,LKHA4,PGK1,NDRG1
svm-rbf,5,0.700196532248,0.0283019459514,0.5428125,0.0347015737215,0.815714285714,0.613801720629,-1.0,0.823529411765,0.71875,1.0,0.7,-1.0,CYTB,COL6A1,ITAV,PGK1,NDRG1
svm-rbf,5,0.69994429063,0.0218921314025,0.5565625,0.0347128285905,0.788095238095,0.630179501214,-1.0,0.893617021277,0.84375,1.0,0.807692307692,-1.0,CYTB,LKHA4,ITAV,PGK1,NDRG1
svm-rbf,5,0.699710373308,0.0291395719727,0.5496875,0.0388041456387,0.800952380952,0.621662507544,-1.0,0.857142857143,0.78125,1.0,0.75,-1.0,COL6A1,LKHA4,ITAV,PGK1,NDRG1
svm-rbf,6,0.694695327086,0.0279728161395,0.5403125,0.0359836659993,0.798571428571,0.615241817187,-1.0,0.84,0.75,1.0,0.724137931034,-1.0,CYTB,COL6A1,LKHA4,ITAV,PGK1,NDRG1
classifier, n, f1, f1 sd, acc, acc sd, recall, precision, auc_cv_mean, f1_independent, acc_independent, recall_independent, precision_independent, auc_independent, signature
svm,1,0.775469987995,0.00545110124741,0.6559375,0.0103597402839,0.905238095238,0.678280149608,-1.0,0.775510204082,0.65625,0.904761904762,0.678571428571,-1.0,CYTB
svm,1,0.764051060998,0.0177581760909,0.645,0.0236015094856,0.876666666667,0.67734329923,-1.0,0.775510204082,0.65625,0.904761904762,0.678571428571,-1.0,COL6A1
svm,1,0.777610544218,0.00543347385536,0.6603125,0.0105094823255,0.904761904762,0.681838624339,-1.0,0.775510204082,0.65625,0.904761904762,0.678571428571,-1.0,LKHA4
svm,1,0.763793020446,0.0164596528223,0.64875,0.0276416804844,0.864761904762,0.6841995116,-1.0,0.765957446809,0.65625,0.857142857143,0.692307692308,-1.0,ITAV
svm,1,0.792308944855,0.00738335408184,0.688125,0.00986233364879,0.906666666667,0.703608058608,-1.0,0.816326530612,0.71875,0.952380952381,0.714285714286,-1.0,PGK1
svm,1,0.740805429864,0.017359840064,0.590625,0.0231756202722,0.892380952381,0.633447163515,-1.0,0.78431372549,0.65625,0.952380952381,0.666666666667,-1.0,NDRG1
svm,2,0.751239451377,0.00866378511793,0.6278125,0.0147207071416,0.85619047619,0.669299267399,-1.0,0.791666666667,0.6875,0.904761904762,0.703703703704,-1.0,CYTB,COL6A1
svm,2,0.755209328412,0.00914726915817,0.6340625,0.0154963453353,0.86,0.673291615792,-1.0,0.775510204082,0.65625,0.904761904762,0.678571428571,-1.0,CYTB,LKHA4
svm,2,0.74359086258,0.0107585195778,0.6115625,0.0213119501395,0.857619047619,0.656519489706,-1.0,0.765957446809,0.65625,0.857142857143,0.692307692308,-1.0,CYTB,ITAV
svm,2,0.781195940078,0.0161448171357,0.673125,0.0213874232903,0.89,0.696320575976,-1.0,0.84,0.75,1.0,0.724137931034,-1.0,CYTB,PGK1
svm,2,0.743022380281,0.0178001356735,0.618125,0.0236263227143,0.841904761905,0.665175005965,-1.0,0.75,0.625,0.857142857143,0.666666666667,-1.0,CYTB,NDRG1
svm,2,0.777933673469,0.00576901106047,0.6609375,0.0111584819196,0.904761904762,0.682341269841,-1.0,0.791666666667,0.6875,0.904761904762,0.703703703704,-1.0,COL6A1,LKHA4
svm,2,0.762202019106,0.0153099169343,0.641875,0.0227159773067,0.874761904762,0.675476190476,-1.0,0.808510638298,0.71875,0.904761904762,0.730769230769,-1.0,COL6A1,ITAV
svm,2,0.768820921986,0.00923931985112,0.659375,0.0121030729569,0.863333333333,0.69301994302,-1.0,0.765957446809,0.65625,0.857142857143,0.692307692308,-1.0,COL6A1,PGK1
svm,2,0.727866586746,0.026200908311,0.5934375,0.03549180143,0.829523809524,0.648707116893,-1.0,0.775510204082,0.65625,0.904761904762,0.678571428571,-1.0,COL6A1,NDRG1
svm,2,0.771584968881,0.0149244975692,0.6540625,0.022209496139,0.890476190476,0.680854771027,-1.0,0.775510204082,0.65625,0.904761904762,0.678571428571,-1.0,LKHA4,ITAV
svm,2,0.756252894775,0.0145163492186,0.634375,0.021875,0.864285714286,0.672251729752,-1.0,0.791666666667,0.6875,0.904761904762,0.703703703704,-1.0,LKHA4,PGK1
svm,2,0.756634501627,0.0116047336869,0.635625,0.0166653645325,0.863333333333,0.673571469271,-1.0,0.775510204082,0.65625,0.904761904762,0.678571428571,-1.0,LKHA4,NDRG1
svm,2,0.766110390039,0.00668377028038,0.6559375,0.0112630133068,0.858571428571,0.691681074481,-1.0,0.765957446809,0.65625,0.857142857143,0.692307692308,-1.0,ITAV,PGK1
svm,2,0.739392092163,0.0187934435472,0.6134375,0.0285232224468,0.835714285714,0.663391686574,-1.0,0.791666666667,0.6875,0.904761904762,0.703703703704,-1.0,ITAV,NDRG1
svm,2,0.743083485176,0.0179748342864,0.6290625,0.0236573026516,0.818095238095,0.680975294191,-1.0,0.808510638298,0.71875,0.904761904762,0.730769230769,-1.0,PGK1,NDRG1
svm,3,0.75442038425,0.00961172753772,0.6325,0.0160078105936,0.86,0.672024989825,-1.0,0.791666666667,0.6875,0.904761904762,0.703703703704,-1.0,CYTB,COL6A1,LKHA4
svm,3,0.739694319004,0.00880655857328,0.60375,0.0164649248404,0.857619047619,0.650388755561,-1.0,0.765957446809,0.65625,0.857142857143,0.692307692308,-1.0,CYTB,COL6A1,ITAV
svm,3,0.747896642061,0.0163209441704,0.6196875,0.0257902446431,0.859523809524,0.662178680196,-1.0,0.808510638298,0.71875,0.904761904762,0.730769230769,-1.0,CYTB,COL6A1,PGK1
svm,3,0.724707492433,0.0110790618718,0.5959375,0.0166858613428,0.810476190476,0.655497985348,-1.0,0.765957446809,0.65625,0.857142857143,0.692307692308,-1.0,CYTB,COL6A1,NDRG1
svm,3,0.7434427703,0.0106423654289,0.6103125,0.0194930877172,0.86,0.654869900215,-1.0,0.775510204082,0.65625,0.904761904762,0.678571428571,-1.0,CYTB,LKHA4,ITAV
svm,3,0.753311984368,0.00869736178136,0.6303125,0.0146941474319,0.86,0.670274725275,-1.0,0.791666666667,0.6875,0.904761904762,0.703703703704,-1.0,CYTB,LKHA4,PGK1
svm,3,0.729705185528,0.0132439987265,0.60375,0.0186873954847,0.815238095238,0.660583475783,-1.0,0.775510204082,0.65625,0.904761904762,0.678571428571,-1.0,CYTB,LKHA4,NDRG1
svm,3,0.756308981039,0.0105973115436,0.636875,0.0201459518266,0.858095238095,0.676276963777,-1.0,0.791666666667,0.6875,0.904761904762,0.703703703704,-1.0,CYTB,ITAV,PGK1
svm,3,0.715651643204,0.0134239542327,0.5775,0.022308210372,0.81,0.641260805861,-1.0,0.75,0.625,0.857142857143,0.666666666667,-1.0,CYTB,ITAV,NDRG1
svm,3,0.723133723918,0.0146072404606,0.59375,0.0211947811973,0.808571428571,0.654209116809,-1.0,0.808510638298,0.71875,0.904761904762,0.730769230769,-1.0,CYTB,PGK1,NDRG1
svm,3,0.766256802721,0.0141888866054,0.644375,0.0201459518266,0.888571428571,0.673658091589,-1.0,0.791666666667,0.6875,0.904761904762,0.703703703704,-1.0,COL6A1,LKHA4,ITAV
svm,3,0.753199331999,0.0100329009238,0.6309375,0.0157464033592,0.858095238095,0.671251689052,-1.0,0.791666666667,0.6875,0.904761904762,0.703703703704,-1.0,COL6A1,LKHA4,PGK1
svm,3,0.755471819366,0.0125986952142,0.6321875,0.0170334000936,0.86619047619,0.669979790325,-1.0,0.791666666667,0.6875,0.904761904762,0.703703703704,-1.0,COL6A1,LKHA4,NDRG1
svm,3,0.767227411316,0.0100423576487,0.6571875,0.0149576224297,0.860952380952,0.69198021978,-1.0,0.765957446809,0.65625,0.857142857143,0.692307692308,-1.0,COL6A1,ITAV,PGK1
svm,3,0.729804911573,0.0166237301007,0.5934375,0.0231735133018,0.837142857143,0.647138624339,-1.0,0.791666666667,0.6875,0.904761904762,0.703703703704,-1.0,COL6A1,ITAV,NDRG1
svm,3,0.74185426186,0.0159777353958,0.6259375,0.0214033985327,0.819523809524,0.677879171312,-1.0,0.765957446809,0.65625,0.857142857143,0.692307692308,-1.0,COL6A1,PGK1,NDRG1
svm,3,0.753488447645,0.0111384904354,0.630625,0.0184242537162,0.86,0.670526210826,-1.0,0.791666666667,0.6875,0.904761904762,0.703703703704,-1.0,LKHA4,ITAV,PGK1
svm,3,0.746909701482,0.0186878614505,0.6228125,0.0266102511967,0.848571428571,0.667365998625,-1.0,0.775510204082,0.65625,0.904761904762,0.678571428571,-1.0,LKHA4,ITAV,NDRG1
svm,3,0.731534624693,0.0158461993454,0.606875,0.0234604054739,0.81619047619,0.662920624303,-1.0,0.808510638298,0.71875,0.904761904762,0.730769230769,-1.0,LKHA4,PGK1,NDRG1
svm,3,0.739740245104,0.0131900303933,0.6240625,0.0189855002239,0.814285714286,0.677927654793,-1.0,0.765957446809,0.65625,0.857142857143,0.692307692308,-1.0,ITAV,PGK1,NDRG1
svm,4,0.742351801997,0.00997467606978,0.608125,0.0179081859774,0.86,0.653148288493,-1.0,0.791666666667,0.6875,0.904761904762,0.703703703704,-1.0,CYTB,COL6A1,LKHA4,ITAV
svm,4,0.740985902446,0.0158399811169,0.6078125,0.0247546554965,0.854761904762,0.654094634612,-1.0,0.791666666667,0.6875,0.904761904762,0.703703703704,-1.0,CYTB,COL6A1,LKHA4,PGK1
svm,4,0.730238168132,0.0155665388179,0.60375,0.0211394181566,0.817619047619,0.659907651608,-1.0,0.791666666667,0.6875,0.904761904762,0.703703703704,-1.0,CYTB,COL6A1,LKHA4,NDRG1
svm,4,0.742698400637,0.0149382240066,0.610625,0.0239710111385,0.85619047619,0.655981046412,-1.0,0.791666666667,0.6875,0.904761904762,0.703703703704,-1.0,CYTB,COL6A1,ITAV,PGK1
svm,4,0.712394161889,0.0107587984771,0.5703125,0.0167559457731,0.810952380952,0.635372201872,-1.0,0.765957446809,0.65625,0.857142857143,0.692307692308,-1.0,CYTB,COL6A1,ITAV,NDRG1
svm,4,0.714486499965,0.0162346549884,0.5740625,0.0232408416102,0.812380952381,0.637867073667,-1.0,0.791666666667,0.6875,0.904761904762,0.703703703704,-1.0,CYTB,COL6A1,PGK1,NDRG1
svm,4,0.751569691706,0.00811894994861,0.626875,0.013125,0.86,0.667490842491,-1.0,0.791666666667,0.6875,0.904761904762,0.703703703704,-1.0,CYTB,LKHA4,ITAV,PGK1
svm,4,0.716993300589,0.0134716051492,0.579375,0.0213874232903,0.811904761905,0.642234188034,-1.0,0.775510204082,0.65625,0.904761904762,0.678571428571,-1.0,CYTB,LKHA4,ITAV,NDRG1
svm,4,0.724953078425,0.0121288614318,0.596875,0.0190086329072,0.809523809524,0.656598860399,-1.0,0.808510638298,0.71875,0.904761904762,0.730769230769,-1.0,CYTB,LKHA4,PGK1,NDRG1
svm,4,0.714529213628,0.0136532731865,0.575,0.0211947811973,0.810476190476,0.639077818478,-1.0,0.791666666667,0.6875,0.904761904762,0.703703703704,-1.0,CYTB,ITAV,PGK1,NDRG1
svm,4,0.751620232274,0.0117531402277,0.62875,0.0194052183703,0.855714285714,0.670208750509,-1.0,0.765957446809,0.65625,0.857142857143,0.692307692308,-1.0,COL6A1,LKHA4,ITAV,PGK1
svm,4,0.735283800902,0.0177268839303,0.5990625,0.0246280930799,0.849047619048,0.648658085975,-1.0,0.791666666667,0.6875,0.904761904762,0.703703703704,-1.0,COL6A1,LKHA4,ITAV,NDRG1
svm,4,0.729497044917,0.0162623646301,0.603125,0.022750343404,0.815714285714,0.659896296296,-1.0,0.791666666667,0.6875,0.904761904762,0.703703703704,-1.0,COL6A1,LKHA4,PGK1,NDRG1
svm,4,0.738202896596,0.013600306931,0.62125,0.0199021041601,0.81380952381,0.675662158695,-1.0,0.765957446809,0.65625,0.857142857143,0.692307692308,-1.0,COL6A1,ITAV,PGK1,NDRG1
svm,4,0.728402045431,0.0159873637181,0.6015625,0.0231228884171,0.814285714286,0.659053133903,-1.0,0.791666666667,0.6875,0.904761904762,0.703703703704,-1.0,LKHA4,ITAV,PGK1,NDRG1
svm,5,0.739426733246,0.0143981376958,0.604375,0.0230573334321,0.855238095238,0.651406502182,-1.0,0.791666666667,0.6875,0.904761904762,0.703703703704,-1.0,CYTB,COL6A1,LKHA4,ITAV,PGK1
svm,5,0.716028079841,0.0145198168299,0.5771875,0.0218549014811,0.812380952381,0.640347659748,-1.0,0.791666666667,0.6875,0.904761904762,0.703703703704,-1.0,CYTB,COL6A1,LKHA4,ITAV,NDRG1
svm,5,0.713580112896,0.0144664242928,0.5740625,0.0219440873301,0.808571428571,0.638780830281,-1.0,0.791666666667,0.6875,0.904761904762,0.703703703704,-1.0,CYTB,COL6A1,LKHA4,PGK1,NDRG1
svm,5,0.712653902912,0.0147738086408,0.5721875,0.0215126234744,0.808571428571,0.637275783476,-1.0,0.791666666667,0.6875,0.904761904762,0.703703703704,-1.0,CYTB,COL6A1,ITAV,PGK1,NDRG1
svm,5,0.714913754586,0.0136255676382,0.5753125,0.0212385079219,0.811428571429,0.639146072446,-1.0,0.791666666667,0.6875,0.904761904762,0.703703703704,-1.0,CYTB,LKHA4,ITAV,PGK1,NDRG1
svm,5,0.724647021004,0.014747881286,0.5965625,0.0216934429898,0.809047619048,0.656423015873,-1.0,0.791666666667,0.6875,0.904761904762,0.703703703704,-1.0,COL6A1,LKHA4,ITAV,PGK1,NDRG1
svm,6,0.713231670096,0.0152723107799,0.573125,0.0226298337378,0.809047619048,0.63793011803,-1.0,0.791666666667,0.6875,0.904761904762,0.703703703704,-1.0,CYTB,COL6A1,LKHA4,ITAV,PGK1,NDRG1
classifier, n, f1, f1 sd, acc, acc sd, recall, precision, auc_cv_mean, f1_independent, acc_independent, recall_independent, precision_independent, auc_independent, signature
naive_bayes,1,0.775824829932,0.00717583797418,0.6571875,0.0120667091102,0.90380952381,0.679616402116,-1.0,0.775510204082,0.65625,0.904761904762,0.678571428571,-1.0,CYTB
naive_bayes,1,0.759832319736,0.0209645514977,0.6353125,0.0324924871124,0.879047619048,0.669456942164,-1.0,0.791666666667,0.6875,0.904761904762,0.703703703704,-1.0,COL6A1
naive_bayes,1,0.777231083203,0.00558232087664,0.659375,0.0112673477358,0.905238095238,0.681019210057,-1.0,0.775510204082,0.65625,0.904761904762,0.678571428571,-1.0,LKHA4
naive_bayes,1,0.777025874883,0.0140664077024,0.663125,0.0223519434278,0.894285714286,0.687182900369,-1.0,0.775510204082,0.65625,0.904761904762,0.678571428571,-1.0,ITAV
naive_bayes,1,0.788235815603,0.00914338081789,0.6834375,0.0114008977168,0.898095238095,0.702378917379,-1.0,0.791666666667,0.6875,0.904761904762,0.703703703704,-1.0,PGK1
naive_bayes,1,0.754108155657,0.0189335279758,0.6071875,0.0254855197858,0.919047619048,0.639566201202,-1.0,0.792452830189,0.65625,1.0,0.65625,-1.0,NDRG1
naive_bayes,2,0.752210156989,0.00974737089217,0.6303125,0.0171476811479,0.854761904762,0.671777431827,-1.0,0.765957446809,0.65625,0.857142857143,0.692307692308,-1.0,CYTB,COL6A1
naive_bayes,2,0.751702257924,0.00533437004284,0.628125,0.0103644524699,0.857619047619,0.66913414172,-1.0,0.75,0.625,0.857142857143,0.666666666667,-1.0,CYTB,LKHA4
naive_bayes,2,0.754966773018,0.00834196724257,0.6346875,0.0163548301352,0.857142857143,0.674672527473,-1.0,0.75,0.625,0.857142857143,0.666666666667,-1.0,CYTB,ITAV
naive_bayes,2,0.791336662325,0.00591470560082,0.6871875,0.0093697902191,0.90380952381,0.70378001628,-1.0,0.791666666667,0.6875,0.904761904762,0.703703703704,-1.0,CYTB,PGK1
naive_bayes,2,0.750309615058,0.0145500156692,0.62625,0.019223195624,0.85619047619,0.66787032967,-1.0,0.775510204082,0.65625,0.904761904762,0.678571428571,-1.0,CYTB,NDRG1
naive_bayes,2,0.787272658851,0.0124901309705,0.67875,0.0238320949562,0.904761904762,0.697029984702,-1.0,0.791666666667,0.6875,0.904761904762,0.703703703704,-1.0,COL6A1,LKHA4
naive_bayes,2,0.763374709736,0.0128754669804,0.649375,0.0219106851787,0.861428571429,0.685600976801,-1.0,0.791666666667,0.6875,0.904761904762,0.703703703704,-1.0,COL6A1,ITAV
naive_bayes,2,0.768122109158,0.00559987217344,0.6603125,0.0105094823255,0.857142857143,0.695907692308,-1.0,0.782608695652,0.6875,0.857142857143,0.72,-1.0,COL6A1,PGK1
naive_bayes,2,0.722312670724,0.0225203275659,0.5915625,0.0319469164201,0.81,0.652301300296,-1.0,0.791666666667,0.6875,0.904761904762,0.703703703704,-1.0,COL6A1,NDRG1
naive_bayes,2,0.777350994292,0.0144982297862,0.66375,0.0230149407994,0.894285714286,0.687680458367,-1.0,0.775510204082,0.65625,0.904761904762,0.678571428571,-1.0,LKHA4,ITAV
naive_bayes,2,0.766714076472,0.00378880905437,0.6575,0.00612372435696,0.857619047619,0.693252421652,-1.0,0.765957446809,0.65625,0.857142857143,0.692307692308,-1.0,LKHA4,PGK1
naive_bayes,2,0.753928203338,0.0101791593396,0.6315625,0.0167092554816,0.86,0.67134517494,-1.0,0.775510204082,0.65625,0.904761904762,0.678571428571,-1.0,LKHA4,NDRG1
naive_bayes,2,0.766290471785,0.00233117483811,0.656875,0.004375,0.857142857143,0.692861538462,-1.0,0.765957446809,0.65625,0.857142857143,0.692307692308,-1.0,ITAV,PGK1
naive_bayes,2,0.752322969448,0.0180230866769,0.6340625,0.0262555797641,0.847142857143,0.676969789952,-1.0,0.775510204082,0.65625,0.904761904762,0.678571428571,-1.0,ITAV,NDRG1
naive_bayes,2,0.75993180183,0.0166064980904,0.649375,0.019555609809,0.846666666667,0.689498575499,-1.0,0.791666666667,0.6875,0.904761904762,0.703703703704,-1.0,PGK1,NDRG1
naive_bayes,3,0.756597207801,0.0101931571424,0.6378125,0.0198111198257,0.857142857143,0.677339194139,-1.0,0.765957446809,0.65625,0.857142857143,0.692307692308,-1.0,CYTB,COL6A1,LKHA4
naive_bayes,3,0.756749844249,0.00994329617661,0.638125,0.019354828209,0.857142857143,0.677575091575,-1.0,0.765957446809,0.65625,0.857142857143,0.692307692308,-1.0,CYTB,COL6A1,ITAV
naive_bayes,3,0.769309898242,0.00789587895962,0.6625,0.0146575492494,0.857142857143,0.697915384615,-1.0,0.782608695652,0.6875,0.857142857143,0.72,-1.0,CYTB,COL6A1,PGK1
naive_bayes,3,0.730458834413,0.0146983519934,0.605,0.0214330352494,0.815714285714,0.66156951567,-1.0,0.765957446809,0.65625,0.857142857143,0.692307692308,-1.0,CYTB,COL6A1,NDRG1
naive_bayes,3,0.755445496422,0.00849958961732,0.635625,0.0166653645325,0.857142857143,0.675441758242,-1.0,0.75,0.625,0.857142857143,0.666666666667,-1.0,CYTB,LKHA4,ITAV
naive_bayes,3,0.766637372803,0.00461154508795,0.6575,0.00875,0.857142857143,0.693456410256,-1.0,0.765957446809,0.65625,0.857142857143,0.692307692308,-1.0,CYTB,LKHA4,PGK1
naive_bayes,3,0.726985558639,0.0109464239825,0.599375,0.0161656464455,0.812857142857,0.657677207977,-1.0,0.75,0.625,0.857142857143,0.666666666667,-1.0,CYTB,LKHA4,NDRG1
naive_bayes,3,0.766137835338,0.00365762009961,0.6565625,0.0069807212199,0.857142857143,0.692625641026,-1.0,0.765957446809,0.65625,0.857142857143,0.692307692308,-1.0,CYTB,ITAV,PGK1
naive_bayes,3,0.733747133687,0.0133176005495,0.61,0.0195056081679,0.819047619048,0.664832447665,-1.0,0.75,0.625,0.857142857143,0.666666666667,-1.0,CYTB,ITAV,NDRG1
naive_bayes,3,0.767727078836,0.0180851589442,0.65875,0.022395591084,0.860476190476,0.693245156695,-1.0,0.791666666667,0.6875,0.904761904762,0.703703703704,-1.0,CYTB,PGK1,NDRG1
naive_bayes,3,0.781102197826,0.0158820249603,0.6709375,0.0255620415607,0.894285714286,0.693590958977,-1.0,0.808510638298,0.71875,0.904761904762,0.730769230769,-1.0,COL6A1,LKHA4,ITAV
naive_bayes,3,0.76846253469,0.00643100462062,0.6609375,0.012001790231,0.857142857143,0.696484615385,-1.0,0.782608695652,0.6875,0.857142857143,0.72,-1.0,COL6A1,LKHA4,PGK1
naive_bayes,3,0.76291769557,0.0164292215715,0.649375,0.02745023907,0.859047619048,0.686428856329,-1.0,0.791666666667,0.6875,0.904761904762,0.703703703704,-1.0,COL6A1,LKHA4,NDRG1
naive_bayes,3,0.768288621647,0.00577776740633,0.660625,0.0108433447331,0.857142857143,0.696184615385,-1.0,0.782608695652,0.6875,0.857142857143,0.72,-1.0,COL6A1,ITAV,PGK1
naive_bayes,3,0.743580044341,0.0175402296951,0.6271875,0.0258658649333,0.82380952381,0.677934543717,-1.0,0.791666666667,0.6875,0.904761904762,0.703703703704,-1.0,COL6A1,ITAV,NDRG1
naive_bayes,3,0.743211840888,0.0108827612961,0.63125,0.0146575492494,0.813333333333,0.684353846154,-1.0,0.782608695652,0.6875,0.857142857143,0.72,-1.0,COL6A1,PGK1,NDRG1
naive_bayes,3,0.766790009251,0.00362905554966,0.6578125,0.00681077959928,0.857142857143,0.693692307692,-1.0,0.765957446809,0.65625,0.857142857143,0.692307692308,-1.0,LKHA4,ITAV,PGK1
naive_bayes,3,0.755359491715,0.0160570916709,0.6371875,0.0233414699355,0.85380952381,0.677646825397,-1.0,0.775510204082,0.65625,0.904761904762,0.678571428571,-1.0,LKHA4,ITAV,NDRG1
naive_bayes,3,0.743983759893,0.0122201111713,0.6309375,0.0144529138498,0.817619047619,0.682628205128,-1.0,0.765957446809,0.65625,0.857142857143,0.692307692308,-1.0,LKHA4,PGK1,NDRG1
naive_bayes,3,0.75917076407,0.01329890118,0.64875,0.0153856670314,0.844285714286,0.689803957637,-1.0,0.765957446809,0.65625,0.857142857143,0.692307692308,-1.0,ITAV,PGK1,NDRG1
naive_bayes,4,0.757235505673,0.0102594671059,0.6390625,0.0199486645856,0.857142857143,0.678364835165,-1.0,0.765957446809,0.65625,0.857142857143,0.692307692308,-1.0,CYTB,COL6A1,LKHA4,ITAV
naive_bayes,4,0.769476410731,0.00799833538653,0.6628125,0.0148527932979,0.857142857143,0.698192307692,-1.0,0.782608695652,0.6875,0.857142857143,0.72,-1.0,CYTB,COL6A1,LKHA4,PGK1
naive_bayes,4,0.731046716004,0.0133092659926,0.6071875,0.0213119501395,0.813333333333,0.664110541311,-1.0,0.765957446809,0.65625,0.857142857143,0.692307692308,-1.0,CYTB,COL6A1,LKHA4,NDRG1
naive_bayes,4,0.768143385754,0.00692443202182,0.6603125,0.0130016525392,0.857142857143,0.695971794872,-1.0,0.782608695652,0.6875,0.857142857143,0.72,-1.0,CYTB,COL6A1,ITAV,PGK1
naive_bayes,4,0.740916342721,0.0172492637993,0.619375,0.0251479994234,0.829523809524,0.669753408186,-1.0,0.765957446809,0.65625,0.857142857143,0.692307692308,-1.0,CYTB,COL6A1,ITAV,NDRG1
naive_bayes,4,0.758402933124,0.0195806612113,0.6496875,0.0258809624773,0.838571428571,0.692504552211,-1.0,0.782608695652,0.6875,0.857142857143,0.72,-1.0,CYTB,COL6A1,PGK1,NDRG1
naive_bayes,4,0.766470860315,0.00432347234841,0.6571875,0.00821464964256,0.857142857143,0.693179487179,-1.0,0.765957446809,0.65625,0.857142857143,0.692307692308,-1.0,CYTB,LKHA4,ITAV,PGK1
naive_bayes,4,0.747625357008,0.0161539749576,0.626875,0.0233100702487,0.842380952381,0.672321356904,-1.0,0.75,0.625,0.857142857143,0.666666666667,-1.0,CYTB,LKHA4,ITAV,NDRG1
naive_bayes,4,0.758384726077,0.014686430747,0.6478125,0.0181438479587,0.842857142857,0.689462820513,-1.0,0.765957446809,0.65625,0.857142857143,0.692307692308,-1.0,CYTB,LKHA4,PGK1,NDRG1
naive_bayes,4,0.760756732449,0.0112397717505,0.6503125,0.0137606492852,0.847619047619,0.690167806268,-1.0,0.765957446809,0.65625,0.857142857143,0.692307692308,-1.0,CYTB,ITAV,PGK1,NDRG1
naive_bayes,4,0.768455134135,0.00594568509314,0.6609375,0.0111584819196,0.857142857143,0.696461538462,-1.0,0.782608695652,0.6875,0.857142857143,0.72,-1.0,COL6A1,LKHA4,ITAV,PGK1
naive_bayes,4,0.763594086307,0.0237263233034,0.650625,0.0334769043521,0.860476190476,0.686725014294,-1.0,0.808510638298,0.71875,0.904761904762,0.730769230769,-1.0,COL6A1,LKHA4,ITAV,NDRG1
naive_bayes,4,0.754289920481,0.0157952387619,0.644375,0.0201459518266,0.832380952381,0.689836176143,-1.0,0.782608695652,0.6875,0.857142857143,0.72,-1.0,COL6A1,LKHA4,PGK1,NDRG1
naive_bayes,4,0.761389865351,0.0125485421187,0.6525,0.0161051234084,0.845238095238,0.692858974359,-1.0,0.782608695652,0.6875,0.857142857143,0.72,-1.0,COL6A1,ITAV,PGK1,NDRG1
naive_bayes,4,0.760883544044,0.0113435062945,0.6509375,0.014013804578,0.846666666667,0.690997435897,-1.0,0.765957446809,0.65625,0.857142857143,0.692307692308,-1.0,LKHA4,ITAV,PGK1,NDRG1
naive_bayes,5,0.768476410731,0.00720598295981,0.6609375,0.0135316469341,0.857142857143,0.696525641026,-1.0,0.782608695652,0.6875,0.857142857143,0.72,-1.0,CYTB,COL6A1,LKHA4,ITAV,PGK1
naive_bayes,5,0.749468609141,0.0161835013087,0.63,0.0244948974278,0.843333333333,0.674732895366,-1.0,0.765957446809,0.65625,0.857142857143,0.692307692308,-1.0,CYTB,COL6A1,LKHA4,ITAV,NDRG1
naive_bayes,5,0.762154925761,0.0137492153111,0.6540625,0.0193926331051,0.844761904762,0.694480044593,-1.0,0.782608695652,0.6875,0.857142857143,0.72,-1.0,CYTB,COL6A1,LKHA4,PGK1,NDRG1
naive_bayes,5,0.763245246171,0.012016520505,0.654375,0.017013321986,0.849047619048,0.693338461538,-1.0,0.782608695652,0.6875,0.857142857143,0.72,-1.0,CYTB,COL6A1,ITAV,PGK1,NDRG1
naive_bayes,5,0.761905745709,0.0103494790198,0.651875,0.0132729753635,0.849047619048,0.6911,-1.0,0.765957446809,0.65625,0.857142857143,0.692307692308,-1.0,CYTB,LKHA4,ITAV,PGK1,NDRG1
naive_bayes,5,0.763182444239,0.0115024792695,0.6546875,0.0155466787048,0.848095238095,0.693871794872,-1.0,0.782608695652,0.6875,0.857142857143,0.72,-1.0,COL6A1,LKHA4,ITAV,PGK1,NDRG1
naive_bayes,6,0.763844279988,0.0116939380084,0.6553125,0.0168025063235,0.849523809524,0.694021794872,-1.0,0.782608695652,0.6875,0.857142857143,0.72,-1.0,CYTB,COL6A1,LKHA4,ITAV,PGK1,NDRG1
classifier, n, f1, f1 sd, acc, acc sd, recall, precision, auc_cv_mean, f1_independent, acc_independent, recall_independent, precision_independent, auc_independent, signature
perceptron,1,0.801546341422,0.0276008166048,0.7228125,0.034981859138,0.855238095238,0.75646544469,-1.0,0.0,0.34375,0.0,0.0,-1.0,CYTB
perceptron,1,0.726140731445,0.0413046585723,0.616875,0.0473146053032,0.779047619048,0.682934697458,-1.0,0.0,0.34375,0.0,0.0,-1.0,COL6A1
perceptron,1,0.806033461326,0.0189472980462,0.72375,0.0278528499439,0.874761904762,0.748289246181,-1.0,0.58064516129,0.59375,0.428571428571,0.9,-1.0,LKHA4
perceptron,1,0.79447091728,0.0209567814482,0.7103125,0.0285916153575,0.85380952381,0.743790765676,-1.0,0.0,0.34375,0.0,0.0,-1.0,ITAV
perceptron,1,0.7828842281,0.027534443486,0.6965625,0.0340309486901,0.835714285714,0.737148488388,-1.0,0.0,0.34375,0.0,0.0,-1.0,PGK1
perceptron,1,0.709817733039,0.0452392968972,0.5609375,0.0531020170874,0.825238095238,0.624495221718,-1.0,0.727272727273,0.625,0.761904761905,0.695652173913,-1.0,NDRG1
perceptron,2,0.76394156539,0.0354942623352,0.673125,0.0453760330461,0.808571428571,0.726589294285,-1.0,0.844444444444,0.78125,0.904761904762,0.791666666667,-1.0,CYTB,COL6A1
perceptron,2,0.807127968611,0.0237739779186,0.7334375,0.0362971137799,0.848571428571,0.77065598926,-1.0,0.0,0.34375,0.0,0.0,-1.0,CYTB,LKHA4
perceptron,2,0.804178025745,0.0260598757849,0.734375,0.0352169614675,0.831428571429,0.780254600574,-1.0,0.0,0.34375,0.0,0.0,-1.0,CYTB,ITAV
perceptron,2,0.762675110743,0.0302024861816,0.670625,0.0388858505758,0.808095238095,0.723264104173,-1.0,0.0,0.34375,0.0,0.0,-1.0,CYTB,PGK1
perceptron,2,0.742877933464,0.0414964434417,0.63375,0.0484284265695,0.811428571429,0.686698426259,-1.0,0.789473684211,0.75,0.714285714286,0.882352941176,-1.0,CYTB,NDRG1
perceptron,2,0.777678052043,0.0343656918584,0.6796875,0.048688863909,0.854761904762,0.715079953122,-1.0,0.702702702703,0.65625,0.619047619048,0.8125,-1.0,COL6A1,LKHA4
perceptron,2,0.753028140786,0.0398189021733,0.643125,0.0472237029997,0.834761904762,0.688516251908,-1.0,0.0869565217391,0.34375,0.047619047619,0.5,-1.0,COL6A1,ITAV
perceptron,2,0.744971658026,0.0495668851098,0.63875,0.0571661503864,0.811904761905,0.691239240431,-1.0,0.818181818182,0.75,0.857142857143,0.782608695652,-1.0,COL6A1,PGK1
perceptron,2,0.678264060296,0.0625946087406,0.5546875,0.0670783997927,0.72380952381,0.641281302263,-1.0,0.470588235294,0.4375,0.380952380952,0.615384615385,-1.0,COL6A1,NDRG1
perceptron,2,0.79047918137,0.032760539543,0.70375,0.0431838366753,0.853333333333,0.738147665827,-1.0,0.818181818182,0.75,0.857142857143,0.782608695652,-1.0,LKHA4,ITAV
perceptron,2,0.751734708319,0.0412841960733,0.6615625,0.0513594486804,0.78380952381,0.724529966372,-1.0,0.0909090909091,0.375,0.047619047619,1.0,-1.0,LKHA4,PGK1
perceptron,2,0.727765171691,0.0553307708429,0.6134375,0.0665346185737,0.794285714286,0.673830492173,-1.0,0.807692307692,0.6875,1.0,0.677419354839,-1.0,LKHA4,NDRG1
perceptron,2,0.760662631629,0.0330965796893,0.661875,0.042934361239,0.820952380952,0.710211756766,-1.0,0.0,0.34375,0.0,0.0,-1.0,ITAV,PGK1
perceptron,2,0.708907617932,0.0530490851054,0.5865625,0.0610543750992,0.77380952381,0.655798956857,-1.0,0.761904761905,0.6875,0.761904761905,0.761904761905,-1.0,ITAV,NDRG1
perceptron,2,0.733284082269,0.0469801004167,0.625625,0.0543031134006,0.79,0.68628482223,-1.0,0.761904761905,0.6875,0.761904761905,0.761904761905,-1.0,PGK1,NDRG1
perceptron,3,0.77028474696,0.0272417252823,0.6759375,0.0376701867363,0.828571428571,0.720782001332,-1.0,0.58064516129,0.59375,0.428571428571,0.9,-1.0,CYTB,COL6A1,LKHA4
perceptron,3,0.758655927748,0.0315799389218,0.6571875,0.0424942551264,0.822857142857,0.705600414176,-1.0,0.808510638298,0.71875,0.904761904762,0.730769230769,-1.0,CYTB,COL6A1,ITAV
perceptron,3,0.755086051594,0.035177638578,0.6496875,0.0459906155509,0.825238095238,0.697544999284,-1.0,0.153846153846,0.3125,0.0952380952381,0.4,-1.0,CYTB,COL6A1,PGK1
perceptron,3,0.701642333685,0.0555942483784,0.5875,0.0638907759383,0.745714285714,0.664929386022,-1.0,0.744186046512,0.65625,0.761904761905,0.727272727273,-1.0,CYTB,COL6A1,NDRG1
perceptron,3,0.797183190968,0.0277732698833,0.7175,0.0416739576954,0.844761904762,0.755851643284,-1.0,0.0,0.34375,0.0,0.0,-1.0,CYTB,LKHA4,ITAV
perceptron,3,0.762386878077,0.0439108760024,0.67,0.0527227417724,0.811428571429,0.721122938575,-1.0,0.0,0.34375,0.0,0.0,-1.0,CYTB,LKHA4,PGK1
perceptron,3,0.732495831989,0.0433327399359,0.625625,0.0511546368866,0.785238095238,0.688081006653,-1.0,0.484848484848,0.46875,0.380952380952,0.666666666667,-1.0,CYTB,LKHA4,NDRG1
perceptron,3,0.767492202337,0.0251741159476,0.6796875,0.0331824384087,0.806666666667,0.733576911679,-1.0,0.0,0.34375,0.0,0.0,-1.0,CYTB,ITAV,PGK1
perceptron,3,0.714057435861,0.0443141515887,0.601875,0.0535132869015,0.761428571429,0.674306093373,-1.0,0.166666666667,0.375,0.0952380952381,0.666666666667,-1.0,CYTB,ITAV,NDRG1
perceptron,3,0.724474071566,0.0512239603669,0.6153125,0.0547891911671,0.778571428571,0.679863214943,-1.0,0.722222222222,0.6875,0.619047619048,0.866666666667,-1.0,CYTB,PGK1,NDRG1
perceptron,3,0.757991138033,0.0354090679645,0.650625,0.0455821716793,0.836666666667,0.694484609588,-1.0,0.375,0.375,0.285714285714,0.545454545455,-1.0,COL6A1,LKHA4,ITAV
perceptron,3,0.749072097079,0.0429284967837,0.644375,0.0535424772961,0.812857142857,0.696369442821,-1.0,0.736842105263,0.6875,0.666666666667,0.823529411765,-1.0,COL6A1,LKHA4,PGK1
perceptron,3,0.731802815411,0.0483624774167,0.613125,0.0589259333825,0.81,0.669091536078,-1.0,0.789473684211,0.75,0.714285714286,0.882352941176,-1.0,COL6A1,LKHA4,NDRG1
perceptron,3,0.755022927394,0.0485973459588,0.6521875,0.0585727045538,0.822380952381,0.700167308126,-1.0,0.0,0.3125,0.0,0.0,-1.0,COL6A1,ITAV,PGK1
perceptron,3,0.726823472422,0.0477885184252,0.6040625,0.0569496419545,0.809047619048,0.662092189523,-1.0,0.772727272727,0.6875,0.809523809524,0.739130434783,-1.0,COL6A1,ITAV,NDRG1
perceptron,3,0.737920540345,0.0568176995564,0.6303125,0.0614052560352,0.804285714286,0.684809071436,-1.0,0.322580645161,0.34375,0.238095238095,0.5,-1.0,COL6A1,PGK1,NDRG1
perceptron,3,0.743928760604,0.0399762653902,0.645625,0.0468166303251,0.788571428571,0.706595057011,-1.0,0.166666666667,0.375,0.0952380952381,0.666666666667,-1.0,LKHA4,ITAV,PGK1
perceptron,3,0.721516824481,0.0512448670355,0.6,0.0610775633928,0.79619047619,0.661555915006,-1.0,0.790697674419,0.71875,0.809523809524,0.772727272727,-1.0,LKHA4,ITAV,NDRG1
perceptron,3,0.71386390438,0.0537887227765,0.6040625,0.0612460139009,0.759523809524,0.675684380082,-1.0,0.756756756757,0.71875,0.666666666667,0.875,-1.0,LKHA4,PGK1,NDRG1
perceptron,3,0.71852373448,0.049795119867,0.60625,0.0564233440165,0.772380952381,0.673775275932,-1.0,0.829268292683,0.78125,0.809523809524,0.85,-1.0,ITAV,PGK1,NDRG1
perceptron,4,0.762756389449,0.0278999139946,0.6565625,0.0411017696547,0.841428571429,0.698540461712,-1.0,0.0,0.34375,0.0,0.0,-1.0,CYTB,COL6A1,LKHA4,ITAV
perceptron,4,0.754210825668,0.0346573147596,0.6503125,0.0452197326258,0.819523809524,0.699595458648,-1.0,0.08,0.28125,0.047619047619,0.25,-1.0,CYTB,COL6A1,LKHA4,PGK1
perceptron,4,0.747795560816,0.0363879062468,0.64,0.0472857007984,0.815714285714,0.691695276784,-1.0,0.8,0.75,0.761904761905,0.842105263158,-1.0,CYTB,COL6A1,LKHA4,NDRG1
perceptron,4,0.744907393545,0.0358795233295,0.6371875,0.0456923732011,0.81,0.690994197027,-1.0,0.0869565217391,0.34375,0.047619047619,0.5,-1.0,CYTB,COL6A1,ITAV,PGK1
perceptron,4,0.696692284159,0.0520817584546,0.5746875,0.0616971876891,0.749523809524,0.652822402205,-1.0,0.722222222222,0.6875,0.619047619048,0.866666666667,-1.0,CYTB,COL6A1,ITAV,NDRG1
perceptron,4,0.73321368052,0.0430746679944,0.6203125,0.0523612377504,0.799523809524,0.678458165875,-1.0,0.727272727273,0.625,0.761904761905,0.695652173913,-1.0,CYTB,COL6A1,PGK1,NDRG1
perceptron,4,0.750269385692,0.0343028225974,0.64875,0.0455264346287,0.805714285714,0.703362740095,-1.0,0.258064516129,0.28125,0.190476190476,0.4,-1.0,CYTB,LKHA4,ITAV,PGK1
perceptron,4,0.729752510476,0.0432678727809,0.6140625,0.053832603678,0.797619047619,0.674039949583,-1.0,0.375,0.375,0.285714285714,0.545454545455,-1.0,CYTB,LKHA4,ITAV,NDRG1
perceptron,4,0.737016004854,0.0370542205765,0.6253125,0.047700031119,0.802380952381,0.682402851094,-1.0,0.761904761905,0.6875,0.761904761905,0.761904761905,-1.0,CYTB,LKHA4,PGK1,NDRG1
perceptron,4,0.723830190443,0.0465041215692,0.611875,0.0541590539522,0.780476190476,0.676378359885,-1.0,0.0,0.34375,0.0,0.0,-1.0,CYTB,ITAV,PGK1,NDRG1
perceptron,4,0.740104125762,0.0372722758818,0.631875,0.0447606481745,0.802857142857,0.688708104939,-1.0,0.148148148148,0.28125,0.0952380952381,0.333333333333,-1.0,COL6A1,LKHA4,ITAV,PGK1
perceptron,4,0.713107417434,0.0504601418522,0.5859375,0.0593544372288,0.790952380952,0.651441868978,-1.0,0.744186046512,0.65625,0.761904761905,0.727272727273,-1.0,COL6A1,LKHA4,ITAV,NDRG1
perceptron,4,0.710892559882,0.0570723997839,0.594375,0.0635812718102,0.768571428571,0.663747402531,-1.0,0.363636363636,0.34375,0.285714285714,0.5,-1.0,COL6A1,LKHA4,PGK1,NDRG1
perceptron,4,0.732877320363,0.0419407926682,0.6190625,0.0464974377654,0.802380952381,0.676450951126,-1.0,0.790697674419,0.71875,0.809523809524,0.772727272727,-1.0,COL6A1,ITAV,PGK1,NDRG1
perceptron,4,0.71547407387,0.0525975150416,0.6009375,0.0607336333406,0.770952380952,0.669613748845,-1.0,0.761904761905,0.6875,0.761904761905,0.761904761905,-1.0,LKHA4,ITAV,PGK1,NDRG1
perceptron,5,0.74116164682,0.0333335617356,0.6271875,0.0426777075152,0.815714285714,0.680295818111,-1.0,0.285714285714,0.375,0.190476190476,0.571428571429,-1.0,CYTB,COL6A1,LKHA4,ITAV,PGK1
perceptron,5,0.736761508809,0.031924779936,0.6178125,0.0425860801055,0.816666666667,0.672215033648,-1.0,0.424242424242,0.40625,0.333333333333,0.583333333333,-1.0,CYTB,COL6A1,LKHA4,ITAV,NDRG1
perceptron,5,0.74181603885,0.039676921755,0.62875,0.050443346935,0.815714285714,0.681245935305,-1.0,0.761904761905,0.6875,0.761904761905,0.761904761905,-1.0,CYTB,COL6A1,LKHA4,PGK1,NDRG1
perceptron,5,0.729723537435,0.0399500811855,0.60875,0.0479012656409,0.809047619048,0.665894650944,-1.0,0.0909090909091,0.375,0.047619047619,1.0,-1.0,CYTB,COL6A1,ITAV,PGK1,NDRG1
perceptron,5,0.736695959194,0.0453131708144,0.623125,0.0558702458828,0.807142857143,0.678901631887,-1.0,0.722222222222,0.6875,0.619047619048,0.866666666667,-1.0,CYTB,LKHA4,ITAV,PGK1,NDRG1
perceptron,5,0.714749265427,0.0490641956973,0.595,0.0570977779778,0.779047619048,0.661811676488,-1.0,0.363636363636,0.34375,0.285714285714,0.5,-1.0,COL6A1,LKHA4,ITAV,PGK1,NDRG1
perceptron,6,0.737202539682,0.0309217947209,0.616875,0.0408933445074,0.820476190476,0.669972786231,-1.0,0.829268292683,0.78125,0.809523809524,0.85,-1.0,CYTB,COL6A1,LKHA4,ITAV,PGK1,NDRG1
