n, f1, acc, recall, precision, f1_independent, acc_independent, recall_independent, precision_independent, signature,,,,,,,,
1,0.85070163331,0.75962962963,0.973157894737,0.75561912546,0.904761904762,0.851851851852,1.0,0.826086956522,Pep8,,,,,,,,
2,0.841240018788,0.74962962963,0.942631578947,0.759541984733,0.883720930233,0.814814814815,1.0,0.791666666667,Pep8,Pep13,,,,,,,
4,0.839850560399,0.761851851852,0.887368421053,0.797163120567,0.926829268293,0.888888888889,1.0,0.863636363636,Pep3,Pep7,Pep10,Pep15,,,,,
3,0.838217187885,0.756666666667,0.895789473684,0.787598334105,0.904761904762,0.851851851852,1.0,0.826086956522,Pep3,Pep10,Pep15,,,,,,
2,0.837926202709,0.742962962963,0.944210526316,0.75314861461,0.904761904762,0.851851851852,1.0,0.826086956522,Pep8,Pep15,,,,,,,
4,0.837333333333,0.751481481481,0.908947368421,0.776179775281,0.926829268293,0.888888888889,1.0,0.863636363636,Pep3,Pep6,Pep10,Pep15,,,,,
4,0.836432999523,0.745925925926,0.923157894737,0.76460331299,0.926829268293,0.888888888889,1.0,0.863636363636,Pep3,Pep6,Pep8,Pep15,,,,,
2,0.836321303842,0.73962962963,0.945263157895,0.749895615866,0.883720930233,0.814814814815,1.0,0.791666666667,Pep6,Pep8,,,,,,,
4,0.834866828087,0.747407407407,0.907368421053,0.773094170404,0.9,0.851851851852,0.947368421053,0.857142857143,Pep3,Pep7,Pep12,Pep15,,,,,
3,0.834823529412,0.74,0.933684210526,0.754893617021,0.883720930233,0.814814814815,1.0,0.791666666667,Pep6,Pep8,Pep13,,,,,,
2,0.834542815675,0.746666666667,0.907894736842,0.772157564906,0.857142857143,0.777777777778,0.947368421053,0.782608695652,Pep3,Pep12,,,,,,,
5,0.834484401048,0.742592592593,0.922105263158,0.76207046542,0.926829268293,0.888888888889,1.0,0.863636363636,Pep3,Pep6,Pep8,Pep10,Pep15,,,,
3,0.833333333333,0.744444444444,0.907894736842,0.770089285714,0.878048780488,0.814814814815,0.947368421053,0.818181818182,Pep3,Pep12,Pep15,,,,,,
2,0.83329253366,0.747777777778,0.895789473684,0.778947368421,0.878048780488,0.814814814815,0.947368421053,0.818181818182,Pep3,Pep10,,,,,,,
1,0.833090024331,0.745925925926,0.901052631579,0.774660633484,0.857142857143,0.777777777778,0.947368421053,0.782608695652,Pep3,,,,,,,,
4,0.832802937576,0.747037037037,0.895263157895,0.778489702517,0.904761904762,0.851851851852,1.0,0.826086956522,Pep3,Pep8,Pep10,Pep15,,,,,
3,0.832397003745,0.734814814815,0.935789473684,0.74957841484,0.926829268293,0.888888888889,1.0,0.863636363636,Pep3,Pep6,Pep8,,,,,,
3,0.832355816227,0.745925925926,0.896315789474,0.776916058394,0.878048780488,0.814814814815,0.947368421053,0.818181818182,Pep3,Pep7,Pep15,,,,,,
2,0.832191780822,0.745925925926,0.895263157895,0.777422303473,0.829268292683,0.740740740741,0.894736842105,0.772727272727,Pep3,Pep7,,,,,,,
3,0.831351613686,0.742592592593,0.901578947368,0.77127420081,0.857142857143,0.777777777778,0.947368421053,0.782608695652,Pep3,Pep7,Pep12,,,,,,
3,0.830611747502,0.742592592593,0.896842105263,0.773490694507,0.904761904762,0.851851851852,1.0,0.826086956522,Pep3,Pep8,Pep15,,,,,,
3,0.830420406235,0.734074074074,0.925263157895,0.753213367609,0.857142857143,0.777777777778,0.947368421053,0.782608695652,Pep8,Pep9,Pep13,,,,,,
2,0.830280830281,0.742592592593,0.894736842105,0.774487471526,0.857142857143,0.777777777778,0.947368421053,0.782608695652,Pep3,Pep15,,,,,,,
4,0.82964763062,0.74037037037,0.898421052632,0.77065462754,0.904761904762,0.851851851852,1.0,0.826086956522,Pep3,Pep10,Pep12,Pep15,,,,,
3,0.829604130809,0.743333333333,0.887894736842,0.778495616059,0.857142857143,0.777777777778,0.947368421053,0.782608695652,Pep3,Pep7,Pep9,,,,,,
1,0.829268292683,0.740740740741,0.894736842105,0.772727272727,0.829268292683,0.740740740741,0.894736842105,0.772727272727,Pep12,,,,,,,,
2,0.82925682032,0.731111111111,0.927894736842,0.749574829932,0.837209302326,0.740740740741,0.947368421053,0.75,Pep6,Pep9,,,,,,,
4,0.828957055215,0.741851851852,0.888947368421,0.776551724138,0.904761904762,0.851851851852,1.0,0.826086956522,Pep3,Pep8,Pep9,Pep15,,,,,
2,0.828921568627,0.741481481481,0.89,0.775688073394,0.857142857143,0.777777777778,0.947368421053,0.782608695652,Pep3,Pep9,,,,,,,
2,0.828753680079,0.741481481481,0.888947368421,0.776194852941,0.829268292683,0.740740740741,0.894736842105,0.772727272727,Pep9,Pep12,,,,,,,
3,0.828550404709,0.741111111111,0.888947368421,0.7758383096,0.883720930233,0.814814814815,1.0,0.791666666667,Pep3,Pep9,Pep15,,,,,,
3,0.828268551237,0.73,0.925263157895,0.749680170576,0.837209302326,0.740740740741,0.947368421053,0.75,Pep6,Pep9,Pep10,,,,,,
3,0.828109696376,0.74,0.89,0.774267399267,0.883720930233,0.814814814815,1.0,0.791666666667,Pep3,Pep9,Pep12,,,,,,
5,0.827959635737,0.741111111111,0.885263157895,0.777623670828,0.926829268293,0.888888888889,1.0,0.863636363636,Pep3,Pep7,Pep8,Pep9,Pep15,,,,
3,0.82791360076,0.731481481481,0.917894736842,0.753999135322,0.883720930233,0.814814814815,1.0,0.791666666667,Pep8,Pep10,Pep13,,,,,,
4,0.827535879348,0.737407407407,0.895263157895,0.769335142469,0.9,0.851851851852,0.947368421053,0.857142857143,Pep3,Pep7,Pep8,Pep15,,,,,
5,0.827332843497,0.738888888889,0.888947368421,0.773705909299,0.926829268293,0.888888888889,1.0,0.863636363636,Pep3,Pep7,Pep10,Pep12,Pep15,,,,
3,0.827210239393,0.73,0.918421052632,0.752479517033,0.857142857143,0.777777777778,0.947368421053,0.782608695652,Pep8,Pep9,Pep10,,,,,,
2,0.826932195353,0.72962962963,0.917894736842,0.752372735116,0.878048780488,0.814814814815,0.947368421053,0.818181818182,Pep8,Pep9,,,,,,,
2,0.826810176125,0.737777777778,0.889473684211,0.77239488117,0.857142857143,0.777777777778,0.947368421053,0.782608695652,Pep3,Pep13,,,,,,,
4,0.826725403818,0.737777777778,0.888947368421,0.772644098811,0.904761904762,0.851851851852,1.0,0.826086956522,Pep3,Pep9,Pep12,Pep15,,,,,
4,0.826622453813,0.728888888889,0.918421052632,0.751507321275,0.857142857143,0.777777777778,0.947368421053,0.782608695652,Pep8,Pep9,Pep10,Pep13,,,,,
4,0.826588177582,0.738148148148,0.886842105263,0.774000918695,0.857142857143,0.777777777778,0.947368421053,0.782608695652,Pep3,Pep7,Pep9,Pep12,,,,,
4,0.826523122094,0.737407407407,0.888947368421,0.772290809328,0.926829268293,0.888888888889,1.0,0.863636363636,Pep3,Pep9,Pep10,Pep15,,,,,
5,0.826429980276,0.739259259259,0.882105263158,0.777365491651,0.926829268293,0.888888888889,1.0,0.863636363636,Pep3,Pep7,Pep9,Pep10,Pep15,,,,
5,0.826034357609,0.733703703704,0.898421052632,0.764442454098,0.926829268293,0.888888888889,1.0,0.863636363636,Pep3,Pep6,Pep7,Pep8,Pep15,,,,
1,0.825575928538,0.725185185185,0.924210526316,0.745964316058,0.837209302326,0.740740740741,0.947368421053,0.75,Pep15,,,,,,,,
2,0.82521759586,0.724814814815,0.923157894737,0.746065504041,0.883720930233,0.814814814815,1.0,0.791666666667,Pep8,Pep10,,,,,,,
4,0.825209256524,0.737037037037,0.882105263158,0.775208140611,0.926829268293,0.888888888889,1.0,0.863636363636,Pep3,Pep7,Pep9,Pep15,,,,,
4,0.824507242935,0.726296296296,0.913684210526,0.751189961056,0.9,0.851851851852,0.947368421053,0.857142857143,Pep3,Pep6,Pep8,Pep10,,,,,
3,0.823640216623,0.722592592593,0.920526315789,0.745206646783,0.878048780488,0.814814814815,0.947368421053,0.818181818182,Pep6,Pep8,Pep12,,,,,,
2,0.823613425375,0.725555555556,0.910526315789,0.751847023033,0.837209302326,0.740740740741,0.947368421053,0.75,Pep7,Pep9,,,,,,,
2,0.823472356935,0.73037037037,0.893684210526,0.763489208633,0.829268292683,0.740740740741,0.894736842105,0.772727272727,Pep7,Pep12,,,,,,,
5,0.823414634146,0.731851851852,0.888421052632,0.767272727273,0.926829268293,0.888888888889,1.0,0.863636363636,Pep3,Pep9,Pep10,Pep12,Pep15,,,,
5,0.823270593987,0.732222222222,0.886315789474,0.768598813327,0.926829268293,0.888888888889,1.0,0.863636363636,Pep3,Pep6,Pep7,Pep10,Pep15,,,,
3,0.822926829268,0.731111111111,0.887894736842,0.766818181818,0.829268292683,0.740740740741,0.894736842105,0.772727272727,Pep7,Pep9,Pep12,,,,,,
3,0.822728339986,0.72037037037,0.922105263158,0.742687579483,0.883720930233,0.814814814815,1.0,0.791666666667,Pep6,Pep8,Pep15,,,,,,
3,0.822607456661,0.723333333333,0.911578947368,0.749459108611,0.883720930233,0.814814814815,1.0,0.791666666667,Pep6,Pep7,Pep8,,,,,,
6,0.822576687117,0.732222222222,0.882105263158,0.770574712644,0.926829268293,0.888888888889,1.0,0.863636363636,Pep3,Pep7,Pep9,Pep10,Pep12,Pep15,,,
3,0.822447535959,0.721111111111,0.917894736842,0.744980777446,0.857142857143,0.777777777778,0.947368421053,0.782608695652,Pep3,Pep6,Pep12,,,,,,
2,0.822274881517,0.722222222222,0.913157894737,0.747844827586,0.857142857143,0.777777777778,0.947368421053,0.782608695652,Pep7,Pep8,,,,,,,
6,0.821864324061,0.72962962963,0.886315789474,0.766151046406,0.926829268293,0.888888888889,1.0,0.863636363636,Pep3,Pep6,Pep7,Pep8,Pep9,Pep15,,,
5,0.821731748727,0.727777777778,0.891578947368,0.762033288349,0.926829268293,0.888888888889,1.0,0.863636363636,Pep3,Pep7,Pep8,Pep10,Pep15,,,,
3,0.821368948247,0.722592592593,0.906315789474,0.750981247274,0.85,0.777777777778,0.894736842105,0.809523809524,Pep3,Pep6,Pep7,,,,,,
1,0.821018815971,0.711111111111,0.941578947368,0.727827502034,0.837209302326,0.740740740741,0.947368421053,0.75,Pep9,,,,,,,,
3,0.82086381874,0.718888888889,0.915263157895,0.744116388532,0.904761904762,0.851851851852,1.0,0.826086956522,Pep8,Pep12,Pep15,,,,,,
2,0.820738566887,0.728518518519,0.883157894737,0.766560073093,0.829268292683,0.740740740741,0.894736842105,0.772727272727,Pep10,Pep12,,,,,,,
5,0.820671588473,0.721111111111,0.906842105263,0.749456285341,0.9,0.851851851852,0.947368421053,0.857142857143,Pep3,Pep7,Pep8,Pep12,Pep15,,,,
4,0.820647002854,0.720740740741,0.907894736842,0.748697916667,0.926829268293,0.888888888889,1.0,0.863636363636,Pep3,Pep8,Pep12,Pep15,,,,,
4,0.820634169427,0.719259259259,0.912631578947,0.745485812554,0.878048780488,0.814814814815,0.947368421053,0.818181818182,Pep3,Pep6,Pep7,Pep12,,,,,
4,0.820439350525,0.721481481481,0.904210526316,0.750874125874,0.857142857143,0.777777777778,0.947368421053,0.782608695652,Pep7,Pep8,Pep9,Pep10,,,,,
3,0.820073439412,0.727777777778,0.881578947368,0.766590389016,0.878048780488,0.814814814815,0.947368421053,0.818181818182,Pep3,Pep12,Pep13,,,,,,
4,0.819648446906,0.722592592593,0.895789473684,0.755437194851,0.9,0.851851851852,0.947368421053,0.857142857143,Pep3,Pep6,Pep7,Pep15,,,,,
3,0.819563152896,0.718518518519,0.908421052632,0.746539792388,0.857142857143,0.777777777778,0.947368421053,0.782608695652,Pep3,Pep10,Pep12,,,,,,
3,0.819547079857,0.71962962963,0.904736842105,0.749019607843,0.9,0.851851851852,0.947368421053,0.857142857143,Pep3,Pep6,Pep10,,,,,,
3,0.819530876017,0.720740740741,0.901052631579,0.75153643547,0.878048780488,0.814814814815,0.947368421053,0.818181818182,Pep3,Pep6,Pep15,,,,,,
2,0.819328731254,0.718888888889,0.905789473684,0.747935680139,0.85,0.777777777778,0.894736842105,0.809523809524,Pep3,Pep6,,,,,,,
2,0.819106171672,0.716666666667,0.911578947368,0.74366680979,0.837209302326,0.740740740741,0.947368421053,0.75,Pep8,Pep12,,,,,,,
3,0.819029404733,0.71962962963,0.901578947368,0.750328515112,0.857142857143,0.777777777778,0.947368421053,0.782608695652,Pep7,Pep8,Pep9,,,,,,
4,0.818957345972,0.717037037037,0.909473684211,0.744827586207,0.878048780488,0.814814814815,0.947368421053,0.818181818182,Pep3,Pep8,Pep10,Pep12,,,,,
3,0.818893899834,0.717407407407,0.907894736842,0.745784695201,0.857142857143,0.777777777778,0.947368421053,0.782608695652,Pep3,Pep8,Pep12,,,,,,
3,0.818657782009,0.717777777778,0.905263157895,0.747176368375,0.883720930233,0.814814814815,1.0,0.791666666667,Pep7,Pep8,Pep10,,,,,,
4,0.81824695486,0.718148148148,0.901578947368,0.7490161784,0.883720930233,0.814814814815,1.0,0.791666666667,Pep6,Pep7,Pep8,Pep13,,,,,
3,0.818181818182,0.727407407407,0.871578947368,0.77094972067,0.878048780488,0.814814814815,0.947368421053,0.818181818182,Pep3,Pep7,Pep13,,,,,,
3,0.817901965427,0.715185185185,0.908947368421,0.743435213087,0.837209302326,0.740740740741,0.947368421053,0.75,Pep8,Pep10,Pep12,,,,,,
2,0.817504207742,0.718888888889,0.894736842105,0.752545374059,0.829268292683,0.740740740741,0.894736842105,0.772727272727,Pep3,Pep8,,,,,,,
3,0.817458403665,0.71962962963,0.892105263158,0.754339118825,0.878048780488,0.814814814815,0.947368421053,0.818181818182,Pep3,Pep7,Pep10,,,,,,
5,0.817325800377,0.712592592593,0.913684210526,0.739352640545,0.926829268293,0.888888888889,1.0,0.863636363636,Pep3,Pep6,Pep8,Pep12,Pep15,,,,
5,0.81732397774,0.72037037037,0.888947368421,0.756381549485,0.926829268293,0.888888888889,1.0,0.863636363636,Pep3,Pep6,Pep8,Pep9,Pep15,,,,
5,0.81732397774,0.72037037037,0.888947368421,0.756381549485,0.926829268293,0.888888888889,1.0,0.863636363636,Pep3,Pep8,Pep9,Pep12,Pep15,,,,
3,0.817111271329,0.718148148148,0.894736842105,0.751879699248,0.878048780488,0.814814814815,0.947368421053,0.818181818182,Pep3,Pep8,Pep10,,,,,,
4,0.816977428852,0.723703703704,0.876315789474,0.765165441176,0.878048780488,0.814814814815,0.947368421053,0.818181818182,Pep3,Pep12,Pep13,Pep15,,,,,
3,0.816712834718,0.705925925926,0.931052631579,0.727384868421,0.857142857143,0.777777777778,0.947368421053,0.782608695652,Pep6,Pep8,Pep9,,,,,,
5,0.816666666667,0.714814814815,0.902631578947,0.745652173913,0.926829268293,0.888888888889,1.0,0.863636363636,Pep3,Pep8,Pep10,Pep12,Pep15,,,,
4,0.816607354686,0.713703703704,0.905789473684,0.743412526998,0.878048780488,0.814814814815,0.947368421053,0.818181818182,Pep3,Pep7,Pep8,Pep12,,,,,
3,0.816587677725,0.713333333333,0.906842105263,0.742672413793,0.857142857143,0.777777777778,0.947368421053,0.782608695652,Pep7,Pep8,Pep12,,,,,,
4,0.816336166195,0.711851851852,0.91,0.740154109589,0.926829268293,0.888888888889,1.0,0.863636363636,Pep3,Pep6,Pep10,Pep12,,,,,
5,0.816132858837,0.712962962963,0.905263157895,0.742980561555,0.9,0.851851851852,0.947368421053,0.857142857143,Pep3,Pep6,Pep7,Pep12,Pep15,,,,
6,0.816105486226,0.710740740741,0.912105263158,0.738389433319,0.926829268293,0.888888888889,1.0,0.863636363636,Pep3,Pep6,Pep8,Pep10,Pep12,Pep15,,,
4,0.816094674556,0.712222222222,0.907368421053,0.741505376344,0.878048780488,0.814814814815,0.947368421053,0.818181818182,Pep3,Pep6,Pep12,Pep15,,,,,
3,0.815827338129,0.715555555556,0.895263157895,0.749339207048,0.857142857143,0.777777777778,0.947368421053,0.782608695652,Pep7,Pep8,Pep13,,,,,,
3,0.815487571702,0.714074074074,0.897894736842,0.746935201401,0.883720930233,0.814814814815,1.0,0.791666666667,Pep7,Pep8,Pep15,,,,,,
4,0.815432245773,0.712962962963,0.901052631579,0.744671596346,0.883720930233,0.814814814815,1.0,0.791666666667,Pep6,Pep8,Pep10,Pep13,,,,,
3,0.815112160567,0.71,0.908421052632,0.739186295503,0.883720930233,0.814814814815,1.0,0.791666666667,Pep6,Pep8,Pep10,,,,,,
4,0.815026153115,0.711851851852,0.902105263158,0.743278404163,0.904761904762,0.851851851852,1.0,0.826086956522,Pep7,Pep8,Pep12,Pep15,,,,,
6,0.815010825114,0.715185185185,0.891578947368,0.750553832521,0.926829268293,0.888888888889,1.0,0.863636363636,Pep3,Pep7,Pep8,Pep10,Pep12,Pep15,,,
4,0.81475978207,0.722962962963,0.865789473684,0.769410664172,0.878048780488,0.814814814815,0.947368421053,0.818181818182,Pep3,Pep7,Pep9,Pep13,,,,,
4,0.814657210402,0.70962962963,0.906842105263,0.739484978541,0.904761904762,0.851851851852,1.0,0.826086956522,Pep6,Pep8,Pep12,Pep15,,,,,
3,0.814377154111,0.720740740741,0.870526315789,0.765032377428,0.878048780488,0.814814814815,0.947368421053,0.818181818182,Pep3,Pep13,Pep15,,,,,,
3,0.814368370299,0.714814814815,0.888947368421,0.751334519573,0.857142857143,0.777777777778,0.947368421053,0.782608695652,Pep3,Pep8,Pep9,,,,,,
6,0.814333814334,0.714074074074,0.891052631579,0.749778565102,0.926829268293,0.888888888889,1.0,0.863636363636,Pep3,Pep6,Pep7,Pep8,Pep10,Pep15,,,
4,0.814299424184,0.713333333333,0.893157894737,0.74823633157,0.9,0.851851851852,0.947368421053,0.857142857143,Pep3,Pep7,Pep8,Pep10,,,,,
4,0.814194184327,0.720740740741,0.869473684211,0.765523632994,0.878048780488,0.814814814815,0.947368421053,0.818181818182,Pep3,Pep7,Pep12,Pep13,,,,,
4,0.814031715521,0.713333333333,0.891578947368,0.748894783378,0.883720930233,0.814814814815,1.0,0.791666666667,Pep7,Pep8,Pep10,Pep13,,,,,
4,0.813802686429,0.702222222222,0.924736842105,0.726633581472,0.857142857143,0.777777777778,0.947368421053,0.782608695652,Pep6,Pep8,Pep9,Pep13,,,,,
4,0.813779812093,0.713703703704,0.888947368421,0.750333185251,0.857142857143,0.777777777778,0.947368421053,0.782608695652,Pep7,Pep8,Pep9,Pep12,,,,,
3,0.813697318008,0.711851851852,0.894210526316,0.746485061511,0.878048780488,0.814814814815,0.947368421053,0.818181818182,Pep3,Pep8,Pep13,,,,,,
4,0.813673567646,0.713333333333,0.889473684211,0.749778172138,0.857142857143,0.777777777778,0.947368421053,0.782608695652,Pep3,Pep8,Pep9,Pep12,,,,,
3,0.813583815029,0.713333333333,0.888947368421,0.75,0.878048780488,0.814814814815,0.947368421053,0.818181818182,Pep8,Pep9,Pep15,,,,,,
6,0.813510253317,0.713703703704,0.887368421053,0.751002227171,0.926829268293,0.888888888889,1.0,0.863636363636,Pep3,Pep7,Pep8,Pep9,Pep12,Pep15,,,
4,0.813494891898,0.709259259259,0.901052631579,0.741446513642,0.904761904762,0.851851851852,1.0,0.826086956522,Pep8,Pep10,Pep12,Pep15,,,,,
2,0.813387912353,0.712962962963,0.888947368421,0.749667110519,0.809523809524,0.703703703704,0.894736842105,0.739130434783,Pep9,Pep15,,,,,,,
4,0.813371813372,0.712592592593,0.89,0.748892825509,0.926829268293,0.888888888889,1.0,0.863636363636,Pep3,Pep9,Pep10,Pep12,,,,,
4,0.813355753063,0.712222222222,0.891052631579,0.748121961997,0.857142857143,0.777777777778,0.947368421053,0.782608695652,Pep7,Pep8,Pep9,Pep13,,,,,
3,0.813333333333,0.70962962963,0.898947368421,0.742608695652,0.829268292683,0.740740740741,0.894736842105,0.772727272727,Pep3,Pep7,Pep8,,,,,,
5,0.813132559862,0.71962962963,0.866842105263,0.765690376569,0.878048780488,0.814814814815,0.947368421053,0.818181818182,Pep3,Pep7,Pep12,Pep13,Pep15,,,,
3,0.813086360356,0.712222222222,0.889473684211,0.748781568454,0.837209302326,0.740740740741,0.947368421053,0.75,Pep8,Pep9,Pep12,,,,,,
5,0.813050726363,0.709259259259,0.898421052632,0.742496737712,0.878048780488,0.814814814815,0.947368421053,0.818181818182,Pep3,Pep7,Pep8,Pep10,Pep12,,,,
2,0.813019719648,0.708518518519,0.900526315789,0.741013425725,0.809523809524,0.703703703704,0.894736842105,0.739130434783,Pep12,Pep15,,,,,,,
4,0.813012048193,0.712592592593,0.887894736842,0.749777777778,0.878048780488,0.814814814815,0.947368421053,0.818181818182,Pep3,Pep7,Pep9,Pep10,,,,,
5,0.812906332771,0.712222222222,0.888421052632,0.749223257878,0.926829268293,0.888888888889,1.0,0.863636363636,Pep3,Pep8,Pep9,Pep10,Pep15,,,,
5,0.812800769971,0.711851851852,0.888947368421,0.748670212766,0.904761904762,0.851851851852,1.0,0.826086956522,Pep3,Pep8,Pep9,Pep10,Pep12,,,,
4,0.812798471824,0.70962962963,0.895789473684,0.743881118881,0.926829268293,0.888888888889,1.0,0.863636363636,Pep3,Pep6,Pep8,Pep9,,,,,
4,0.812724228653,0.71,0.894210526316,0.744848750548,0.883720930233,0.814814814815,1.0,0.791666666667,Pep6,Pep7,Pep8,Pep15,,,,,
3,0.812648597242,0.708148148148,0.899473684211,0.741110147441,0.809523809524,0.703703703704,0.894736842105,0.739130434783,Pep7,Pep12,Pep15,,,,,,
2,0.812619502868,0.70962962963,0.894736842105,0.744308231173,0.829268292683,0.740740740741,0.894736842105,0.772727272727,Pep6,Pep12,,,,,,,
4,0.812574994,0.710740740741,0.891052631579,0.746801940891,0.883720930233,0.814814814815,1.0,0.791666666667,Pep7,Pep8,Pep10,Pep15,,,,,
4,0.812559467174,0.708148148148,0.898947368421,0.741319444444,0.857142857143,0.777777777778,0.947368421053,0.782608695652,Pep7,Pep8,Pep10,Pep12,,,,,
4,0.812515042118,0.711481481481,0.888421052632,0.748558758315,0.857142857143,0.777777777778,0.947368421053,0.782608695652,Pep7,Pep8,Pep9,Pep15,,,,,
5,0.812514813937,0.707037037037,0.902105263158,0.739111686072,0.926829268293,0.888888888889,1.0,0.863636363636,Pep3,Pep6,Pep10,Pep12,Pep15,,,,
3,0.8125,0.711111111111,0.889473684211,0.747787610619,0.878048780488,0.814814814815,0.947368421053,0.818181818182,Pep3,Pep9,Pep10,,,,,,
5,0.812455431424,0.707777777778,0.899473684211,0.740788903338,0.9,0.851851851852,0.947368421053,0.857142857143,Pep3,Pep8,Pep12,Pep13,Pep15,,,,
4,0.81240981241,0.711111111111,0.888947368421,0.748007085917,0.904761904762,0.851851851852,1.0,0.826086956522,Pep8,Pep9,Pep12,Pep15,,,,,
6,0.812319538017,0.711111111111,0.888421052632,0.748226950355,0.926829268293,0.888888888889,1.0,0.863636363636,Pep3,Pep8,Pep9,Pep10,Pep12,Pep15,,,
4,0.812291567413,0.708148148148,0.897368421053,0.741949521323,0.904761904762,0.851851851852,1.0,0.826086956522,Pep8,Pep12,Pep13,Pep15,,,,,
4,0.812141491396,0.708888888889,0.894210526316,0.743870402802,0.904761904762,0.851851851852,1.0,0.826086956522,Pep3,Pep7,Pep10,Pep12,,,,,
5,0.81210653753,0.712592592593,0.882631578947,0.75201793722,0.926829268293,0.888888888889,1.0,0.863636363636,Pep3,Pep6,Pep7,Pep9,Pep15,,,,
3,0.812033814023,0.72,0.859473684211,0.769557021678,0.878048780488,0.814814814815,0.947368421053,0.818181818182,Pep3,Pep9,Pep13,,,,,,
4,0.812033694344,0.710740740741,0.887894736842,0.748115299335,0.857142857143,0.777777777778,0.947368421053,0.782608695652,Pep8,Pep9,Pep10,Pep15,,,,,
4,0.812005583993,0.700740740741,0.918421052632,0.727689741451,0.926829268293,0.888888888889,1.0,0.863636363636,Pep3,Pep6,Pep7,Pep8,,,,,
7,0.81200096782,0.712222222222,0.883157894737,0.751455441111,0.926829268293,0.888888888889,1.0,0.863636363636,Pep3,Pep7,Pep8,Pep9,Pep10,Pep12,Pep15,,
5,0.811943173609,0.710740740741,0.887368421053,0.748335552597,0.878048780488,0.814814814815,0.947368421053,0.818181818182,Pep3,Pep7,Pep8,Pep9,Pep12,,,,
4,0.811925465839,0.71962962963,0.86,0.768941176471,0.9,0.851851851852,0.947368421053,0.857142857143,Pep3,Pep7,Pep13,Pep15,,,,,
5,0.811890606421,0.707037037037,0.898421052632,0.740563991323,0.904761904762,0.851851851852,1.0,0.826086956522,Pep6,Pep7,Pep8,Pep12,Pep15,,,,
3,0.811663479924,0.708148148148,0.893684210526,0.743432574431,0.878048780488,0.814814814815,0.947368421053,0.818181818182,Pep3,Pep6,Pep9,,,,,,
4,0.811643011787,0.71,0.887894736842,0.747452370403,0.857142857143,0.777777777778,0.947368421053,0.782608695652,Pep3,Pep7,Pep8,Pep9,,,,,
1,0.811434061975,0.709259259259,0.888947368421,0.746354396818,0.829268292683,0.740740740741,0.894736842105,0.772727272727,Pep7,,,,,,,,
6,0.811370754035,0.71,0.886315789474,0.748111950244,0.904761904762,0.851851851852,1.0,0.826086956522,Pep3,Pep7,Pep8,Pep9,Pep10,Pep12,,,
5,0.81135707411,0.70962962963,0.887368421053,0.747340425532,0.857142857143,0.777777777778,0.947368421053,0.782608695652,Pep7,Pep8,Pep9,Pep10,Pep15,,,,
4,0.811239193084,0.708888888889,0.888947368421,0.746024734982,0.9,0.851851851852,0.947368421053,0.857142857143,Pep3,Pep6,Pep7,Pep9,,,,,
3,0.811235420138,0.706296296296,0.896842105263,0.740547588005,0.9,0.851851851852,0.947368421053,0.857142857143,Pep3,Pep6,Pep13,,,,,,
3,0.8111988514,0.707777777778,0.892105263158,0.743747257569,0.883720930233,0.814814814815,1.0,0.791666666667,Pep8,Pep13,Pep15,,,,,,
4,0.811135109191,0.708518518519,0.889473684211,0.745478606087,0.9,0.851851851852,0.947368421053,0.857142857143,Pep3,Pep8,Pep9,Pep10,,,,,
5,0.811006517017,0.71,0.884210526316,0.74899687918,0.857142857143,0.777777777778,0.947368421053,0.782608695652,Pep7,Pep8,Pep9,Pep10,Pep12,,,,
3,0.810952380952,0.705925925926,0.896315789474,0.740434782609,0.904761904762,0.851851851852,1.0,0.826086956522,Pep8,Pep10,Pep15,,,,,,
3,0.81094049904,0.708148148148,0.889473684211,0.745149911817,0.809523809524,0.703703703704,0.894736842105,0.739130434783,Pep7,Pep10,Pep15,,,,,,
5,0.810758885687,0.708148148148,0.888421052632,0.745583038869,0.904761904762,0.851851851852,1.0,0.826086956522,Pep7,Pep8,Pep9,Pep12,Pep15,,,,
2,0.810591603053,0.705925925926,0.894210526316,0.74127399651,0.809523809524,0.703703703704,0.894736842105,0.739130434783,Pep6,Pep7,,,,,,,
2,0.810591603053,0.705925925926,0.894210526316,0.74127399651,0.809523809524,0.703703703704,0.894736842105,0.739130434783,Pep7,Pep15,,,,,,,
3,0.810576923077,0.708148148148,0.887368421053,0.746017699115,0.809523809524,0.703703703704,0.894736842105,0.739130434783,Pep7,Pep9,Pep15,,,,,,
4,0.810499654617,0.695185185185,0.926315789474,0.720425706099,0.926829268293,0.888888888889,1.0,0.863636363636,Pep3,Pep6,Pep8,Pep12,,,,,
3,0.810476190476,0.705185185185,0.895789473684,0.74,0.857142857143,0.777777777778,0.947368421053,0.782608695652,Pep8,Pep12,Pep13,,,,,,
3,0.810344827586,0.706666666667,0.890526315789,0.743409490334,0.829268292683,0.740740740741,0.894736842105,0.772727272727,Pep6,Pep10,Pep12,,,,,,
5,0.81027175268,0.718148148148,0.855263157895,0.769777356703,0.926829268293,0.888888888889,1.0,0.863636363636,Pep3,Pep7,Pep9,Pep13,Pep15,,,,
3,0.81020505484,0.705185185185,0.894210526316,0.740627724499,0.829268292683,0.740740740741,0.894736842105,0.772727272727,Pep6,Pep7,Pep12,,,,,,
5,0.81015719468,0.709259259259,0.881578947368,0.749440715884,0.904761904762,0.851851851852,1.0,0.826086956522,Pep3,Pep8,Pep9,Pep13,Pep15,,,,
6,0.810053165781,0.708888888889,0.882105263158,0.748882931189,0.926829268293,0.888888888889,1.0,0.863636363636,Pep3,Pep7,Pep8,Pep9,Pep10,Pep15,,,
5,0.81004784689,0.705925925926,0.891052631579,0.742543859649,0.904761904762,0.851851851852,1.0,0.826086956522,Pep7,Pep8,Pep10,Pep12,Pep15,,,,
5,0.809992793658,0.707037037037,0.887368421053,0.745028722934,0.9,0.851851851852,0.947368421053,0.857142857143,Pep3,Pep7,Pep8,Pep9,Pep10,,,,
4,0.809980806142,0.706666666667,0.888421052632,0.744268077601,0.809523809524,0.703703703704,0.894736842105,0.739130434783,Pep7,Pep9,Pep12,Pep15,,,,,
5,0.8099212974,0.704814814815,0.893684210526,0.740514609682,0.904761904762,0.851851851852,1.0,0.826086956522,Pep6,Pep8,Pep12,Pep13,Pep15,,,,
4,0.809913378248,0.707407407407,0.885789473684,0.746010638298,0.829268292683,0.740740740741,0.894736842105,0.772727272727,Pep6,Pep9,Pep10,Pep12,,,,,
6,0.809833694866,0.707777777778,0.884210526316,0.746998666074,0.904761904762,0.851851851852,1.0,0.826086956522,Pep7,Pep8,Pep9,Pep10,Pep12,Pep15,,,
1,0.809778812573,0.697407407407,0.915263157895,0.726096033403,0.837209302326,0.740740740741,0.947368421053,0.75,Pep6,,,,,,,,
4,0.80976310122,0.705555555556,0.890526315789,0.742430890742,0.883720930233,0.814814814815,1.0,0.791666666667,Pep3,Pep6,Pep9,Pep12,,,,,
4,0.809695224382,0.706296296296,0.887894736842,0.744155271284,0.829268292683,0.740740740741,0.894736842105,0.772727272727,Pep6,Pep7,Pep9,Pep12,,,,,
3,0.809683604986,0.705925925926,0.888947368421,0.743397887324,0.829268292683,0.740740740741,0.894736842105,0.772727272727,Pep6,Pep9,Pep12,,,,,,
4,0.809650180941,0.707777777778,0.883157894737,0.747438752784,0.857142857143,0.777777777778,0.947368421053,0.782608695652,Pep8,Pep9,Pep10,Pep12,,,,,
5,0.809638554217,0.707407407407,0.884210526316,0.746666666667,0.904761904762,0.851851851852,1.0,0.826086956522,Pep8,Pep9,Pep10,Pep12,Pep15,,,,
4,0.809571286142,0.717037037037,0.854736842105,0.768939393939,0.904761904762,0.851851851852,1.0,0.826086956522,Pep3,Pep9,Pep13,Pep15,,,,,
5,0.809535275704,0.707037037037,0.884736842105,0.746116289392,0.829268292683,0.740740740741,0.894736842105,0.772727272727,Pep6,Pep7,Pep9,Pep10,Pep12,,,,
3,0.809489575845,0.705555555556,0.888947368421,0.7430708315,0.809523809524,0.703703703704,0.894736842105,0.739130434783,Pep9,Pep12,Pep15,,,,,,
4,0.809489575845,0.705555555556,0.888947368421,0.7430708315,0.904761904762,0.851851851852,1.0,0.826086956522,Pep3,Pep6,Pep9,Pep15,,,,,
4,0.809489575845,0.705555555556,0.888947368421,0.7430708315,0.829268292683,0.740740740741,0.894736842105,0.772727272727,Pep6,Pep7,Pep10,Pep12,,,,,
5,0.809454896286,0.707407407407,0.883157894737,0.747105966162,0.904761904762,0.851851851852,1.0,0.826086956522,Pep3,Pep7,Pep9,Pep10,Pep12,,,,
5,0.809259705811,0.707037037037,0.883157894737,0.746773475745,0.926829268293,0.888888888889,1.0,0.863636363636,Pep3,Pep7,Pep9,Pep12,Pep15,,,,
4,0.80923743084,0.706296296296,0.885263157895,0.745237040319,0.857142857143,0.777777777778,0.947368421053,0.782608695652,Pep8,Pep9,Pep12,Pep13,,,,,
3,0.8092042186,0.705185185185,0.888421052632,0.742957746479,0.809523809524,0.703703703704,0.894736842105,0.739130434783,Pep6,Pep7,Pep10,,,,,,
4,0.809174745803,0.701111111111,0.900526315789,0.734650064405,0.878048780488,0.814814814815,0.947368421053,0.818181818182,Pep6,Pep8,Pep10,Pep12,,,,,
4,0.809021113244,0.705185185185,0.887368421053,0.743386243386,0.904761904762,0.851851851852,1.0,0.826086956522,Pep3,Pep8,Pep13,Pep15,,,,,
7,0.809021113244,0.705185185185,0.887368421053,0.743386243386,0.926829268293,0.888888888889,1.0,0.863636363636,Pep3,Pep6,Pep8,Pep9,Pep10,Pep12,Pep15,,
4,0.808983337358,0.707037037037,0.881578947368,0.747434181169,0.857142857143,0.777777777778,0.947368421053,0.782608695652,Pep8,Pep9,Pep13,Pep15,,,,,
4,0.808972845336,0.70037037037,0.901578947368,0.733618843683,0.904761904762,0.851851851852,1.0,0.826086956522,Pep6,Pep7,Pep8,Pep12,,,,,
5,0.808579335793,0.692592592593,0.922631578947,0.719622331691,0.926829268293,0.888888888889,1.0,0.863636363636,Pep3,Pep6,Pep8,Pep10,Pep12,,,,
6,0.808370561956,0.698148148148,0.904736842105,0.730556736082,0.926829268293,0.888888888889,1.0,0.863636363636,Pep3,Pep6,Pep7,Pep8,Pep12,Pep15,,,
2,0.808341608739,0.714074074074,0.856842105263,0.765037593985,0.829268292683,0.740740740741,0.894736842105,0.772727272727,Pep12,Pep13,,,,,,,
5,0.808267997149,0.701111111111,0.895263157895,0.736682546557,0.904761904762,0.851851851852,1.0,0.826086956522,Pep6,Pep8,Pep10,Pep12,Pep15,,,,
2,0.808215906377,0.702592592593,0.890526315789,0.739833843463,0.837209302326,0.740740740741,0.947368421053,0.75,Pep10,Pep15,,,,,,,
4,0.808184143223,0.694444444444,0.914736842105,0.723865056227,0.857142857143,0.777777777778,0.947368421053,0.782608695652,Pep6,Pep8,Pep9,Pep10,,,,,
4,0.808013355593,0.701851851852,0.891578947368,0.738770170083,0.878048780488,0.814814814815,0.947368421053,0.818181818182,Pep3,Pep8,Pep12,Pep13,,,,,
3,0.807950191571,0.702962962963,0.887894736842,0.741212653779,0.837209302326,0.740740740741,0.947368421053,0.75,Pep6,Pep7,Pep9,,,,,,
5,0.807710843373,0.704444444444,0.882105263158,0.744888888889,0.857142857143,0.777777777778,0.947368421053,0.782608695652,Pep7,Pep8,Pep9,Pep10,Pep13,,,,
4,0.8076831871,0.69962962963,0.896315789474,0.735002157963,0.883720930233,0.814814814815,1.0,0.791666666667,Pep6,Pep7,Pep8,Pep10,,,,,
5,0.807664670659,0.702592592593,0.887368421053,0.741098901099,0.883720930233,0.814814814815,1.0,0.791666666667,Pep6,Pep7,Pep8,Pep10,Pep13,,,,
3,0.807545367717,0.701481481481,0.89,0.739073426573,0.809523809524,0.703703703704,0.894736842105,0.739130434783,Pep10,Pep12,Pep15,,,,,,
4,0.807480220571,0.702592592593,0.886315789474,0.741523557904,0.857142857143,0.777777777778,0.947368421053,0.782608695652,Pep6,Pep7,Pep9,Pep10,,,,,
5,0.807370184255,0.701851851852,0.887894736842,0.740236946029,0.878048780488,0.814814814815,0.947368421053,0.818181818182,Pep3,Pep6,Pep7,Pep9,Pep12,,,,
3,0.807330600434,0.704074074074,0.881052631579,0.744993324433,0.829268292683,0.740740740741,0.894736842105,0.772727272727,Pep7,Pep10,Pep12,,,,,,
3,0.807135969142,0.703703703704,0.881052631579,0.744661921708,0.809523809524,0.703703703704,0.894736842105,0.739130434783,Pep9,Pep10,Pep15,,,,,,
6,0.806891600861,0.701111111111,0.887368421053,0.739798157086,0.926829268293,0.888888888889,1.0,0.863636363636,Pep3,Pep6,Pep8,Pep9,Pep10,Pep15,,,
4,0.806521217933,0.701111111111,0.885263157895,0.740642888595,0.883720930233,0.814814814815,1.0,0.791666666667,Pep6,Pep8,Pep13,Pep15,,,,,
4,0.806346243584,0.692592592593,0.909473684211,0.724224643755,0.857142857143,0.777777777778,0.947368421053,0.782608695652,Pep6,Pep7,Pep8,Pep9,,,,,
4,0.806287787183,0.703333333333,0.877368421053,0.745861297539,0.809523809524,0.703703703704,0.894736842105,0.739130434783,Pep9,Pep10,Pep12,Pep15,,,,,
5,0.805562215296,0.69962962963,0.884210526316,0.739762219287,0.883720930233,0.814814814815,1.0,0.791666666667,Pep6,Pep7,Pep8,Pep10,Pep15,,,,
6,0.805548911744,0.698888888889,0.886315789474,0.738272687418,0.926829268293,0.888888888889,1.0,0.863636363636,Pep3,Pep6,Pep7,Pep10,Pep12,Pep15,,,
5,0.805501930502,0.701481481481,0.878421052632,0.74376114082,0.883720930233,0.814814814815,1.0,0.791666666667,Pep8,Pep9,Pep10,Pep12,Pep13,,,,
2,0.805459171871,0.688518518519,0.916315789474,0.718530747008,0.837209302326,0.740740740741,0.947368421053,0.75,Pep9,Pep10,,,,,,,
5,0.805436337625,0.697777777778,0.888947368421,0.736268526591,0.904761904762,0.851851851852,1.0,0.826086956522,Pep3,Pep6,Pep9,Pep12,Pep15,,,,
4,0.805375569954,0.69962962963,0.883157894737,0.740185266873,0.857142857143,0.777777777778,0.947368421053,0.782608695652,Pep7,Pep8,Pep12,Pep13,,,,,
4,0.80534351145,0.697777777778,0.888421052632,0.73647469459,0.878048780488,0.814814814815,0.947368421053,0.818181818182,Pep3,Pep6,Pep12,Pep13,,,,,
5,0.805315924458,0.690740740741,0.908947368421,0.72289660946,0.857142857143,0.777777777778,0.947368421053,0.782608695652,Pep6,Pep8,Pep9,Pep10,Pep13,,,,
5,0.805307599517,0.701111111111,0.878421052632,0.743429844098,0.878048780488,0.814814814815,0.947368421053,0.818181818182,Pep3,Pep8,Pep9,Pep12,Pep13,,,,
5,0.805294825511,0.70037037037,0.880526315789,0.741906873614,0.904761904762,0.851851851852,1.0,0.826086956522,Pep8,Pep9,Pep12,Pep13,Pep15,,,,
4,0.804767580453,0.696666666667,0.888421052632,0.735511982571,0.883720930233,0.814814814815,1.0,0.791666666667,Pep6,Pep8,Pep10,Pep15,,,,,
4,0.804614275415,0.698888888889,0.881052631579,0.740380362671,0.9,0.851851851852,0.947368421053,0.857142857143,Pep3,Pep6,Pep7,Pep13,,,,,
5,0.804542159942,0.70037037037,0.876315789474,0.743635551586,0.857142857143,0.777777777778,0.947368421053,0.782608695652,Pep8,Pep9,Pep10,Pep13,Pep15,,,,
6,0.804431599229,0.699259259259,0.878947368421,0.741563055062,0.926829268293,0.888888888889,1.0,0.863636363636,Pep3,Pep8,Pep9,Pep12,Pep13,Pep15,,,
4,0.804337349398,0.699259259259,0.878421052632,0.741777777778,0.809523809524,0.703703703704,0.894736842105,0.739130434783,Pep7,Pep9,Pep10,Pep15,,,,,
4,0.804285714286,0.695555555556,0.888947368421,0.734347826087,0.883720930233,0.814814814815,1.0,0.791666666667,Pep6,Pep8,Pep12,Pep13,,,,,
5,0.804237900313,0.698888888889,0.878947368421,0.741233910342,0.878048780488,0.814814814815,0.947368421053,0.818181818182,Pep7,Pep8,Pep12,Pep13,Pep15,,,,
5,0.804039432556,0.698148148148,0.88,0.740150509075,0.904761904762,0.851851851852,1.0,0.826086956522,Pep8,Pep10,Pep12,Pep13,Pep15,,,,
4,0.804024916148,0.697037037037,0.883157894737,0.737906772208,0.878048780488,0.814814814815,0.947368421053,0.818181818182,Pep3,Pep7,Pep8,Pep13,,,,,
4,0.803999069984,0.687777777778,0.91,0.720116618076,0.926829268293,0.888888888889,1.0,0.863636363636,Pep3,Pep6,Pep8,Pep13,,,,,
4,0.80393096836,0.697037037037,0.882631578947,0.738116197183,0.809523809524,0.703703703704,0.894736842105,0.739130434783,Pep7,Pep10,Pep12,Pep15,,,,,
2,0.803930744034,0.68962962963,0.904210526316,0.723673125527,0.837209302326,0.740740740741,0.947368421053,0.75,Pep6,Pep10,,,,,,,
5,0.803685329554,0.692222222222,0.895263157895,0.729104157737,0.926829268293,0.888888888889,1.0,0.863636363636,Pep3,Pep6,Pep8,Pep13,Pep15,,,,
4,0.803571428571,0.698518518519,0.876315789474,0.741978609626,0.883720930233,0.814814814815,1.0,0.791666666667,Pep8,Pep10,Pep13,Pep15,,,,,
6,0.803550011993,0.696666666667,0.881578947368,0.738210665491,0.9,0.851851851852,0.947368421053,0.857142857143,Pep3,Pep7,Pep8,Pep12,Pep13,Pep15,,,
6,0.803541517109,0.695925925926,0.883684210526,0.736726634489,0.926829268293,0.888888888889,1.0,0.863636363636,Pep3,Pep6,Pep7,Pep9,Pep12,Pep15,,,
4,0.803487276155,0.691111111111,0.897368421053,0.727389078498,0.9,0.851851851852,0.947368421053,0.857142857143,Pep3,Pep6,Pep7,Pep10,,,,,
4,0.80325904625,0.695925925926,0.882105263158,0.737351517818,0.857142857143,0.777777777778,0.947368421053,0.782608695652,Pep8,Pep10,Pep12,Pep13,,,,,
7,0.802930056711,0.691111111111,0.894210526316,0.728559176672,0.926829268293,0.888888888889,1.0,0.863636363636,Pep3,Pep6,Pep7,Pep8,Pep10,Pep12,Pep15,,
5,0.80286904211,0.684444444444,0.913157894737,0.716350123865,0.904761904762,0.851851851852,1.0,0.826086956522,Pep3,Pep6,Pep7,Pep8,Pep12,,,,
7,0.802857142857,0.693333333333,0.887368421053,0.733043478261,0.926829268293,0.888888888889,1.0,0.863636363636,Pep3,Pep6,Pep7,Pep8,Pep9,Pep12,Pep15,,
4,0.80265095729,0.702222222222,0.860526315789,0.752069917203,0.904761904762,0.851851851852,1.0,0.826086956522,Pep3,Pep9,Pep12,Pep13,,,,,
4,0.802612481858,0.697777777778,0.873157894737,0.742614145031,0.878048780488,0.814814814815,0.947368421053,0.818181818182,Pep3,Pep8,Pep9,Pep13,,,,,
5,0.802612481858,0.697777777778,0.873157894737,0.742614145031,0.883720930233,0.814814814815,1.0,0.791666666667,Pep7,Pep8,Pep9,Pep12,Pep13,,,,
5,0.802434456929,0.687407407407,0.902105263158,0.722596964587,0.857142857143,0.777777777778,0.947368421053,0.782608695652,Pep6,Pep7,Pep8,Pep9,Pep10,,,,
5,0.802424242424,0.698148148148,0.871052631579,0.743820224719,0.883720930233,0.814814814815,1.0,0.791666666667,Pep6,Pep7,Pep8,Pep13,Pep15,,,,
6,0.80229775012,0.694074074074,0.882105263158,0.73573309921,0.904761904762,0.851851851852,1.0,0.826086956522,Pep6,Pep7,Pep8,Pep10,Pep12,Pep15,,,
5,0.801880141011,0.687777777778,0.897894736842,0.724416135881,0.9,0.851851851852,0.947368421053,0.857142857143,Pep3,Pep6,Pep7,Pep8,Pep10,,,,
5,0.801843317972,0.697407407407,0.87,0.74358974359,0.857142857143,0.777777777778,0.947368421053,0.782608695652,Pep7,Pep8,Pep9,Pep13,Pep15,,,,
7,0.801724137931,0.693333333333,0.881052631579,0.735500878735,0.926829268293,0.888888888889,1.0,0.863636363636,Pep3,Pep6,Pep7,Pep8,Pep9,Pep10,Pep15,,
6,0.801613668723,0.69037037037,0.888947368421,0.729904926534,0.926829268293,0.888888888889,1.0,0.863636363636,Pep3,Pep6,Pep8,Pep9,Pep12,Pep15,,,
4,0.801550763266,0.696666666667,0.870526315789,0.742703188145,0.857142857143,0.777777777778,0.947368421053,0.782608695652,Pep7,Pep8,Pep13,Pep15,,,,,
6,0.801541425819,0.694814814815,0.875789473684,0.738898756661,0.904761904762,0.851851851852,1.0,0.826086956522,Pep6,Pep7,Pep8,Pep12,Pep13,Pep15,,,
6,0.801159700411,0.695185185185,0.872631578947,0.740509155873,0.904761904762,0.851851851852,1.0,0.826086956522,Pep8,Pep9,Pep10,Pep12,Pep13,Pep15,,,
5,0.801156905278,0.694444444444,0.874736842105,0.738995108937,0.809523809524,0.703703703704,0.894736842105,0.739130434783,Pep7,Pep9,Pep10,Pep12,Pep15,,,,
4,0.801061007958,0.694444444444,0.874210526316,0.739207832666,0.878048780488,0.814814814815,0.947368421053,0.818181818182,Pep3,Pep6,Pep9,Pep13,,,,,
5,0.801055915527,0.692962962963,0.878421052632,0.736215262461,0.878048780488,0.814814814815,0.947368421053,0.818181818182,Pep3,Pep7,Pep8,Pep12,Pep13,,,,
3,0.800803818136,0.706296296296,0.838947368421,0.765977895243,0.829268292683,0.740740740741,0.894736842105,0.772727272727,Pep9,Pep12,Pep13,,,,,,
2,0.800761723399,0.69,0.885263157895,0.730986527597,0.857142857143,0.777777777778,0.947368421053,0.782608695652,Pep7,Pep10,,,,,,,
6,0.800664451827,0.688888888889,0.887894736842,0.729040622299,0.926829268293,0.888888888889,1.0,0.863636363636,Pep3,Pep6,Pep8,Pep9,Pep10,Pep12,,,
5,0.800386660222,0.694074074074,0.871578947368,0.739946380697,0.878048780488,0.814814814815,0.947368421053,0.818181818182,Pep3,Pep7,Pep8,Pep13,Pep15,,,,
5,0.800292255236,0.696296296296,0.864736842105,0.744786944696,0.904761904762,0.851851851852,1.0,0.826086956522,Pep3,Pep7,Pep9,Pep12,Pep13,,,,
3,0.800194457948,0.695555555556,0.866315789474,0.743450767841,0.829268292683,0.740740740741,0.894736842105,0.772727272727,Pep9,Pep10,Pep12,,,,,,
5,0.799904260412,0.69037037037,0.879473684211,0.733538191396,0.9,0.851851851852,0.947368421053,0.857142857143,Pep3,Pep6,Pep12,Pep13,Pep15,,,,
6,0.799806576402,0.693333333333,0.870526315789,0.739713774597,0.926829268293,0.888888888889,1.0,0.863636363636,Pep3,Pep8,Pep10,Pep12,Pep13,Pep15,,,
5,0.799616030718,0.690740740741,0.876842105263,0.734891927658,0.878048780488,0.814814814815,0.947368421053,0.818181818182,Pep3,Pep6,Pep7,Pep12,Pep13,,,,
6,0.799615107048,0.691481481481,0.874736842105,0.736375719982,0.904761904762,0.851851851852,1.0,0.826086956522,Pep6,Pep8,Pep10,Pep12,Pep13,Pep15,,,
5,0.799248649918,0.683333333333,0.895789473684,0.721492157694,0.926829268293,0.888888888889,1.0,0.863636363636,Pep3,Pep6,Pep8,Pep9,Pep10,,,,
5,0.799149338374,0.685185185185,0.89,0.72512864494,0.9,0.851851851852,0.947368421053,0.857142857143,Pep3,Pep6,Pep7,Pep8,Pep9,,,,
5,0.798958086668,0.685555555556,0.887894736842,0.726216099871,0.926829268293,0.888888888889,1.0,0.863636363636,Pep3,Pep6,Pep9,Pep10,Pep15,,,,
3,0.798847815651,0.68962962963,0.875789473684,0.734333627538,0.857142857143,0.777777777778,0.947368421053,0.782608695652,Pep7,Pep9,Pep13,,,,,,
4,0.798839458414,0.691851851852,0.869473684211,0.738819320215,0.9,0.851851851852,0.947368421053,0.857142857143,Pep3,Pep6,Pep13,Pep15,,,,,
6,0.798836645662,0.692592592593,0.867368421053,0.740341419587,0.878048780488,0.814814814815,0.947368421053,0.818181818182,Pep3,Pep7,Pep8,Pep9,Pep12,Pep13,,,
5,0.798835234166,0.692962962963,0.866315789474,0.741107609185,0.878048780488,0.814814814815,0.947368421053,0.818181818182,Pep3,Pep7,Pep8,Pep9,Pep13,,,,
5,0.798829553767,0.694444444444,0.862105263158,0.744207178555,0.883720930233,0.814814814815,1.0,0.791666666667,Pep7,Pep8,Pep10,Pep13,Pep15,,,,
6,0.798742138365,0.691851851852,0.868947368421,0.73903312444,0.904761904762,0.851851851852,1.0,0.826086956522,Pep7,Pep8,Pep9,Pep12,Pep13,Pep15,,,
5,0.798675183345,0.684814814815,0.888421052632,0.72539750752,0.857142857143,0.777777777778,0.947368421053,0.782608695652,Pep6,Pep7,Pep8,Pep9,Pep15,,,,
6,0.798665713605,0.687037037037,0.882105263158,0.72964736613,0.926829268293,0.888888888889,1.0,0.863636363636,Pep3,Pep6,Pep8,Pep9,Pep13,Pep15,,,
8,0.798664122137,0.687407407407,0.881052631579,0.730366492147,0.926829268293,0.888888888889,1.0,0.863636363636,Pep3,Pep6,Pep7,Pep8,Pep9,Pep10,Pep12,Pep15,
5,0.79861283131,0.698888888889,0.848421052632,0.754328497894,0.926829268293,0.888888888889,1.0,0.863636363636,Pep3,Pep7,Pep10,Pep13,Pep15,,,,
5,0.798321287013,0.67962962963,0.901052631579,0.716617831729,0.926829268293,0.888888888889,1.0,0.863636363636,Pep3,Pep6,Pep7,Pep10,Pep12,,,,
5,0.798262548263,0.69037037037,0.870526315789,0.737076648841,0.883720930233,0.814814814815,1.0,0.791666666667,Pep6,Pep8,Pep10,Pep13,Pep15,,,,
4,0.798153995628,0.692222222222,0.864736842105,0.741091565178,0.829268292683,0.740740740741,0.894736842105,0.772727272727,Pep7,Pep9,Pep10,Pep12,,,,,
6,0.797955209348,0.692592592593,0.862631578947,0.742300724638,0.904761904762,0.851851851852,1.0,0.826086956522,Pep3,Pep7,Pep8,Pep9,Pep13,Pep15,,,
6,0.797859967434,0.678148148148,0.902631578947,0.7148812005,0.926829268293,0.888888888889,1.0,0.863636363636,Pep3,Pep6,Pep7,Pep8,Pep10,Pep12,,,
5,0.797739580881,0.681851851852,0.891578947368,0.721772475501,0.857142857143,0.777777777778,0.947368421053,0.782608695652,Pep6,Pep7,Pep8,Pep9,Pep13,,,,
6,0.797712651894,0.685555555556,0.881052631579,0.728776665215,0.926829268293,0.888888888889,1.0,0.863636363636,Pep3,Pep6,Pep7,Pep9,Pep10,Pep15,,,
4,0.797638724911,0.682592592593,0.888947368421,0.723340471092,0.904761904762,0.851851851852,1.0,0.826086956522,Pep6,Pep8,Pep9,Pep12,,,,,
6,0.797354747284,0.682222222222,0.888421052632,0.72322193659,0.904761904762,0.851851851852,1.0,0.826086956522,Pep3,Pep6,Pep7,Pep8,Pep9,Pep12,,,
5,0.797262213831,0.681851851852,0.888947368421,0.722721437741,0.904761904762,0.851851851852,1.0,0.826086956522,Pep6,Pep7,Pep8,Pep9,Pep12,,,,
7,0.797252486973,0.682962962963,0.885789473684,0.72480620155,0.926829268293,0.888888888889,1.0,0.863636363636,Pep3,Pep6,Pep7,Pep8,Pep9,Pep10,Pep12,,
5,0.797169811321,0.681481481481,0.889473684211,0.722222222222,0.926829268293,0.888888888889,1.0,0.863636363636,Pep3,Pep6,Pep8,Pep9,Pep12,,,,
2,0.797020484171,0.677037037037,0.901052631579,0.714524207012,0.837209302326,0.740740740741,0.947368421053,0.75,Pep6,Pep15,,,,,,,
6,0.796787539547,0.690740740741,0.861578947368,0.741059302852,0.857142857143,0.777777777778,0.947368421053,0.782608695652,Pep7,Pep8,Pep9,Pep10,Pep13,Pep15,,,
4,0.796522556391,0.679259259259,0.892105263158,0.719439728353,0.9,0.851851851852,0.947368421053,0.857142857143,Pep3,Pep6,Pep9,Pep10,,,,,
4,0.796510257015,0.68037037037,0.888947368421,0.721486544212,0.857142857143,0.777777777778,0.947368421053,0.782608695652,Pep6,Pep8,Pep9,Pep15,,,,,
5,0.796193129062,0.674814814815,0.902631578947,0.712209302326,0.904761904762,0.851851851852,1.0,0.826086956522,Pep3,Pep6,Pep8,Pep12,Pep13,,,,
5,0.796140524493,0.694814814815,0.846842105263,0.75116713352,0.904761904762,0.851851851852,1.0,0.826086956522,Pep3,Pep9,Pep12,Pep13,Pep15,,,,
5,0.796116504854,0.688888888889,0.863157894737,0.738738738739,0.904761904762,0.851851851852,1.0,0.826086956522,Pep3,Pep6,Pep9,Pep13,Pep15,,,,
5,0.796022313849,0.688518518519,0.863684210526,0.738191632928,0.878048780488,0.814814814815,0.947368421053,0.818181818182,Pep3,Pep6,Pep7,Pep9,Pep13,,,,
5,0.795942439255,0.67962962963,0.887894736842,0.721248396751,0.9,0.851851851852,0.947368421053,0.857142857143,Pep3,Pep6,Pep7,Pep9,Pep10,,,,
5,0.795754716981,0.679259259259,0.887894736842,0.72094017094,0.904761904762,0.851851851852,1.0,0.826086956522,Pep3,Pep6,Pep8,Pep9,Pep13,,,,
6,0.795556606003,0.67962962963,0.885789473684,0.722007722008,0.926829268293,0.888888888889,1.0,0.863636363636,Pep3,Pep6,Pep8,Pep10,Pep13,Pep15,,,
6,0.795537230172,0.687777777778,0.863157894737,0.737741790373,0.904761904762,0.851851851852,1.0,0.826086956522,Pep3,Pep8,Pep9,Pep10,Pep12,Pep13,,,
6,0.795433364399,0.674814814815,0.898421052632,0.713628762542,0.926829268293,0.888888888889,1.0,0.863636363636,Pep3,Pep6,Pep8,Pep12,Pep13,Pep15,,,
5,0.795299647474,0.677407407407,0.890526315789,0.71847133758,0.926829268293,0.888888888889,1.0,0.863636363636,Pep3,Pep6,Pep9,Pep10,Pep12,,,,
5,0.795292963962,0.690740740741,0.853684210526,0.744378155117,0.904761904762,0.851851851852,1.0,0.826086956522,Pep3,Pep8,Pep10,Pep13,Pep15,,,,
5,0.795186408683,0.678518518519,0.886842105263,0.720701454234,0.883720930233,0.814814814815,1.0,0.791666666667,Pep6,Pep8,Pep9,Pep12,Pep13,,,,
5,0.794884169884,0.685185185185,0.866842105263,0.733957219251,0.878048780488,0.814814814815,0.947368421053,0.818181818182,Pep3,Pep8,Pep10,Pep12,Pep13,,,,
5,0.794817432273,0.677407407407,0.887894736842,0.719402985075,0.926829268293,0.888888888889,1.0,0.863636363636,Pep3,Pep6,Pep8,Pep10,Pep13,,,,
5,0.794673123487,0.685925925926,0.863684210526,0.735874439462,0.883720930233,0.814814814815,1.0,0.791666666667,Pep7,Pep8,Pep10,Pep12,Pep13,,,,
6,0.794653705954,0.687037037037,0.860526315789,0.738148984199,0.878048780488,0.814814814815,0.947368421053,0.818181818182,Pep3,Pep6,Pep7,Pep9,Pep12,Pep13,,,
6,0.794539891739,0.676666666667,0.888421052632,0.718603661132,0.904761904762,0.851851851852,1.0,0.826086956522,Pep6,Pep7,Pep8,Pep9,Pep12,Pep15,,,
6,0.794533918985,0.688148148148,0.856842105263,0.740673339399,0.926829268293,0.888888888889,1.0,0.863636363636,Pep3,Pep8,Pep9,Pep10,Pep13,Pep15,,,
7,0.794480755265,0.685555555556,0.863684210526,0.735544598835,0.926829268293,0.888888888889,1.0,0.863636363636,Pep3,Pep7,Pep8,Pep9,Pep12,Pep13,Pep15,,
3,0.794449670743,0.676296296296,0.888947368421,0.718112244898,0.809523809524,0.703703703704,0.894736842105,0.739130434783,Pep6,Pep9,Pep15,,,,,,
6,0.794443136332,0.676666666667,0.887894736842,0.71878994461,0.926829268293,0.888888888889,1.0,0.863636363636,Pep3,Pep6,Pep9,Pep10,Pep12,Pep15,,,
5,0.794295383128,0.684814814815,0.864736842105,0.734465802414,0.904761904762,0.851851851852,1.0,0.826086956522,Pep3,Pep6,Pep9,Pep12,Pep13,,,,
6,0.794159208667,0.676296296296,0.887368421053,0.718670076726,0.926829268293,0.888888888889,1.0,0.863636363636,Pep3,Pep6,Pep7,Pep8,Pep9,Pep10,,,
4,0.794138842181,0.682592592593,0.87,0.730446310208,0.837209302326,0.740740740741,0.947368421053,0.75,Pep6,Pep9,Pep10,Pep13,,,,,
5,0.794124504547,0.672962962963,0.896315789474,0.71285056509,0.926829268293,0.888888888889,1.0,0.863636363636,Pep3,Pep6,Pep7,Pep8,Pep13,,,,
5,0.794096643656,0.67962962963,0.877894736842,0.724902216428,0.883720930233,0.814814814815,1.0,0.791666666667,Pep6,Pep7,Pep8,Pep12,Pep13,,,,
6,0.794062205467,0.676296296296,0.886842105263,0.71885665529,0.926829268293,0.888888888889,1.0,0.863636363636,Pep3,Pep6,Pep7,Pep9,Pep10,Pep12,,,
6,0.79406037001,0.686666666667,0.858421052632,0.738677536232,0.904761904762,0.851851851852,1.0,0.826086956522,Pep7,Pep8,Pep10,Pep12,Pep13,Pep15,,,
6,0.793950850662,0.677037037037,0.884210526316,0.720411663808,0.904761904762,0.851851851852,1.0,0.826086956522,Pep3,Pep6,Pep8,Pep9,Pep12,Pep13,,,
5,0.793703007519,0.674814814815,0.888947368421,0.716893039049,0.904761904762,0.851851851852,1.0,0.826086956522,Pep6,Pep8,Pep9,Pep12,Pep15,,,,
5,0.793565683646,0.686296296296,0.856842105263,0.73899228325,0.904761904762,0.851851851852,1.0,0.826086956522,Pep3,Pep9,Pep10,Pep12,Pep13,,,,
7,0.793480904889,0.685555555556,0.858421052632,0.737675260063,0.926829268293,0.888888888889,1.0,0.863636363636,Pep3,Pep8,Pep9,Pep10,Pep12,Pep13,Pep15,,
5,0.793470546487,0.676666666667,0.882631578947,0.720670391061,0.857142857143,0.777777777778,0.947368421053,0.782608695652,Pep6,Pep8,Pep9,Pep13,Pep15,,,,
5,0.793233082707,0.674074074074,0.888421052632,0.716468590832,0.904761904762,0.851851851852,1.0,0.826086956522,Pep6,Pep7,Pep8,Pep10,Pep12,,,,
4,0.793230316409,0.687777777778,0.851052631579,0.742765273312,0.9,0.851851851852,0.947368421053,0.857142857143,Pep3,Pep7,Pep10,Pep13,,,,,
6,0.793176972281,0.676666666667,0.881052631579,0.721240844464,0.857142857143,0.777777777778,0.947368421053,0.782608695652,Pep6,Pep7,Pep8,Pep9,Pep10,Pep15,,,
5,0.793095294396,0.675925925926,0.882631578947,0.720051524259,0.857142857143,0.777777777778,0.947368421053,0.782608695652,Pep6,Pep8,Pep9,Pep10,Pep15,,,,
6,0.793078235437,0.685555555556,0.856315789474,0.738538356786,0.883720930233,0.814814814815,1.0,0.791666666667,Pep7,Pep8,Pep9,Pep10,Pep12,Pep13,,,
6,0.79298910469,0.676296296296,0.881052631579,0.720930232558,0.904761904762,0.851851851852,1.0,0.826086956522,Pep6,Pep7,Pep8,Pep9,Pep10,Pep12,,,
5,0.792980792032,0.676666666667,0.88,0.721622788088,0.904761904762,0.851851851852,1.0,0.826086956522,Pep6,Pep8,Pep9,Pep10,Pep12,,,,
6,0.792709599028,0.684074074074,0.858421052632,0.736343115124,0.883720930233,0.814814814815,1.0,0.791666666667,Pep6,Pep7,Pep8,Pep10,Pep13,Pep15,,,
5,0.792659675882,0.677777777778,0.875263157895,0.724303135889,0.883720930233,0.814814814815,1.0,0.791666666667,Pep6,Pep8,Pep10,Pep12,Pep13,,,,
6,0.792628992629,0.687407407407,0.848947368421,0.74331797235,0.926829268293,0.888888888889,1.0,0.863636363636,Pep3,Pep7,Pep8,Pep10,Pep13,Pep15,,,
4,0.792581747194,0.685185185185,0.854736842105,0.738853503185,0.9,0.851851851852,0.947368421053,0.857142857143,Pep3,Pep9,Pep10,Pep13,,,,,
3,0.792569659443,0.677407407407,0.875789473684,0.723792953458,0.857142857143,0.777777777778,0.947368421053,0.782608695652,Pep7,Pep9,Pep10,,,,,,
5,0.792147239264,0.686296296296,0.849473684211,0.742068965517,0.926829268293,0.888888888889,1.0,0.863636363636,Pep3,Pep9,Pep10,Pep13,Pep15,,,,
4,0.7919921875,0.684444444444,0.853684210526,0.738615664845,0.829268292683,0.740740740741,0.894736842105,0.772727272727,Pep7,Pep9,Pep13,Pep15,,,,,
6,0.791943127962,0.674814814815,0.879473684211,0.72025862069,0.904761904762,0.851851851852,1.0,0.826086956522,Pep6,Pep8,Pep9,Pep10,Pep12,Pep15,,,
6,0.791920175225,0.683333333333,0.856315789474,0.736532367587,0.9,0.851851851852,0.947368421053,0.857142857143,Pep3,Pep7,Pep8,Pep9,Pep10,Pep13,,,
6,0.791890571568,0.684444444444,0.853157894737,0.738833181404,0.904761904762,0.851851851852,1.0,0.826086956522,Pep3,Pep7,Pep9,Pep10,Pep12,Pep13,,,
5,0.791727493917,0.682962962963,0.856315789474,0.736199095023,0.9,0.851851851852,0.947368421053,0.857142857143,Pep3,Pep8,Pep9,Pep10,Pep13,,,,
6,0.791514264813,0.683333333333,0.854210526316,0.737392094502,0.926829268293,0.888888888889,1.0,0.863636363636,Pep3,Pep7,Pep9,Pep12,Pep13,Pep15,,,
5,0.791493522366,0.684074074074,0.852105263158,0.738931994523,0.9,0.851851851852,0.947368421053,0.857142857143,Pep3,Pep7,Pep9,Pep10,Pep13,,,,
4,0.791402051783,0.683703703704,0.852631578947,0.73837739289,0.878048780488,0.814814814815,0.947368421053,0.818181818182,Pep3,Pep8,Pep10,Pep13,,,,,
2,0.791384317522,0.680740740741,0.860526315789,0.73252688172,0.809523809524,0.703703703704,0.894736842105,0.739130434783,Pep13,Pep15,,,,,,,
7,0.79121398205,0.672592592593,0.881578947368,0.7176520994,0.926829268293,0.888888888889,1.0,0.863636363636,Pep3,Pep6,Pep7,Pep9,Pep10,Pep12,Pep15,,
3,0.791198501873,0.66962962963,0.889473684211,0.712478920742,0.837209302326,0.740740740741,0.947368421053,0.75,Pep6,Pep10,Pep15,,,,,,
4,0.791143911439,0.685555555556,0.846315789474,0.74272517321,0.926829268293,0.888888888889,1.0,0.863636363636,Pep3,Pep10,Pep13,Pep15,,,,,
7,0.791139240506,0.682222222222,0.855263157895,0.735960144928,0.904761904762,0.851851851852,1.0,0.826086956522,Pep7,Pep8,Pep9,Pep10,Pep12,Pep13,Pep15,,
5,0.791026578883,0.682592592593,0.853684210526,0.736937755566,0.9,0.851851851852,0.947368421053,0.857142857143,Pep3,Pep6,Pep7,Pep13,Pep15,,,,
6,0.791013339574,0.669259259259,0.889473684211,0.71217867678,0.926829268293,0.888888888889,1.0,0.863636363636,Pep3,Pep6,Pep8,Pep10,Pep12,Pep13,,,
3,0.790960451977,0.684814814815,0.847368421053,0.741593735606,0.878048780488,0.814814814815,0.947368421053,0.818181818182,Pep3,Pep10,Pep13,,,,,,
3,0.790900290416,0.68,0.86,0.732078853047,0.809523809524,0.703703703704,0.894736842105,0.739130434783,Pep12,Pep13,Pep15,,,,,,
6,0.790515766316,0.682592592593,0.851052631579,0.738019169329,0.926829268293,0.888888888889,1.0,0.863636363636,Pep3,Pep6,Pep7,Pep9,Pep13,Pep15,,,
7,0.790511977454,0.66962962963,0.885789473684,0.713740458015,0.926829268293,0.888888888889,1.0,0.863636363636,Pep3,Pep6,Pep8,Pep10,Pep12,Pep13,Pep15,,
4,0.79046720151,0.671111111111,0.881578947368,0.716424294269,0.809523809524,0.703703703704,0.894736842105,0.739130434783,Pep6,Pep9,Pep10,Pep15,,,,,
5,0.79044834308,0.681481481481,0.853684210526,0.735934664247,0.904761904762,0.851851851852,1.0,0.826086956522,Pep3,Pep7,Pep10,Pep12,Pep13,,,,
7,0.790334391018,0.681851851852,0.852105263158,0.7369139736,0.926829268293,0.888888888889,1.0,0.863636363636,Pep3,Pep7,Pep8,Pep10,Pep12,Pep13,Pep15,,
4,0.790291262136,0.68,0.856842105263,0.733333333333,0.904761904762,0.851851851852,1.0,0.826086956522,Pep3,Pep10,Pep12,Pep13,,,,,
6,0.790275049116,0.683703703704,0.846842105263,0.740791896869,0.926829268293,0.888888888889,1.0,0.863636363636,Pep3,Pep7,Pep9,Pep10,Pep13,Pep15,,,
7,0.790223065971,0.672592592593,0.876315789474,0.719533275713,0.904761904762,0.851851851852,1.0,0.826086956522,Pep6,Pep7,Pep8,Pep9,Pep10,Pep12,Pep15,,
3,0.789928412738,0.684814814815,0.842105263158,0.743840074384,0.829268292683,0.740740740741,0.894736842105,0.772727272727,Pep7,Pep12,Pep13,,,,,,
4,0.789878442074,0.686296296296,0.837894736842,0.747067104646,0.829268292683,0.740740740741,0.894736842105,0.772727272727,Pep7,Pep9,Pep12,Pep13,,,,,
6,0.789741108154,0.678148148148,0.858947368421,0.730855351545,0.9,0.851851851852,0.947368421053,0.857142857143,Pep3,Pep6,Pep7,Pep12,Pep13,Pep15,,,
6,0.789716226049,0.678888888889,0.856842105263,0.732343679712,0.904761904762,0.851851851852,1.0,0.826086956522,Pep3,Pep7,Pep8,Pep10,Pep12,Pep13,,,
3,0.789697424356,0.688518518519,0.831052631579,0.752262982373,0.829268292683,0.740740740741,0.894736842105,0.772727272727,Pep10,Pep12,Pep13,,,,,,
6,0.789673140692,0.671111111111,0.877368421053,0.717915590009,0.857142857143,0.777777777778,0.947368421053,0.782608695652,Pep6,Pep7,Pep8,Pep9,Pep10,Pep13,,,
6,0.789660896372,0.671481481481,0.876315789474,0.718601640052,0.904761904762,0.851851851852,1.0,0.826086956522,Pep6,Pep8,Pep9,Pep10,Pep12,Pep13,,,
3,0.789562696303,0.677407407407,0.86,0.729790084859,0.857142857143,0.777777777778,0.947368421053,0.782608695652,Pep6,Pep7,Pep13,,,,,,
7,0.789512374418,0.681851851852,0.847894736842,0.738651994498,0.926829268293,0.888888888889,1.0,0.863636363636,Pep3,Pep7,Pep8,Pep9,Pep10,Pep13,Pep15,,
7,0.78946119155,0.671481481481,0.875263157895,0.718979680069,0.926829268293,0.888888888889,1.0,0.863636363636,Pep3,Pep6,Pep8,Pep9,Pep10,Pep12,Pep13,,
6,0.789423984891,0.66962962963,0.88,0.715753424658,0.926829268293,0.888888888889,1.0,0.863636363636,Pep3,Pep6,Pep8,Pep9,Pep10,Pep13,,,
7,0.789268292683,0.68,0.851578947368,0.735454545455,0.904761904762,0.851851851852,1.0,0.826086956522,Pep3,Pep7,Pep8,Pep9,Pep10,Pep12,Pep13,,
7,0.789248334919,0.671851851852,0.873157894737,0.720052083333,0.926829268293,0.888888888889,1.0,0.863636363636,Pep3,Pep6,Pep8,Pep9,Pep12,Pep13,Pep15,,
5,0.789152211092,0.68037037037,0.85,0.736434108527,0.926829268293,0.888888888889,1.0,0.863636363636,Pep3,Pep10,Pep12,Pep13,Pep15,,,,
6,0.788986470449,0.670740740741,0.874736842105,0.718547341115,0.857142857143,0.777777777778,0.947368421053,0.782608695652,Pep6,Pep8,Pep9,Pep10,Pep13,Pep15,,,
5,0.78870496592,0.678518518519,0.852631578947,0.733695652174,0.878048780488,0.814814814815,0.947368421053,0.818181818182,Pep3,Pep7,Pep8,Pep10,Pep13,,,,
3,0.788546255507,0.68,0.847894736842,0.736962488564,0.809523809524,0.703703703704,0.894736842105,0.739130434783,Pep9,Pep13,Pep15,,,,,,
6,0.788511749347,0.67,0.874210526316,0.718115002162,0.883720930233,0.814814814815,1.0,0.791666666667,Pep6,Pep7,Pep8,Pep9,Pep12,Pep13,,,
7,0.788452207666,0.677037037037,0.855263157895,0.731323132313,0.904761904762,0.851851851852,1.0,0.826086956522,Pep6,Pep7,Pep8,Pep10,Pep12,Pep13,Pep15,,
6,0.788369876072,0.671111111111,0.870526315789,0.720383275261,0.857142857143,0.777777777778,0.947368421053,0.782608695652,Pep6,Pep7,Pep8,Pep9,Pep13,Pep15,,,
7,0.788210125981,0.67,0.872631578947,0.718682271348,0.926829268293,0.888888888889,1.0,0.863636363636,Pep3,Pep6,Pep8,Pep9,Pep10,Pep13,Pep15,,
2,0.788087056128,0.657407407407,0.905263157895,0.697768762677,0.818181818182,0.703703703704,0.947368421053,0.72,Pep9,Pep13,,,,,,,
6,0.787535410765,0.666666666667,0.877894736842,0.71404109589,0.904761904762,0.851851851852,1.0,0.826086956522,Pep6,Pep8,Pep9,Pep12,Pep13,Pep15,,,
3,0.787363304982,0.675925925926,0.852631578947,0.731376975169,0.809523809524,0.703703703704,0.894736842105,0.739130434783,Pep7,Pep13,Pep15,,,,,,
5,0.787312515368,0.67962962963,0.842631578947,0.738809413936,0.85,0.777777777778,0.894736842105,0.809523809524,Pep6,Pep7,Pep9,Pep12,Pep13,,,,
6,0.787270501836,0.678148148148,0.846315789474,0.735926773455,0.926829268293,0.888888888889,1.0,0.863636363636,Pep3,Pep7,Pep10,Pep12,Pep13,Pep15,,,
7,0.786495020646,0.674444444444,0.852105263158,0.730266125395,0.926829268293,0.888888888889,1.0,0.863636363636,Pep3,Pep6,Pep7,Pep9,Pep12,Pep13,Pep15,,
6,0.78637922587,0.677037037037,0.844736842105,0.735563703025,0.926829268293,0.888888888889,1.0,0.863636363636,Pep3,Pep9,Pep10,Pep12,Pep13,Pep15,,,
8,0.785626986067,0.675185185185,0.845789473684,0.733455043359,0.926829268293,0.888888888889,1.0,0.863636363636,Pep3,Pep7,Pep8,Pep9,Pep10,Pep12,Pep13,Pep15,
7,0.785495643984,0.662592592593,0.877894736842,0.710694503622,0.926829268293,0.888888888889,1.0,0.863636363636,Pep3,Pep6,Pep7,Pep8,Pep12,Pep13,Pep15,,
4,0.785210411092,0.672962962963,0.849473684211,0.729986431479,0.809523809524,0.703703703704,0.894736842105,0.739130434783,Pep7,Pep12,Pep13,Pep15,,,,,
7,0.785082476691,0.667037037037,0.864210526316,0.719229084538,0.926829268293,0.888888888889,1.0,0.863636363636,Pep3,Pep6,Pep7,Pep8,Pep9,Pep13,Pep15,,
4,0.784914841849,0.672592592593,0.848947368421,0.729864253394,0.857142857143,0.777777777778,0.947368421053,0.782608695652,Pep6,Pep7,Pep9,Pep13,,,,,
7,0.784743742551,0.665555555556,0.866315789474,0.717211328976,0.904761904762,0.851851851852,1.0,0.826086956522,Pep3,Pep6,Pep7,Pep8,Pep9,Pep12,Pep13,,
6,0.78469581749,0.664444444444,0.868947368421,0.715337954939,0.926829268293,0.888888888889,1.0,0.863636363636,Pep3,Pep6,Pep7,Pep8,Pep9,Pep13,,,
7,0.78449096099,0.664444444444,0.867894736842,0.715711805556,0.904761904762,0.851851851852,1.0,0.826086956522,Pep6,Pep8,Pep9,Pep10,Pep12,Pep13,Pep15,,
6,0.784341303329,0.659259259259,0.880526315789,0.707100591716,0.904761904762,0.851851851852,1.0,0.826086956522,Pep3,Pep6,Pep7,Pep8,Pep12,Pep13,,,
8,0.784285714286,0.664444444444,0.866842105263,0.716086956522,0.926829268293,0.888888888889,1.0,0.863636363636,Pep3,Pep6,Pep8,Pep9,Pep10,Pep12,Pep13,Pep15,
7,0.784035259549,0.673333333333,0.842631578947,0.733058608059,0.926829268293,0.888888888889,1.0,0.863636363636,Pep3,Pep7,Pep9,Pep10,Pep12,Pep13,Pep15,,
4,0.783731125183,0.671111111111,0.846842105263,0.729374433364,0.809523809524,0.703703703704,0.894736842105,0.739130434783,Pep10,Pep12,Pep13,Pep15,,,,,
6,0.783665532329,0.67037037037,0.848421052632,0.728093947606,0.926829268293,0.888888888889,1.0,0.863636363636,Pep3,Pep6,Pep9,Pep12,Pep13,Pep15,,,
3,0.783349561831,0.67037037037,0.846842105263,0.728713768116,0.829268292683,0.740740740741,0.894736842105,0.772727272727,Pep6,Pep12,Pep13,,,,,,
2,0.783126787417,0.662962962963,0.864736842105,0.715592334495,0.857142857143,0.777777777778,0.947368421053,0.782608695652,Pep7,Pep13,,,,,,,
5,0.783114992722,0.668888888889,0.849473684211,0.726372637264,0.926829268293,0.888888888889,1.0,0.863636363636,Pep3,Pep6,Pep10,Pep13,Pep15,,,,
3,0.783066361556,0.648888888889,0.900526315789,0.692712550607,0.809523809524,0.703703703704,0.894736842105,0.739130434783,Pep6,Pep12,Pep15,,,,,,
5,0.78305582762,0.671851851852,0.841578947368,0.732142857143,0.829268292683,0.740740740741,0.894736842105,0.772727272727,Pep7,Pep9,Pep12,Pep13,Pep15,,,,
7,0.783021105051,0.661111111111,0.868947368421,0.712559343979,0.904761904762,0.851851851852,1.0,0.826086956522,Pep6,Pep7,Pep8,Pep9,Pep12,Pep13,Pep15,,
4,0.782629791363,0.668148148148,0.848947368421,0.725922592259,0.829268292683,0.740740740741,0.894736842105,0.772727272727,Pep6,Pep7,Pep12,Pep13,,,,,
8,0.782400765184,0.662962962963,0.861052631579,0.716914986854,0.926829268293,0.888888888889,1.0,0.863636363636,Pep3,Pep6,Pep7,Pep8,Pep9,Pep12,Pep13,Pep15,
6,0.782258064516,0.66,0.867894736842,0.712003454231,0.926829268293,0.888888888889,1.0,0.863636363636,Pep3,Pep6,Pep7,Pep8,Pep13,Pep15,,,
7,0.782213722209,0.662592592593,0.861052631579,0.716600963644,0.857142857143,0.777777777778,0.947368421053,0.782608695652,Pep6,Pep7,Pep8,Pep9,Pep10,Pep13,Pep15,,
4,0.782185446581,0.668518518519,0.845789473684,0.727478497057,0.857142857143,0.777777777778,0.947368421053,0.782608695652,Pep6,Pep7,Pep10,Pep13,,,,,
3,0.781688520819,0.648518518519,0.894210526316,0.69431957499,0.809523809524,0.703703703704,0.894736842105,0.739130434783,Pep6,Pep7,Pep15,,,,,,
4,0.78156410885,0.67,0.838947368421,0.731528223956,0.809523809524,0.703703703704,0.894736842105,0.739130434783,Pep9,Pep12,Pep13,Pep15,,,,,
4,0.78141809291,0.668888888889,0.841052631579,0.729680365297,0.829268292683,0.740740740741,0.894736842105,0.772727272727,Pep7,Pep10,Pep13,Pep15,,,,,
4,0.781349693252,0.67,0.837894736842,0.731954022989,0.809523809524,0.703703703704,0.894736842105,0.739130434783,Pep9,Pep10,Pep13,Pep15,,,,,
7,0.780884109916,0.66037037037,0.86,0.715098468271,0.904761904762,0.851851851852,1.0,0.826086956522,Pep6,Pep7,Pep8,Pep9,Pep10,Pep12,Pep13,,
6,0.78076648417,0.658888888889,0.863157894737,0.71273359409,0.883720930233,0.814814814815,1.0,0.791666666667,Pep6,Pep7,Pep8,Pep10,Pep12,Pep13,,,
4,0.780634700023,0.649259259259,0.886842105263,0.697145221349,0.809523809524,0.703703703704,0.894736842105,0.739130434783,Pep6,Pep7,Pep9,Pep15,,,,,
5,0.780608459065,0.671481481481,0.830526315789,0.736350909939,0.829268292683,0.740740740741,0.894736842105,0.772727272727,Pep6,Pep9,Pep10,Pep12,Pep13,,,,
6,0.780584447746,0.671851851852,0.829473684211,0.737137511693,0.85,0.777777777778,0.894736842105,0.809523809524,Pep6,Pep7,Pep9,Pep10,Pep12,Pep13,,,
5,0.780036968577,0.647407407407,0.888421052632,0.695222405272,0.809523809524,0.703703703704,0.894736842105,0.739130434783,Pep6,Pep7,Pep9,Pep12,Pep15,,,,
4,0.77995843916,0.647037037037,0.888947368421,0.694775812423,0.809523809524,0.703703703704,0.894736842105,0.739130434783,Pep6,Pep9,Pep12,Pep15,,,,,
7,0.779807692308,0.660740740741,0.853684210526,0.717699115044,0.926829268293,0.888888888889,1.0,0.863636363636,Pep3,Pep6,Pep7,Pep8,Pep10,Pep13,Pep15,,
3,0.77967711301,0.656296296296,0.864210526316,0.710207612457,0.837209302326,0.740740740741,0.947368421053,0.75,Pep6,Pep9,Pep13,,,,,,
3,0.779462102689,0.665925925926,0.838947368421,0.727853881279,0.809523809524,0.703703703704,0.894736842105,0.739130434783,Pep10,Pep13,Pep15,,,,,,
7,0.779394228476,0.657407407407,0.86,0.712603576101,0.926829268293,0.888888888889,1.0,0.863636363636,Pep3,Pep6,Pep7,Pep8,Pep9,Pep10,Pep13,,
5,0.779246206559,0.665925925926,0.837894736842,0.728270814273,0.878048780488,0.814814814815,0.947368421053,0.818181818182,Pep6,Pep7,Pep9,Pep10,Pep13,,,,
1,0.779101741522,0.642962962963,0.894736842105,0.689935064935,0.790697674419,0.666666666667,0.894736842105,0.708333333333,Pep10,,,,,,,,
4,0.778806108283,0.645925925926,0.885789473684,0.694880264244,0.809523809524,0.703703703704,0.894736842105,0.739130434783,Pep6,Pep7,Pep10,Pep15,,,,,
5,0.778551532033,0.646666666667,0.882631578947,0.696428571429,0.809523809524,0.703703703704,0.894736842105,0.739130434783,Pep6,Pep7,Pep9,Pep10,Pep15,,,,
4,0.778108541333,0.641111111111,0.894210526316,0.688690717471,0.809523809524,0.703703703704,0.894736842105,0.739130434783,Pep6,Pep7,Pep12,Pep15,,,,,
8,0.777884155098,0.656296296296,0.855263157895,0.713345039508,0.926829268293,0.888888888889,1.0,0.863636363636,Pep3,Pep6,Pep7,Pep8,Pep9,Pep10,Pep12,Pep13,
8,0.777724665392,0.655555555556,0.856315789474,0.71234676007,0.904761904762,0.851851851852,1.0,0.826086956522,Pep6,Pep7,Pep8,Pep9,Pep10,Pep12,Pep13,Pep15,
6,0.777643358335,0.65962962963,0.845789473684,0.719659650694,0.926829268293,0.888888888889,1.0,0.863636363636,Pep3,Pep6,Pep7,Pep10,Pep13,Pep15,,,
5,0.777532499387,0.664074074074,0.834210526316,0.728066146073,0.829268292683,0.740740740741,0.894736842105,0.772727272727,Pep7,Pep9,Pep10,Pep13,Pep15,,,,
5,0.777390090719,0.645555555556,0.879473684211,0.696540225094,0.809523809524,0.703703703704,0.894736842105,0.739130434783,Pep6,Pep9,Pep10,Pep12,Pep15,,,,
6,0.777325998565,0.655185185185,0.855263157895,0.712406839106,0.926829268293,0.888888888889,1.0,0.863636363636,Pep3,Pep6,Pep9,Pep10,Pep12,Pep13,,,
4,0.777063766683,0.665925925926,0.827368421053,0.732525629077,0.829268292683,0.740740740741,0.894736842105,0.772727272727,Pep6,Pep9,Pep12,Pep13,,,,,
4,0.776476213244,0.653703703704,0.854736842105,0.711344721857,0.9,0.851851851852,0.947368421053,0.857142857143,Pep3,Pep6,Pep10,Pep13,,,,,
2,0.776409284699,0.65037037037,0.862631578947,0.705857019811,0.837209302326,0.740740740741,0.947368421053,0.75,Pep6,Pep13,,,,,,,
3,0.776318930532,0.652962962963,0.855789473684,0.710353866317,0.857142857143,0.777777777778,0.947368421053,0.782608695652,Pep7,Pep10,Pep13,,,,,,
8,0.776097912167,0.654444444444,0.851052631579,0.713277459197,0.926829268293,0.888888888889,1.0,0.863636363636,Pep3,Pep6,Pep7,Pep8,Pep9,Pep10,Pep13,Pep15,
5,0.776060829041,0.661851851852,0.832631578947,0.726688102894,0.809523809524,0.703703703704,0.894736842105,0.739130434783,Pep7,Pep10,Pep12,Pep13,Pep15,,,,
5,0.776031434185,0.662222222222,0.831578947368,0.72744014733,0.85,0.777777777778,0.894736842105,0.809523809524,Pep6,Pep7,Pep10,Pep12,Pep13,,,,
6,0.775737857309,0.642592592593,0.878421052632,0.694548481065,0.809523809524,0.703703703704,0.894736842105,0.739130434783,Pep6,Pep7,Pep9,Pep10,Pep12,Pep15,,,
6,0.775529635801,0.650740740741,0.857368421053,0.707953063885,0.9,0.851851851852,0.947368421053,0.857142857143,Pep3,Pep6,Pep7,Pep8,Pep10,Pep13,,,
5,0.775451950523,0.65037037037,0.857894736842,0.707465277778,0.9,0.851851851852,0.947368421053,0.857142857143,Pep3,Pep6,Pep9,Pep10,Pep13,,,,
5,0.775245862317,0.652962962963,0.850526315789,0.712208021155,0.9,0.851851851852,0.947368421053,0.857142857143,Pep3,Pep6,Pep7,Pep10,Pep13,,,,
7,0.775245862317,0.652962962963,0.850526315789,0.712208021155,0.926829268293,0.888888888889,1.0,0.863636363636,Pep3,Pep6,Pep7,Pep9,Pep10,Pep12,Pep13,,
1,0.775102226261,0.633333333333,0.897894736842,0.681854516387,0.844444444444,0.740740740741,1.0,0.730769230769,Pep13,,,,,,,,
4,0.77508650519,0.638888888889,0.884210526316,0.689938398357,0.837209302326,0.740740740741,0.947368421053,0.75,Pep6,Pep10,Pep12,Pep15,,,,,
3,0.774044032445,0.638888888889,0.878947368421,0.691511387164,0.837209302326,0.740740740741,0.947368421053,0.75,Pep9,Pep10,Pep13,,,,,,
5,0.773622047244,0.659259259259,0.827368421053,0.726432532348,0.809523809524,0.703703703704,0.894736842105,0.739130434783,Pep9,Pep10,Pep12,Pep13,Pep15,,,,
7,0.773244781784,0.645925925926,0.857894736842,0.703799654577,0.926829268293,0.888888888889,1.0,0.863636363636,Pep3,Pep6,Pep7,Pep8,Pep10,Pep12,Pep13,,
4,0.773142433967,0.65962962963,0.824210526316,0.728033472803,0.829268292683,0.740740740741,0.894736842105,0.772727272727,Pep7,Pep10,Pep12,Pep13,,,,,
5,0.772946859903,0.634444444444,0.884210526316,0.686554965264,0.809523809524,0.703703703704,0.894736842105,0.739130434783,Pep6,Pep7,Pep10,Pep12,Pep15,,,,
5,0.772921615202,0.645925925926,0.856315789474,0.704329004329,0.904761904762,0.851851851852,1.0,0.826086956522,Pep3,Pep6,Pep10,Pep12,Pep13,,,,
6,0.772879731672,0.648888888889,0.848947368421,0.709322779244,0.926829268293,0.888888888889,1.0,0.863636363636,Pep3,Pep6,Pep9,Pep10,Pep13,Pep15,,,
9,0.772738180946,0.649259259259,0.847368421053,0.710189677989,0.926829268293,0.888888888889,1.0,0.863636363636,Pep3,Pep6,Pep7,Pep8,Pep9,Pep10,Pep12,Pep13,Pep15
6,0.771796093378,0.645185185185,0.852631578947,0.704960835509,0.904761904762,0.851851851852,1.0,0.826086956522,Pep3,Pep6,Pep7,Pep10,Pep12,Pep13,,,
4,0.771731100714,0.656666666667,0.824736842105,0.7251272559,0.829268292683,0.740740740741,0.894736842105,0.772727272727,Pep6,Pep10,Pep12,Pep13,,,,,
6,0.771578445398,0.645185185185,0.851578947368,0.705318221447,0.9,0.851851851852,0.947368421053,0.857142857143,Pep3,Pep6,Pep7,Pep9,Pep10,Pep13,,,
8,0.771401243424,0.645925925926,0.848947368421,0.706836108677,0.926829268293,0.888888888889,1.0,0.863636363636,Pep3,Pep6,Pep7,Pep8,Pep10,Pep12,Pep13,Pep15,
6,0.770889487871,0.653703703704,0.827894736842,0.721228794131,0.829268292683,0.740740740741,0.894736842105,0.772727272727,Pep7,Pep9,Pep10,Pep12,Pep13,Pep15,,,
6,0.77022190408,0.643333333333,0.849473684211,0.704495853339,0.926829268293,0.888888888889,1.0,0.863636363636,Pep3,Pep6,Pep10,Pep12,Pep13,Pep15,,,
7,0.768824940048,0.642962962963,0.843684210526,0.706167400881,0.926829268293,0.888888888889,1.0,0.863636363636,Pep3,Pep6,Pep7,Pep9,Pep10,Pep13,Pep15,,
4,0.767852699677,0.654444444444,0.812105263158,0.728173666824,0.829268292683,0.740740740741,0.894736842105,0.772727272727,Pep9,Pep10,Pep12,Pep13,,,,,
7,0.767831498325,0.640740740741,0.844210526316,0.70412642669,0.926829268293,0.888888888889,1.0,0.863636363636,Pep3,Pep6,Pep9,Pep10,Pep12,Pep13,Pep15,,
3,0.767763471626,0.639259259259,0.847368421053,0.701830863121,0.809523809524,0.703703703704,0.894736842105,0.739130434783,Pep6,Pep13,Pep15,,,,,,
7,0.766467065868,0.638888888889,0.842105263158,0.703296703297,0.926829268293,0.888888888889,1.0,0.863636363636,Pep3,Pep6,Pep7,Pep10,Pep12,Pep13,Pep15,,
5,0.766434262948,0.652592592593,0.81,0.727315689981,0.829268292683,0.740740740741,0.894736842105,0.772727272727,Pep7,Pep9,Pep10,Pep12,Pep13,,,,
3,0.765213224724,0.637037037037,0.840526315789,0.702286719437,0.837209302326,0.740740740741,0.947368421053,0.75,Pep6,Pep10,Pep13,,,,,,
4,0.765016818837,0.637777777778,0.837894736842,0.703801945181,0.809523809524,0.703703703704,0.894736842105,0.739130434783,Pep6,Pep9,Pep13,Pep15,,,,,
8,0.764917325665,0.636666666667,0.84,0.702155741311,0.926829268293,0.888888888889,1.0,0.863636363636,Pep3,Pep6,Pep7,Pep9,Pep10,Pep12,Pep13,Pep15,
5,0.763741562199,0.637037037037,0.833684210526,0.70462633452,0.809523809524,0.703703703704,0.894736842105,0.739130434783,Pep6,Pep9,Pep10,Pep13,Pep15,,,,
4,0.76217765043,0.631111111111,0.84,0.697552447552,0.857142857143,0.777777777778,0.947368421053,0.782608695652,Pep7,Pep9,Pep10,Pep13,,,,,
4,0.761082594494,0.620740740741,0.858421052632,0.683570829841,0.809523809524,0.703703703704,0.894736842105,0.739130434783,Pep6,Pep12,Pep13,Pep15,,,,,
5,0.76071596797,0.623703703704,0.85,0.688405797101,0.829268292683,0.740740740741,0.894736842105,0.772727272727,Pep6,Pep7,Pep9,Pep13,Pep15,,,,
4,0.757440824936,0.616666666667,0.850526315789,0.682720743557,0.809523809524,0.703703703704,0.894736842105,0.739130434783,Pep6,Pep7,Pep13,Pep15,,,,,
6,0.754269449715,0.616296296296,0.836842105263,0.686528497409,0.829268292683,0.740740740741,0.894736842105,0.772727272727,Pep6,Pep7,Pep9,Pep10,Pep13,Pep15,,,
5,0.754144291385,0.61,0.85,0.67771716324,0.809523809524,0.703703703704,0.894736842105,0.739130434783,Pep6,Pep7,Pep12,Pep13,Pep15,,,,
4,0.752838849964,0.621111111111,0.82,0.695846359982,0.809523809524,0.703703703704,0.894736842105,0.739130434783,Pep6,Pep10,Pep13,Pep15,,,,,
6,0.752713544125,0.611851851852,0.839473684211,0.682207014542,0.829268292683,0.740740740741,0.894736842105,0.772727272727,Pep6,Pep7,Pep9,Pep12,Pep13,Pep15,,,
5,0.752297902428,0.610740740741,0.84,0.681177976953,0.829268292683,0.740740740741,0.894736842105,0.772727272727,Pep6,Pep7,Pep10,Pep13,Pep15,,,,
5,0.748875739645,0.607037037037,0.832631578947,0.680430107527,0.809523809524,0.703703703704,0.894736842105,0.739130434783,Pep6,Pep9,Pep12,Pep13,Pep15,,,,
7,0.745368171021,0.602962962963,0.825789473684,0.679220779221,0.829268292683,0.740740740741,0.894736842105,0.772727272727,Pep6,Pep7,Pep9,Pep10,Pep12,Pep13,Pep15,,
6,0.743699476938,0.600740740741,0.823157894737,0.678230702515,0.809523809524,0.703703703704,0.894736842105,0.739130434783,Pep6,Pep9,Pep10,Pep12,Pep13,Pep15,,,
6,0.743045733145,0.596296296296,0.829473684211,0.67292912041,0.829268292683,0.740740740741,0.894736842105,0.772727272727,Pep6,Pep7,Pep10,Pep12,Pep13,Pep15,,,
5,0.738820171265,0.593333333333,0.817368421053,0.674045138889,0.809523809524,0.703703703704,0.894736842105,0.739130434783,Pep6,Pep10,Pep12,Pep13,Pep15,,,,
2,0.733222670145,0.583333333333,0.813684210526,0.667242123435,0.8,0.666666666667,0.947368421053,0.692307692308,Pep10,Pep13,,,,,,,
